ID_HOGAR,DIRECTORIO,SECUENCIA_P,logro_educativo,analfabetismo,inasistencia_escolar,rezago_escolar,atencion_integral,trabajo_infantil,desempleo_larga_duracion,empleo_formal,aseguramiento_salud,barreras_acceso_salud,acueducto,alcantarillado,pisos,paredes,hacinamiento,PERSONAS,FEX_C,IPM,POBRE
8369621_1,8369621,1,0,0,0,0,0,0,0,1,0,0,0,0,0,0,0,5,2146.47608323962,0.1,0
8369622_1,8369622,1,1,0,0,0,0,0,1,1,0,0,0,0,0,0,0,1,1562.48033716786,0.3,0
8369623_1,8369623,1,0,0,0,0,0,0,1,1,0,0,0,0,0,0,0,3,1467.96265558355,0.2,0
8369624_1,8369624,1,0,0,0,0,0,0,0,0,0,0,0,0,0,0,0,2,2382.69438802828,0.0,0
8370089_1,8370089,1,1,0,0,0,0,0,1,1,0,0,0,0,0,0,0,3,1272.81000781617,0.3,0
8370090_1,8370090,1,0,0,0,1,0,0,0,0,0,0,0,0,0,0,0,4,2240.19414003997,0.05,0
8370091_1,8370091,1,1,0,0,0,0,0,1,1,0,0,0,0,0,0,0,1,1425.2662492768,0.3,0
8370092_1,8370092,1,0,0,0,0,0,0,0,0,0,1,0,0,0,0,0,3,2037.24997533625,0.1,0
8370093_1,8370093,1,0,0,0,0,0,0,0,0,0,1,0,0,0,0,0,2,2037.60997787586,0.1,0
8370095_1,8370095,1,0,0,0,0,0,0,0,0,0,0,0,0,0,0,0,3,1272.81000781617,0.0,0
8370097_1,8370097,1,0,0,0,0,0,0,0,0,0,0,0,0,0,0,0,2,3627.46839711787,0.0,0
8370098_1,8370098,1,1,0,0,0,0,0,0,1,0,0,0,0,0,0,0,2,2567.76698367682,0.2,0
8370099_1,8370099,1,1,1,0,0,0,0,0,1,1,0,0,0,0,0,0,2,2912.48316164097,0.4,1
8370100_1,8370100,1,0,0,0,0,0,0,0,0,0,0,0,0,0,0,0,2,2266.56918000486,0.0,0
8370101_1,8370101,1,1,0,0,0,0,0,0,1,1,0,0,0,0,0,0,1,2349.06137994,0.3,0
8370102_1,8370102,1,0,0,0,0,1,0,0,0,0,0,0,0,0,0,0,3,3615.7069453214,0.05,0
8370103_1,8370103,1,0,0,0,0,0,0,0,1,0,0,0,0,0,0,0,3,1826.01754977192,0.1,0
8370105_1,8370105,1,0,0,0,0,0,0,0,0,0,0,0,0,0,0,0,3,3615.7069453214,0.0,0
8370106_1,8370106,1,0,0,0,0,0,0,0,1,0,0,0,0,0,0,0,4,3678.89461666834,0.1,0
8370107_1,8370107,1,0,0,0,0,0,0,0,0,0,0,0,0,0,0,0,4,3089.89030959815,0.0,0
8371729_1,8371729,1,0,0,0,0,0,0,0,0,0,0,0,0,0,0,0,1,1660.37676086619,0.0,0
8371731_1,8371731,1,0,0,0,1,0,0,0,0,0,0,0,0,0,0,0,2,1859.99972552641,0.05,0
8371732_1,8371732,1,1,0,0,0,0,0,1,1,0,1,0,0,0,0,0,1,1562.48033716786,0.4,1
8371733_1,8371733,1,1,0,0,0,0,0,1,0,0,0,0,0,0,0,0,2,1581.21742355293,0.2,0
8371734_1,8371734,1,0,0,0,0,0,0,0,0,0,0,0,0,0,0,0,3,2374.96890509568,0.0,0
8371736_1,8371736,1,0,0,0,0,0,0,0,1,1,0,0,0,0,0,0,2,2959.61344902084,0.2,0
8371737_1,8371737,1,1,0,0,0,0,0,0,1,1,0,0,0,0,0,0,4,2527.18890965836,0.3,0
8371738_1,8371738,1,0,0,0,0,1,0,0,1,0,1,0,0,0,0,0,4,3114.57712766707,0.25,0
8371739_1,8371739,1,0,0,0,0,0,0,0,0,0,0,0,0,0,0,0,3,1200.48555309421,0.0,0
8371740_1,8371740,1,0,0,0,0,0,0,0,1,0,0,0,0,0,0,0,3,1798.27061475652,0.1,0
8371741_1,8371741,1,0,0,0,1,0,0,0,0,0,0,0,0,0,0,0,3,2244.75825470047,0.05,0
8371742_1,8371742,1,1,0,0,0,0,0,0,0,0,0,0,0,0,0,0,3,2657.77474848958,0.1,0
8371743_1,8371743,1,1,0,0,1,0,1,0,1,0,1,0,0,0,0,0,2,2394.47653323124,0.4,1
8371744_1,8371744,1,0,0,0,0,0,0,0,0,0,0,0,0,0,0,0,3,3222.55983575657,0.0,0
8371745_1,8371745,1,0,0,0,0,0,0,0,1,0,0,0,0,0,0,0,2,2937.6433615665,0.1,0
8371746_1,8371746,1,1,0,0,0,0,0,0,0,0,0,0,0,0,0,0,3,2265.92828314556,0.1,0
8371747_1,8371747,1,0,0,0,0,0,0,0,1,0,0,0,0,0,0,0,9,2240.90422660533,0.1,0
8371748_1,8371748,1,1,0,0,0,0,0,1,0,0,0,0,0,0,0,0,1,1944.89185522712,0.2,0
8371749_1,8371749,1,0,0,0,0,0,0,0,1,0,0,0,0,0,0,0,2,1714.22252212629,0.1,0
8371750_1,8371750,1,1,0,0,0,0,0,1,1,0,0,0,0,0,0,0,2,1442.35787993554,0.3,0
8371751_1,8371751,1,0,0,0,0,1,0,0,1,0,0,0,0,0,0,0,3,4315.13498227744,0.15,0
8371752_1,8371752,1,0,0,0,0,0,0,0,0,0,0,0,0,0,0,0,2,3015.59758484829,0.0,0
8371753_1,8371753,1,0,0,0,0,0,0,0,1,0,0,0,0,0,0,0,3,2126.66997853149,0.1,0
8371754_1,8371754,1,0,0,0,0,0,0,0,1,0,0,0,0,0,0,0,3,2395.91364698439,0.1,0
8371757_1,8371757,1,0,0,0,0,0,0,0,1,0,0,0,0,0,0,0,2,1107.7019690312,0.1,0
8371758_1,8371758,1,1,0,0,0,0,0,0,1,0,0,0,0,0,0,0,3,1422.57774671682,0.2,0
8371759_1,8371759,1,1,0,0,0,0,0,1,1,0,0,0,0,0,0,0,2,1428.19638256394,0.3,0
8371761_1,8371761,1,0,0,0,0,0,0,0,1,0,0,0,0,0,0,0,4,1978.88754726288,0.1,0
8371765_1,8371765,1,0,0,0,0,0,0,0,0,0,0,0,0,0,0,0,1,1428.55285049186,0.0,0
8371766_1,8371766,1,1,0,0,0,0,0,1,1,0,0,0,0,0,0,0,2,1922.37778906977,0.3,0
8371767_1,8371767,1,1,0,0,0,0,0,1,1,0,0,0,1,0,0,0,1,1701.2772917942,0.34,1
8371769_1,8371769,1,0,0,0,0,0,0,0,0,0,0,0,0,0,0,0,1,1594.55809844642,0.0,0
8371770_1,8371770,1,1,0,0,0,0,0,0,1,0,1,0,1,0,0,0,2,2411.37367798636,0.34,1
8371771_1,8371771,1,0,0,0,0,0,0,0,1,1,0,0,1,0,0,0,3,2315.5845584426,0.24,0
8371772_1,8371772,1,0,0,0,0,0,0,1,1,0,0,0,0,0,0,0,1,2634.58671775013,0.2,0
8375838_1,8375838,1,0,0,0,1,0,0,0,1,0,0,0,0,0,0,0,5,3203.50182003315,0.15,0
8375839_1,8375839,1,0,0,0,0,0,0,1,1,0,0,0,0,0,0,0,2,1686.63191845646,0.2,0
8375840_1,8375840,1,0,0,0,0,0,0,0,1,0,0,0,0,0,0,0,3,2015.87826682778,0.1,0
8375841_1,8375841,1,0,0,0,1,0,0,0,1,0,0,0,0,0,0,0,3,3005.82002051172,0.15,0
8375842_1,8375842,1,0,0,0,0,0,0,0,0,0,0,0,0,0,0,0,3,1735.3627024817,0.0,0
8375843_1,8375843,1,0,0,0,1,0,0,0,0,0,0,0,0,0,0,0,4,1867.66703157932,0.05,0
8375844_1,8375844,1,0,0,0,0,0,0,0,1,0,0,0,0,0,0,0,4,1119.55882943435,0.1,0
8375846_1,8375846,1,0,0,0,0,0,0,0,1,1,0,0,0,0,0,0,6,3283.36360950918,0.2,0
8375851_1,8375851,1,1,0,0,0,0,0,1,1,0,0,0,0,0,0,0,1,2348.1944032485,0.3,0
8375852_1,8375852,1,1,0,0,0,0,0,0,0,0,0,0,0,0,0,0,2,2501.97245081932,0.1,0
8375854_1,8375854,1,1,0,0,0,0,0,0,1,0,0,0,0,0,0,0,4,2686.47438295253,0.2,0
8375855_1,8375855,1,0,0,0,0,0,0,0,1,0,0,0,0,0,0,0,4,2448.79519426694,0.1,0
8375856_1,8375856,1,0,0,0,0,0,0,0,0,0,0,0,0,0,0,0,1,2903.57601049752,0.0,0
8375857_1,8375857,1,0,0,0,0,0,0,1,1,0,0,0,0,0,0,0,1,3377.53989508346,0.2,0
8375859_1,8375859,1,0,0,0,0,0,0,0,0,0,0,0,0,0,0,0,2,1769.40728907372,0.0,0
8375860_1,8375860,1,0,0,0,1,0,0,0,0,0,0,0,0,0,1,0,4,3699.02054164683,0.09,0
8375861_1,8375861,1,0,0,0,0,0,0,0,0,0,1,0,0,0,0,0,1,3468.7415905315,0.1,0
8375862_1,8375862,1,1,0,0,0,0,0,1,0,0,0,0,0,0,0,0,1,3377.53989508346,0.2,0
8377495_1,8377495,1,0,0,0,0,0,0,0,1,0,0,0,0,0,0,0,3,1619.70692078221,0.1,0
8377496_1,8377496,1,0,0,0,0,0,0,1,0,0,0,0,0,0,0,0,1,2143.46382899553,0.1,0
8377498_1,8377498,1,1,0,0,0,0,0,0,1,0,0,0,0,0,0,0,2,2153.42430309292,0.2,0
8377499_1,8377499,1,1,0,0,0,0,0,0,1,0,0,0,0,0,0,0,3,2680.05759342758,0.2,0
8377500_1,8377500,1,1,0,0,0,0,0,0,1,0,0,0,0,0,0,0,1,2643.58349393811,0.2,0
8377501_1,8377501,1,1,0,0,0,0,0,1,0,0,0,0,0,0,0,0,1,2589.44725289732,0.2,0
8377502_1,8377502,1,0,0,0,1,0,0,0,1,0,1,0,0,0,0,0,3,2287.06488106666,0.25,0
8377503_1,8377503,1,0,0,0,0,0,0,0,0,0,0,0,0,0,0,0,5,1188.87328329856,0.0,0
8377504_1,8377504,1,0,0,0,0,0,0,0,0,0,0,0,0,0,0,0,1,2903.57601049752,0.0,0
8377505_1,8377505,1,0,0,0,0,0,0,1,1,0,0,0,0,0,0,0,1,1235.77990303276,0.2,0
8377506_1,8377506,1,0,0,0,0,0,0,0,0,0,0,0,0,0,0,0,2,1928.53988433246,0.0,0
8377507_1,8377507,1,0,0,0,0,0,0,0,0,0,0,0,0,0,0,0,4,1810.23876723932,0.0,0
8377508_1,8377508,1,0,0,0,0,0,0,0,1,0,0,0,0,0,0,0,3,1879.8184115644,0.1,0
8377532_1,8377532,1,1,0,0,0,0,0,0,1,0,0,0,0,0,0,0,1,556.137393013084,0.2,0
8377533_1,8377533,1,1,0,0,0,0,0,1,0,0,0,0,0,0,0,0,2,555.998619607495,0.2,0
8377534_1,8377534,1,0,0,0,0,0,0,0,0,0,0,0,0,0,0,0,2,555.998619607495,0.0,0
8377535_1,8377535,1,1,0,0,1,0,0,0,0,0,0,0,0,0,0,0,3,575.488002136351,0.15,0
8377536_1,8377536,1,0,0,0,0,0,0,0,1,0,0,0,0,0,0,0,3,670.161325215162,0.1,0
8380121_1,8380121,1,0,0,0,0,0,0,0,1,0,0,0,0,0,0,0,6,1304.83354630698,0.1,0
8380122_1,8380122,1,1,0,0,0,0,0,0,1,0,0,0,0,0,0,0,1,2561.9265574559,0.2,0
8380124_1,8380124,1,0,0,0,0,0,0,0,1,0,0,0,0,0,0,0,3,1592.95197986182,0.1,0
8380125_1,8380125,1,1,1,0,0,0,0,0,1,0,0,0,0,0,0,0,4,2014.97735933255,0.3,0
8380126_1,8380126,1,0,0,0,0,0,0,0,1,0,0,0,0,0,0,0,3,3835.67553980217,0.1,0
8380127_1,8380127,1,1,0,0,1,0,0,0,1,0,0,0,0,0,0,0,3,1537.13524523276,0.25,0
8380128_1,8380128,1,0,0,0,0,0,0,0,0,0,0,0,0,0,0,0,3,1314.72816052928,0.0,0
8380129_1,8380129,1,0,0,0,1,0,1,0,1,0,0,0,0,0,0,0,4,2746.56916408724,0.2,0
8380131_1,8380131,1,0,0,0,0,0,0,0,1,0,0,0,0,0,0,0,2,1439.8127000578,0.1,0
8380133_1,8380133,1,0,0,0,0,0,0,0,0,0,0,0,0,0,0,0,3,1334.74417879417,0.0,0
8380134_1,8380134,1,0,0,0,0,1,0,0,1,0,0,0,0,0,0,1,6,2849.02287148373,0.19,0
8380135_1,8380135,1,0,0,0,0,0,0,0,1,0,0,0,0,0,0,0,1,1897.93450136775,0.1,0
8380137_1,8380137,1,0,0,0,0,1,0,0,1,1,1,0,0,0,0,0,7,3764.49513676438,0.35,1
8380138_1,8380138,1,1,0,0,0,0,0,1,1,0,0,0,0,0,0,0,2,1966.17001586745,0.3,0
8380140_1,8380140,1,1,0,0,0,0,0,0,1,0,0,0,0,0,0,0,4,2641.54794409329,0.2,0
8380141_1,8380141,1,0,0,0,0,0,0,0,0,0,0,0,0,0,0,0,2,3053.07885463811,0.0,0
8380142_1,8380142,1,1,0,0,0,0,0,0,0,0,0,0,0,0,0,0,2,1997.37906373836,0.1,0
8380143_1,8380143,1,0,0,0,0,0,0,0,0,0,0,0,0,0,0,0,1,2466.66068660018,0.0,0
8380144_1,8380144,1,1,0,0,0,0,0,0,1,0,0,0,0,0,0,0,1,2466.66068660018,0.2,0
8380146_1,8380146,1,0,0,0,0,0,0,0,0,0,1,0,0,0,0,0,1,3214.65121964129,0.1,0
8380147_1,8380147,1,0,0,0,0,0,0,0,0,0,1,0,0,0,0,0,1,3214.65121964129,0.1,0
8380148_1,8380148,1,0,0,1,1,0,0,0,1,0,0,0,0,0,0,0,4,2440.03110274101,0.2,0
8380150_1,8380150,1,0,0,0,0,0,0,0,1,0,0,0,0,0,0,0,2,1613.53445744506,0.1,0
8380151_1,8380151,1,0,0,0,0,0,0,0,0,0,1,0,0,0,0,0,3,4334.85103045525,0.1,0
8380152_1,8380152,1,0,0,0,0,0,0,0,1,0,0,0,0,0,0,0,5,1125.72629615429,0.1,0
8380153_1,8380153,1,0,0,0,0,0,0,0,1,0,0,0,0,0,0,0,3,1903.72021464026,0.1,0
8380155_1,8380155,1,0,0,0,0,0,0,0,0,0,0,0,0,0,0,0,2,2657.5730897655,0.0,0
8380158_1,8380158,1,0,0,0,0,0,0,0,0,0,0,0,0,0,0,0,3,2074.02790626178,0.0,0
8380159_1,8380159,1,0,0,0,1,0,0,0,1,0,0,0,0,0,0,0,3,2671.84001823263,0.15,0
8380160_1,8380160,1,0,0,0,0,0,0,0,1,0,0,0,0,0,0,0,4,1402.9914545653,0.1,0
8380163_1,8380163,1,0,0,0,0,0,0,0,1,1,0,0,0,0,0,0,3,4468.76938082564,0.2,0
8380164_1,8380164,1,1,0,0,0,0,0,0,1,0,1,0,0,0,0,0,2,1966.17001586745,0.3,0
8380166_1,8380166,1,0,0,0,1,0,0,0,0,0,1,0,0,0,0,0,4,2492.63177058294,0.15,0
8380205_1,8380205,1,1,1,0,0,0,0,1,1,0,0,0,0,0,0,0,1,641.954420993049,0.4,1
8380206_1,8380206,1,0,0,0,0,0,0,0,1,0,0,0,0,0,0,0,5,829.314784757397,0.1,0
8380207_1,8380207,1,1,1,0,1,1,0,0,0,0,0,0,0,0,0,0,8,801.9696192784,0.3,0
8380208_1,8380208,1,0,0,0,0,0,0,0,1,0,0,0,0,0,0,0,2,1096.08567318418,0.1,0
8380209_1,8380209,1,0,0,0,0,0,0,0,0,0,0,0,0,0,0,0,2,773.740826413574,0.0,0
8380210_1,8380210,1,0,0,0,0,0,0,0,0,0,0,0,0,0,0,0,3,538.962427670674,0.0,0
8380211_1,8380211,1,1,0,0,0,0,0,0,0,0,0,0,0,0,0,0,1,1027.25081276192,0.1,0
8380212_1,8380212,1,1,0,0,0,0,0,0,1,0,0,0,0,0,0,0,4,488.094774394388,0.2,0
8380213_1,8380213,1,1,0,0,0,0,0,0,1,0,0,0,0,0,0,0,1,850.812918849264,0.2,0
8380214_1,8380214,1,1,0,0,1,0,0,0,1,0,0,0,0,0,0,0,4,724.501328640355,0.25,0
8380216_1,8380216,1,1,0,0,0,0,0,1,1,0,0,0,0,0,0,0,2,567.248248742215,0.3,0
8380217_1,8380217,1,1,0,0,0,0,0,0,0,0,0,0,0,0,0,0,2,794.484710862121,0.1,0
8380218_1,8380218,1,1,0,0,0,0,0,0,1,0,0,0,0,0,0,0,3,910.123405466379,0.2,0
8380219_1,8380219,1,1,0,0,1,0,0,0,1,0,0,0,0,0,0,0,3,1146.67987267644,0.25,0
8380220_1,8380220,1,0,0,0,0,0,0,0,1,0,0,0,0,0,0,0,1,567.389829977341,0.1,0
8380221_1,8380221,1,1,0,0,0,0,0,0,1,0,0,0,0,0,0,0,2,702.720477559473,0.2,0
8380222_1,8380222,1,1,0,0,0,0,0,0,1,0,0,0,0,0,0,0,3,992.553440093728,0.2,0
8380223_1,8380223,1,0,0,0,0,0,0,0,0,0,0,0,0,0,0,0,3,529.185070244475,0.0,0
8380225_1,8380225,1,0,0,0,0,0,0,0,0,0,0,0,0,0,0,0,3,989.725652515113,0.0,0
8380226_1,8380226,1,0,0,0,0,0,0,0,0,0,0,0,0,0,0,0,2,989.900546982034,0.0,0
8380227_1,8380227,1,0,0,0,0,0,0,0,0,0,0,0,0,0,0,0,1,692.415062290243,0.0,0
8380229_1,8380229,1,1,0,0,0,0,0,1,0,0,0,0,0,0,0,0,2,702.720477559473,0.2,0
8383100_1,8383100,1,0,0,0,1,0,0,0,1,0,0,0,0,0,0,0,3,1903.72021464026,0.15,0
8383101_1,8383101,1,0,0,0,1,0,0,0,0,0,0,0,0,0,0,0,3,1903.72021464026,0.05,0
8383102_1,8383102,1,0,0,0,0,0,0,0,0,0,0,0,0,0,0,0,4,2282.20395634449,0.0,0
8383103_1,8383103,1,0,0,0,0,0,0,0,1,0,0,0,0,0,0,0,3,1903.72021464026,0.1,0
8383105_1,8383105,1,0,0,0,0,1,0,0,1,0,0,0,0,0,0,0,5,1905.85134856436,0.15,0
8383106_1,8383106,1,0,0,0,0,0,0,0,1,0,0,0,0,0,0,0,4,1741.81102013099,0.1,0
8383108_1,8383108,1,1,0,0,0,0,0,0,1,0,0,0,0,0,0,0,4,1481.19171627938,0.2,0
8383109_1,8383109,1,1,0,0,0,0,0,1,1,0,0,0,0,0,0,0,1,2058.69098366992,0.3,0
8383110_1,8383110,1,0,0,0,0,0,0,0,0,0,0,0,0,0,0,0,2,1760.21940812188,0.0,0
8383111_1,8383111,1,0,0,0,0,0,0,0,0,0,0,0,0,0,0,0,3,1377.93702327751,0.0,0
8383113_1,8383113,1,1,0,0,0,0,0,0,1,0,0,0,0,0,0,0,1,1866.85841473704,0.2,0
8383114_1,8383114,1,0,0,0,0,0,0,0,0,0,1,0,0,0,0,0,5,1138.46730961224,0.1,0
8383116_1,8383116,1,0,0,0,0,0,0,0,0,0,0,0,0,0,0,0,3,2867.02406638509,0.0,0
8383117_1,8383117,1,0,0,0,1,0,0,0,0,0,1,0,0,0,0,0,3,2096.0935162265,0.15,0
8383118_1,8383118,1,0,0,0,0,0,0,0,0,0,0,0,0,0,0,0,4,2641.35861968918,0.0,0
8383181_1,8383181,1,1,0,0,1,0,0,0,1,0,0,0,0,0,0,0,2,831.110289980028,0.25,0
8383182_1,8383182,1,1,0,0,1,0,0,0,1,0,0,0,0,0,0,0,3,861.073933057212,0.25,0
8383183_1,8383183,1,1,0,0,0,0,0,0,0,0,0,0,0,0,0,0,1,641.954420993049,0.1,0
8383184_1,8383184,1,1,0,0,0,0,0,1,1,0,0,0,0,0,0,0,1,663.344451315472,0.3,0
8383185_1,8383185,1,1,0,1,1,0,0,0,1,1,0,0,0,0,0,0,2,558.234206822732,0.4,1
8383186_1,8383186,1,0,0,0,0,0,0,0,1,0,0,0,0,0,0,0,3,536.660727709582,0.1,0
8383187_1,8383187,1,0,0,0,0,0,0,0,0,0,0,0,0,0,0,0,1,671.466754116364,0.0,0
8383188_1,8383188,1,0,0,0,0,0,0,0,1,0,0,0,0,0,0,0,2,679.421505284549,0.1,0
8383189_1,8383189,1,0,0,0,0,0,0,0,1,0,0,0,0,0,0,0,4,1077.6821228089,0.1,0
8383190_1,8383190,1,1,0,0,0,0,0,0,1,0,0,0,0,0,0,0,3,643.835836537989,0.2,0
8383191_1,8383191,1,1,0,0,0,0,0,0,1,0,0,0,0,0,0,0,3,928.848615041592,0.2,0
8383192_1,8383192,1,0,0,0,0,1,0,0,1,0,0,0,0,0,0,0,3,1396.0644061921,0.15,0
8383193_1,8383193,1,0,0,0,0,0,0,0,1,0,0,0,0,0,0,0,2,1127.62526712172,0.1,0
8383194_1,8383194,1,1,0,0,0,0,0,0,0,0,0,0,0,0,0,0,4,1029.87037643492,0.1,0
8383196_1,8383196,1,0,0,0,0,0,0,1,1,0,0,0,0,0,0,0,1,842.784861507583,0.2,0
8383197_1,8383197,1,0,0,0,0,0,0,0,1,0,0,0,0,0,0,0,1,917.662978579984,0.1,0
8383198_1,8383198,1,0,0,0,0,0,0,0,1,0,0,0,0,0,0,0,2,1311.92276701328,0.1,0
8383199_1,8383199,1,0,0,0,1,1,0,0,0,0,0,0,0,0,0,0,5,1968.25258169699,0.1,0
8383200_1,8383200,1,0,0,0,1,0,0,0,1,0,0,0,0,0,0,0,4,1814.37631316863,0.15,0
8383201_1,8383201,1,0,0,0,0,0,0,0,1,0,0,0,0,0,0,0,1,975.158693326813,0.1,0
8383202_1,8383202,1,1,0,0,0,0,0,1,1,0,0,0,0,0,0,0,1,917.662978579984,0.3,0
8383204_1,8383204,1,0,0,0,0,0,0,0,0,0,0,0,0,0,0,0,2,1311.92276701328,0.0,0
8383205_1,8383205,1,0,0,0,0,0,0,1,1,0,0,0,0,0,0,0,1,917.662978579984,0.2,0
8383346_1,8383346,1,0,0,0,0,0,0,0,0,0,0,0,1,0,0,0,1,599.956554872368,0.04,0
8383347_1,8383347,1,0,0,0,0,1,0,0,1,0,0,0,1,0,0,0,4,971.364770314707,0.19,0
8383348_1,8383348,1,1,0,0,0,0,0,0,1,0,0,0,1,1,1,0,2,607.151165600274,0.32,0
8383349_1,8383349,1,1,0,0,0,0,0,0,1,1,0,0,1,1,0,0,2,614.497317055057,0.38,1
8383350_1,8383350,1,0,0,0,1,0,0,0,1,0,0,0,1,0,0,0,5,914.413784574,0.19,0
8383351_1,8383351,1,0,0,0,1,0,0,0,1,0,0,0,1,1,1,0,4,982.232935508,0.27,0
8383352_1,8383352,1,1,0,0,0,0,0,1,1,0,0,0,1,1,0,0,1,599.956554872368,0.38,1
8383353_1,8383353,1,0,0,0,0,1,0,0,1,0,0,0,1,0,0,0,3,974.145777786479,0.19,0
8383354_1,8383354,1,1,1,0,0,0,0,1,1,0,0,0,1,0,0,0,2,607.151165600274,0.44,1
8385800_1,8385800,1,1,0,0,0,0,0,1,1,0,0,0,0,0,0,0,1,1274.98395512898,0.3,0
8385801_1,8385801,1,0,0,0,0,0,0,0,1,0,0,0,0,0,0,0,4,2242.31876537391,0.1,0
8385802_1,8385802,1,0,0,0,1,0,0,0,1,0,0,0,0,0,0,0,5,1491.89412455975,0.15,0
8385803_1,8385803,1,0,0,1,1,0,0,0,1,0,0,0,0,0,0,0,3,2772.51790325407,0.2,0
8385804_1,8385804,1,0,0,0,1,0,0,0,0,0,0,0,0,0,0,0,5,2415.54415595258,0.05,0
8385805_1,8385805,1,0,0,0,0,0,0,0,1,0,0,0,0,0,0,1,4,2946.94012707412,0.14,0
8385806_1,8385806,1,0,0,0,0,0,0,0,1,0,0,0,0,0,0,0,2,3187.11045207084,0.1,0
8385807_1,8385807,1,0,0,0,0,0,0,0,0,0,0,0,0,0,0,0,3,1577.78278762161,0.0,0
8385808_1,8385808,1,0,0,0,0,0,0,0,0,0,0,0,0,0,0,0,2,1942.64792560021,0.0,0
8385809_1,8385809,1,1,0,0,0,0,0,1,1,0,0,0,0,0,0,0,1,2335.99310970304,0.3,0
8385810_1,8385810,1,0,0,0,0,0,0,0,1,0,0,0,0,0,0,0,2,1942.64792560021,0.1,0
8385811_1,8385811,1,0,0,0,0,0,0,0,1,0,0,0,0,0,0,0,4,1733.99948315599,0.1,0
8385812_1,8385812,1,0,0,0,0,0,0,0,0,1,1,0,0,0,0,0,2,1893.81051988939,0.2,0
8385813_1,8385813,1,0,0,0,0,0,0,0,0,0,0,0,0,0,0,0,2,2019.96537743526,0.0,0
8385814_1,8385814,1,0,0,0,0,0,0,0,0,0,0,0,0,0,0,0,3,1198.54218489618,0.0,0
8385815_1,8385815,1,0,0,0,0,0,0,0,0,0,0,0,0,0,0,0,2,1416.93281018952,0.0,0
8385816_1,8385816,1,0,0,0,0,0,0,0,1,0,0,0,0,0,0,0,4,1690.46951660107,0.1,0
8385817_1,8385817,1,0,0,0,0,0,0,0,0,0,0,0,0,0,0,0,2,1416.93281018952,0.0,0
8385818_1,8385818,1,0,0,0,0,0,0,1,0,0,0,0,0,0,0,0,1,1296.97531971205,0.1,0
8385819_1,8385819,1,1,0,0,1,0,0,0,1,0,0,0,0,0,0,0,3,1845.95152314016,0.25,0
8385820_1,8385820,1,0,0,0,1,0,0,0,1,0,0,0,0,0,0,0,5,2081.81072492986,0.15,0
8385821_1,8385821,1,0,0,0,0,0,0,1,0,0,0,0,0,0,0,0,1,1912.57518865783,0.1,0
8385822_1,8385822,1,0,0,0,0,0,0,0,1,0,0,0,0,0,0,0,2,1996.09418542079,0.1,0
8385824_1,8385824,1,0,0,0,0,0,0,1,0,0,0,0,0,0,0,0,2,1518.78927619772,0.1,0
8385825_1,8385825,1,0,0,0,0,0,0,1,1,0,0,0,0,0,0,0,2,1518.78927619772,0.2,0
8385826_1,8385826,1,0,0,0,0,0,0,1,1,0,0,0,0,0,0,0,2,1518.78927619772,0.2,0
8385992_1,8385992,1,0,0,0,0,1,0,0,1,0,0,0,1,0,0,0,2,488.006023477032,0.19,0
8385993_1,8385993,1,0,0,0,0,0,0,0,1,0,0,0,1,0,0,0,4,679.398960353433,0.14,0
8385994_1,8385994,1,1,1,0,0,0,0,0,1,0,0,0,1,0,0,0,5,288.142083549332,0.34,1
8385995_1,8385995,1,1,0,0,0,0,0,0,1,0,0,0,1,0,0,0,3,455.661627412388,0.24,0
8385996_1,8385996,1,1,0,0,0,0,0,0,1,0,0,0,1,0,1,0,2,448.001128311264,0.28,0
8385997_1,8385997,1,0,0,0,0,0,0,0,1,0,0,0,1,0,0,0,3,410.401284609717,0.14,0
8385998_1,8385998,1,0,0,0,0,0,0,0,1,0,0,0,1,0,1,0,2,522.270021008352,0.18,0
8386000_1,8386000,1,0,0,0,1,0,0,1,1,0,0,0,1,0,0,1,3,296.81321344672,0.33,0
8386001_1,8386001,1,0,0,0,1,0,0,0,1,0,0,0,1,0,0,0,4,392.604941377098,0.19,0
8386002_1,8386002,1,1,0,0,0,0,0,0,1,0,0,0,1,0,0,0,2,522.270021008352,0.24,0
8389086_1,8389086,1,0,0,0,0,0,0,0,0,0,0,0,0,0,0,0,4,3453.36926200956,0.0,0
8389087_1,8389087,1,1,0,0,0,0,0,0,0,0,0,0,0,0,0,0,2,2989.76972598619,0.1,0
8389088_1,8389088,1,0,0,0,0,0,0,0,1,0,0,0,0,0,0,0,4,2787.2632179368,0.1,0
8389090_1,8389090,1,1,0,0,1,0,1,0,1,0,0,0,0,0,0,0,3,1235.0710255331,0.3,0
8389091_1,8389091,1,0,0,0,0,0,0,0,0,0,0,0,0,0,0,0,4,2440.9773809677,0.0,0
8389094_1,8389094,1,1,0,0,0,0,0,0,0,0,0,0,0,0,0,0,2,2130.53766798759,0.1,0
8389096_1,8389096,1,1,0,0,0,0,0,1,1,0,0,0,0,0,0,0,1,2589.44725289732,0.3,0
8389098_1,8389098,1,0,0,0,0,0,0,0,1,0,0,0,0,0,0,0,2,2561.58939303884,0.1,0
8389099_1,8389099,1,0,0,0,0,0,0,0,0,0,0,0,0,0,0,0,5,785.690169832092,0.0,0
8389100_1,8389100,1,0,0,0,0,0,0,0,0,0,1,0,0,0,0,0,2,1583.44009901168,0.1,0
8389101_1,8389101,1,0,0,0,0,0,0,0,1,1,0,0,0,0,0,0,3,1725.60284279805,0.2,0
8389102_1,8389102,1,1,0,0,0,0,0,0,0,0,0,0,0,0,0,0,2,1980.58246086123,0.1,0
8389103_1,8389103,1,0,0,0,1,0,0,0,0,0,0,0,0,0,0,0,3,1113.18751054343,0.05,0
8389104_1,8389104,1,0,0,0,0,0,1,0,1,0,0,0,0,0,0,0,2,1983.03777120616,0.15,0
8389106_1,8389106,1,0,0,0,0,0,0,0,0,0,0,0,0,0,0,0,4,1617.38445064257,0.0,0
8389107_1,8389107,1,1,0,0,0,0,0,1,0,0,0,0,0,0,0,0,1,2364.44734861545,0.2,0
8389108_1,8389108,1,0,0,0,0,0,0,0,0,0,0,0,0,0,0,0,3,1832.45922263607,0.0,0
8389109_1,8389109,1,0,0,0,0,0,0,0,0,0,0,0,0,0,0,1,4,3365.96857856696,0.04,0
8389110_1,8389110,1,1,0,0,0,0,0,0,1,0,1,0,0,0,0,0,5,3344.82336989615,0.3,0
8389112_1,8389112,1,1,1,0,0,0,0,0,0,0,0,0,0,0,0,0,4,1158.60440217139,0.2,0
8389113_1,8389113,1,0,0,0,0,0,0,0,0,0,0,0,0,0,0,0,3,2028.91383657825,0.0,0
8389114_1,8389114,1,1,0,0,0,0,0,0,1,0,1,0,0,0,0,0,2,2496.72382967295,0.3,0
8389115_1,8389115,1,0,0,0,0,0,0,0,0,0,1,0,0,0,0,0,2,2526.76632818432,0.1,0
8389116_1,8389116,1,1,0,0,0,0,0,0,0,0,0,0,0,0,0,0,3,803.796596911878,0.1,0
8389118_1,8389118,1,0,0,0,0,0,0,0,1,0,1,0,0,0,0,0,1,1200.90307380745,0.2,0
8389119_1,8389119,1,1,0,0,0,0,0,0,0,0,0,0,0,0,0,0,2,1006.01013885015,0.1,0
8389120_1,8389120,1,0,0,0,0,0,0,0,0,0,0,0,0,0,0,0,3,1172.77390248708,0.0,0
8389121_1,8389121,1,0,0,0,0,0,0,1,1,0,0,0,0,0,0,0,2,1685.28858502924,0.2,0
8389122_1,8389122,1,1,0,0,0,1,0,0,1,0,0,0,0,0,0,0,3,1601.14967775939,0.25,0
8389123_1,8389123,1,0,0,0,0,0,0,0,0,0,0,0,0,0,0,0,3,1210.50889802214,0.0,0
8389125_1,8389125,1,1,0,0,1,0,0,0,0,0,0,0,0,0,0,0,4,1858.44914804749,0.15,0
8389127_1,8389127,1,1,0,0,0,0,0,1,1,0,0,0,0,0,0,0,3,796.475989930911,0.3,0
8389128_1,8389128,1,0,0,0,1,0,0,0,1,0,0,0,0,0,0,0,3,3263.02989602624,0.15,0
8389129_1,8389129,1,0,0,0,1,0,0,0,1,0,0,0,0,0,0,0,3,2094.23911158408,0.15,0
8389130_1,8389130,1,0,0,0,0,0,0,0,1,0,0,0,0,0,0,0,2,1462.63588543463,0.1,0
8389131_1,8389131,1,1,0,0,1,0,0,0,0,0,1,0,0,0,0,0,3,4165.81992047256,0.25,0
8389132_1,8389132,1,1,0,0,0,0,0,0,1,0,0,1,0,0,0,0,2,3198.86888689229,0.24,0
8389133_1,8389133,1,1,1,0,0,0,0,0,1,0,0,0,0,0,0,0,5,1063.340079472,0.3,0
8389134_1,8389134,1,0,0,0,0,0,0,0,1,0,0,0,0,0,0,0,4,2257.73245233816,0.1,0
8389135_1,8389135,1,0,0,0,1,0,0,0,1,1,0,0,0,0,0,0,5,2487.9880217812,0.25,0
8389136_1,8389136,1,1,1,0,0,0,0,1,1,0,0,0,0,0,0,0,1,3002.25768451863,0.4,1
8389137_1,8389137,1,0,0,0,0,0,0,0,0,0,0,0,0,0,0,0,1,3083.32585825022,0.0,0
8389138_1,8389138,1,0,0,0,0,0,0,0,1,0,0,0,0,0,0,0,4,2069.06788707432,0.1,0
8389139_1,8389139,1,0,0,0,0,0,0,0,0,0,0,0,0,0,0,0,1,3767.16939801714,0.0,0
8389140_1,8389140,1,0,0,0,0,0,0,0,0,0,0,0,0,0,0,0,4,2987.86372062518,0.0,0
8389141_1,8389141,1,0,0,0,0,0,0,0,0,0,0,0,0,0,0,0,3,1567.42458533462,0.0,0
8389142_1,8389142,1,0,0,0,0,0,0,0,0,0,0,0,0,0,0,0,2,2421.46576018033,0.0,0
8389143_1,8389143,1,0,0,0,0,0,0,1,1,0,1,0,0,0,0,0,3,805.043738674382,0.3,0
8389144_1,8389144,1,0,0,0,0,0,0,0,1,0,0,0,0,0,0,0,3,2091.36635560111,0.1,0
8389145_1,8389145,1,0,0,0,1,0,0,0,0,0,0,0,0,0,0,0,2,1939.90291080955,0.05,0
8389147_1,8389147,1,0,0,0,0,0,0,0,1,0,1,0,0,0,0,0,3,2151.41697197026,0.2,0
8389149_1,8389149,1,0,0,0,0,0,0,1,0,0,0,0,0,0,0,0,3,1172.77390248708,0.1,0
8389150_1,8389150,1,0,0,0,0,0,0,0,1,0,0,0,0,0,0,0,4,962.740225861648,0.1,0
8389151_1,8389151,1,0,0,0,0,0,0,0,1,0,0,0,0,0,0,0,3,1442.81953109577,0.1,0
8389266_1,8389266,1,0,0,0,0,0,0,0,0,0,0,0,0,0,0,0,5,532.77119826061,0.0,0
8389267_1,8389267,1,0,0,0,0,0,0,1,1,0,0,0,0,0,0,0,1,791.565502919657,0.2,0
8389268_1,8389268,1,1,0,0,0,0,0,0,0,0,0,0,0,0,0,0,2,700.718424916853,0.1,0
8389270_1,8389270,1,0,0,0,0,0,0,0,0,0,0,0,0,0,0,0,4,710.133066996731,0.0,0
8389302_1,8389302,1,0,0,0,0,0,0,0,0,0,0,0,0,0,0,0,3,679.345264880047,0.0,0
8389303_1,8389303,1,0,0,0,0,0,0,0,0,0,0,0,0,0,0,0,4,973.05366107595,0.0,0
8389304_1,8389304,1,0,0,0,0,0,0,0,0,0,0,0,0,0,0,1,3,447.681804031578,0.04,0
8389305_1,8389305,1,0,0,0,0,0,0,0,0,0,0,0,0,0,0,0,1,738.266737712677,0.0,0
8389306_1,8389306,1,0,0,0,0,0,0,0,1,0,0,0,0,0,0,0,1,738.266737712677,0.1,0
8389307_1,8389307,1,1,0,0,0,0,0,0,1,0,0,0,0,0,0,0,3,425.739052691915,0.2,0
8389308_1,8389308,1,0,0,0,0,0,0,0,0,0,0,0,0,0,0,0,2,425.859469045682,0.0,0
8389309_1,8389309,1,0,0,0,0,0,0,0,0,0,0,0,0,0,0,0,2,681.555091812062,0.0,0
8389310_1,8389310,1,0,0,0,0,0,0,0,0,0,0,0,0,0,0,0,1,482.571114946297,0.0,0
8389311_1,8389311,1,0,0,0,0,0,0,0,0,0,0,0,0,0,0,0,3,290.097809012463,0.0,0
8389313_1,8389313,1,0,0,0,0,0,0,0,0,0,0,0,0,0,0,0,2,291.529776864408,0.0,0
8389314_1,8389314,1,0,0,0,0,0,0,0,0,0,0,0,0,0,0,0,3,441.569669696975,0.0,0
8389315_1,8389315,1,0,0,0,0,0,0,0,0,0,0,0,0,0,0,0,2,312.628052687959,0.0,0
8389316_1,8389316,1,0,0,0,0,0,0,1,1,0,0,0,0,0,0,0,3,291.451747067167,0.2,0
8389317_1,8389317,1,0,0,0,0,0,0,1,0,0,0,0,0,0,0,0,2,316.410657670343,0.1,0
8389318_1,8389318,1,0,0,0,0,0,0,0,1,0,0,0,0,0,0,0,2,316.410657670343,0.1,0
8389321_1,8389321,1,0,0,0,0,0,0,0,1,0,0,0,0,0,0,0,3,548.836255442411,0.1,0
8389322_1,8389322,1,0,0,0,0,0,0,0,0,0,0,0,0,0,0,0,1,492.51207991419,0.0,0
8389323_1,8389323,1,0,0,0,0,0,0,0,0,0,0,0,0,0,0,0,1,753.475032509558,0.0,0
8389324_1,8389324,1,0,0,0,0,0,0,0,1,0,0,0,0,0,0,0,3,637.715220897223,0.1,0
8389325_1,8389325,1,0,0,0,0,0,0,0,1,0,0,0,0,0,0,0,5,999.657112715832,0.1,0
8389326_1,8389326,1,0,0,0,0,0,0,0,0,0,0,0,0,0,0,0,3,695.472229772736,0.0,0
8389327_1,8389327,1,0,0,0,0,0,0,0,0,0,0,0,0,0,0,0,3,746.084596315011,0.0,0
8389328_1,8389328,1,0,0,0,0,0,0,0,0,0,0,0,0,0,0,0,3,693.339777336576,0.0,0
8389329_1,8389329,1,1,0,0,0,0,0,1,0,0,0,0,0,0,0,0,2,492.389182983536,0.2,0
8389332_1,8389332,1,0,0,0,0,0,0,0,1,0,0,0,0,0,0,0,2,541.238545405449,0.1,0
8389333_1,8389333,1,0,0,0,0,0,0,0,0,0,0,0,0,0,0,0,3,437.903025625969,0.0,0
8389335_1,8389335,1,0,0,0,0,0,0,0,0,0,0,0,0,0,0,0,2,701.028094435264,0.0,0
8389336_1,8389336,1,1,0,0,0,0,0,0,1,0,0,0,0,0,0,0,2,496.235004266602,0.2,0
8389347_1,8389347,1,0,0,0,0,0,0,0,0,0,0,0,0,0,0,0,4,471.383541641709,0.0,0
8389348_1,8389348,1,0,0,0,0,0,0,0,1,0,0,0,0,0,0,0,2,375.349718240232,0.1,0
8389349_1,8389349,1,0,0,0,0,0,0,0,1,0,0,0,0,0,0,0,2,460.049686973142,0.1,0
8389350_1,8389350,1,0,0,0,0,0,0,0,0,0,0,0,0,0,0,0,2,324.243869409641,0.0,0
8389351_1,8389351,1,0,0,0,0,0,0,0,1,0,0,0,0,0,0,0,3,417.82911246691,0.1,0
8389352_1,8389352,1,0,0,0,1,0,0,0,0,0,0,0,0,0,0,0,5,614.185551028726,0.05,0
8389353_1,8389353,1,1,1,0,0,0,0,0,0,0,1,0,0,0,0,0,3,291.314074090359,0.3,0
8389354_1,8389354,1,0,0,0,0,0,0,0,0,0,0,0,0,0,0,0,3,458.558053794032,0.0,0
8389355_1,8389355,1,1,0,0,0,0,0,0,1,0,0,0,0,0,0,0,4,441.84996776934,0.2,0
8389356_1,8389356,1,1,1,0,1,0,0,0,1,1,0,0,0,0,0,0,4,361.495308251056,0.45,1
8389357_1,8389357,1,1,0,0,0,0,0,1,1,0,0,0,0,0,0,0,2,325.654221549958,0.3,0
8391607_1,8391607,1,0,0,0,1,1,0,1,1,0,0,0,0,0,0,0,4,2064.27363226703,0.3,0
8392423_1,8392423,1,0,0,0,0,0,0,0,1,0,0,1,1,0,0,1,3,2016.41603744192,0.22,0
8392424_1,8392424,1,1,0,0,0,0,0,0,1,0,0,0,0,0,0,0,2,2214.95071175272,0.2,0
8392426_1,8392426,1,0,0,0,0,0,0,0,0,0,1,0,0,0,0,0,3,1431.9649860123,0.1,0
8392427_1,8392427,1,1,0,0,0,0,0,0,0,1,0,0,0,0,0,0,3,1154.76739498998,0.2,0
8392428_1,8392428,1,1,0,0,0,1,0,0,1,1,0,0,0,0,1,1,6,1553.1480523481,0.43,1
8392429_1,8392429,1,1,0,0,0,0,0,0,1,1,0,0,0,0,0,0,3,896.32745680234,0.3,0
8392430_1,8392430,1,0,0,0,0,0,0,0,0,0,0,0,0,0,0,0,1,1615.17387939985,0.0,0
8392432_1,8392432,1,0,0,0,0,0,0,0,0,0,0,0,0,0,0,0,2,1561.83074056485,0.0,0
8392433_1,8392433,1,0,0,0,0,0,0,0,1,0,0,0,0,0,0,0,3,1655.60671967517,0.1,0
8392434_1,8392434,1,0,0,0,0,0,0,0,0,0,0,0,0,0,0,0,4,2818.30136506425,0.0,0
8392435_1,8392435,1,0,0,0,0,0,0,0,1,0,0,0,0,0,0,0,4,1369.98977337973,0.1,0
8392436_1,8392436,1,0,0,0,1,0,0,0,0,0,0,0,0,0,0,0,5,1933.42445927,0.05,0
8392437_1,8392437,1,0,0,0,0,0,0,0,1,1,0,0,0,0,0,0,4,1890.94516684573,0.2,0
8392438_1,8392438,1,0,0,0,0,0,0,0,1,0,0,0,0,0,0,0,3,2008.73988741489,0.1,0
8392450_1,8392450,1,0,0,0,0,0,0,0,1,0,0,0,0,0,0,0,3,266.352326620334,0.1,0
8392451_1,8392451,1,0,0,0,0,0,0,1,1,0,0,0,0,0,0,0,1,298.255811328551,0.2,0
8392452_1,8392452,1,0,0,0,0,0,0,0,1,0,0,0,0,0,0,0,3,261.393157368017,0.1,0
8392453_1,8392453,1,1,0,0,0,0,0,1,1,0,0,0,0,0,0,0,2,301.832461074967,0.3,0
8392454_1,8392454,1,0,0,0,0,0,0,1,0,0,0,0,0,0,0,0,1,298.255811328551,0.1,0
8392455_1,8392455,1,0,0,0,0,0,0,0,0,0,0,0,0,0,0,0,3,425.01431507212,0.0,0
8392456_1,8392456,1,0,0,0,0,0,0,0,0,0,0,0,0,0,0,0,3,405.951783703527,0.0,0
8392457_1,8392457,1,1,0,0,0,0,0,0,1,0,0,0,0,0,0,0,2,426.396834578021,0.2,0
8392459_1,8392459,1,0,0,0,0,0,0,0,0,0,0,0,0,0,0,0,2,497.346881810918,0.0,0
8392461_1,8392461,1,1,1,0,1,0,0,0,0,0,0,0,0,0,0,0,4,492.017110344846,0.25,0
8392462_1,8392462,1,1,0,0,0,0,0,0,1,0,0,0,0,0,0,0,2,547.592492681259,0.2,0
8392463_1,8392463,1,1,0,0,1,0,0,0,1,0,0,0,0,0,0,0,3,307.079640727417,0.25,0
8392464_1,8392464,1,1,0,0,0,1,0,1,1,0,0,0,0,0,0,0,2,567.066665538462,0.35,1
8392465_1,8392465,1,0,0,0,0,0,0,0,1,0,0,0,0,0,0,0,1,355.18564278505,0.1,0
8392466_1,8392466,1,1,0,0,0,0,0,0,0,0,0,0,0,0,0,0,2,497.346881810918,0.1,0
8392467_1,8392467,1,1,0,0,0,0,0,0,0,0,0,0,0,0,0,0,2,497.346881810918,0.1,0
8392513_1,8392513,1,1,0,0,0,0,0,0,0,0,0,0,0,0,0,0,2,732.898978794807,0.1,0
8392514_1,8392514,1,1,0,0,0,0,0,0,1,0,0,0,0,0,0,0,6,1156.09462437713,0.2,0
8392515_1,8392515,1,1,0,0,1,1,0,0,1,0,0,0,0,0,0,0,4,783.719831491147,0.3,0
8392516_1,8392516,1,1,0,0,0,0,0,1,0,0,0,0,0,0,0,0,1,512.647753960552,0.2,0
8392517_1,8392517,1,1,1,0,0,0,0,0,1,0,0,0,0,0,0,0,2,732.898978794807,0.3,0
8392523_1,8392523,1,0,0,0,0,0,0,0,1,0,0,0,0,0,0,0,4,299.008455919676,0.1,0
8392524_1,8392524,1,0,0,0,0,0,0,0,0,0,0,0,0,0,0,0,2,322.522342275517,0.0,0
8392525_1,8392525,1,1,0,0,0,0,0,1,1,0,0,0,0,0,0,0,2,350.048312492756,0.3,0
8392526_1,8392526,1,0,0,0,0,0,0,0,1,0,0,0,0,0,0,0,1,529.25527190006,0.1,0
8392527_1,8392527,1,0,0,0,0,0,0,1,0,0,0,0,0,0,0,0,1,390.704265196278,0.1,0
8392528_1,8392528,1,0,0,0,0,0,0,1,0,0,0,0,0,0,0,0,2,466.915830735701,0.1,0
8392529_1,8392529,1,0,0,0,0,0,0,0,1,0,0,0,0,0,0,0,3,562.787245965957,0.1,0
8392530_1,8392530,1,0,0,0,0,0,0,0,0,0,0,0,0,0,0,0,2,659.609080915326,0.0,0
8392531_1,8392531,1,1,0,0,0,0,0,0,0,0,0,0,0,0,0,0,2,653.959689785806,0.1,0
8392532_1,8392532,1,0,0,0,0,0,0,1,0,0,0,0,0,0,0,0,1,527.450758014976,0.1,0
8392533_1,8392533,1,0,0,0,0,0,0,0,0,0,0,0,0,0,0,0,1,490.290698221703,0.0,0
8392636_1,8392636,1,0,0,0,0,0,0,0,0,0,0,0,0,0,0,0,3,597.506645942563,0.0,0
8392637_1,8392637,1,0,0,0,1,0,0,0,0,0,0,0,0,0,0,0,3,712.789593502302,0.05,0
8392638_1,8392638,1,0,0,0,0,0,0,0,0,0,0,0,0,0,0,0,4,896.020781697379,0.0,0
8392639_1,8392639,1,0,0,0,0,0,0,0,1,0,0,0,0,0,0,0,2,444.256950439225,0.1,0
8392640_1,8392640,1,0,0,0,0,0,0,0,1,0,0,0,0,0,0,0,2,725.375029178266,0.1,0
8392641_1,8392641,1,0,0,0,0,0,0,0,0,0,0,0,0,0,0,0,5,913.517291007116,0.0,0
8392642_1,8392642,1,1,0,0,0,0,0,1,1,0,0,0,0,0,0,0,1,501.854188352055,0.3,0
8392644_1,8392644,1,0,0,0,0,0,0,0,1,0,0,0,0,0,0,0,2,627.599022092992,0.1,0
8392645_1,8392645,1,0,0,0,0,0,0,1,1,0,0,0,0,0,0,0,1,444.367833897915,0.2,0
8397734_1,8397734,1,0,0,0,1,0,0,0,0,0,0,0,0,0,0,0,3,1832.97514726609,0.05,0
8397735_1,8397735,1,0,0,0,0,0,0,0,1,0,0,0,0,0,0,0,4,1621.01634383048,0.1,0
8397736_1,8397736,1,0,0,0,1,0,0,0,1,0,0,0,0,0,0,0,5,2217.06240411386,0.15,0
8397737_1,8397737,1,0,0,0,0,0,0,0,1,0,0,0,0,0,0,0,4,1986.75319483691,0.1,0
8397738_1,8397738,1,0,0,0,0,0,0,0,1,1,0,0,0,0,0,0,1,2350.63301080197,0.2,0
8397739_1,8397739,1,0,0,0,0,0,0,0,1,0,0,0,0,0,0,0,1,1912.57518865783,0.1,0
8397740_1,8397740,1,0,0,0,0,0,0,1,0,0,0,0,0,0,0,0,1,1873.40879513962,0.1,0
8397741_1,8397741,1,0,0,0,0,0,0,0,1,1,0,0,0,0,0,0,2,1942.56761261011,0.2,0
8397742_1,8397742,1,1,0,0,0,0,0,1,1,0,0,0,0,0,0,0,1,1296.97531971205,0.3,0
8397743_1,8397743,1,0,0,0,0,0,0,1,1,0,0,0,0,0,0,0,2,1395.87005973482,0.2,0
8397744_1,8397744,1,0,0,0,0,0,0,0,0,0,0,0,0,0,0,0,2,1749.29976566607,0.0,0
8397745_1,8397745,1,1,0,0,0,0,0,0,1,0,0,0,0,0,0,0,1,1601.20409840993,0.2,0
8397746_1,8397746,1,0,0,0,1,0,0,0,0,0,1,0,0,0,0,0,2,1513.60823789361,0.15,0
8397747_1,8397747,1,0,0,0,0,0,0,0,0,0,0,0,0,0,0,0,2,1745.06051415356,0.0,0
8397748_1,8397748,1,0,0,0,0,0,0,0,0,0,0,0,0,0,0,0,2,1971.5081142777,0.0,0
8397749_1,8397749,1,0,0,0,0,0,0,0,0,0,0,0,0,0,0,0,2,1971.5081142777,0.0,0
8397751_1,8397751,1,1,0,0,0,0,0,1,1,0,0,0,0,0,0,0,2,1089.47948931183,0.3,0
8397752_1,8397752,1,1,0,0,0,0,0,0,1,0,0,0,0,0,0,0,2,2185.89373937639,0.2,0
8397753_1,8397753,1,0,0,0,0,0,0,0,0,0,1,0,0,0,0,0,5,895.814720129938,0.1,0
8397754_1,8397754,1,0,0,0,0,0,0,0,0,0,0,0,0,0,0,0,3,2282.23768421785,0.0,0
8397790_1,8397790,1,1,0,0,0,0,0,1,1,0,0,0,0,0,0,0,2,555.998619607495,0.3,0
8397791_1,8397791,1,0,0,0,0,0,0,0,1,0,0,0,0,0,0,0,3,747.794423974502,0.1,0
8397970_1,8397970,1,0,0,0,0,0,0,0,1,0,0,0,0,0,0,0,1,530.841277162636,0.1,0
8397971_1,8397971,1,1,0,0,0,0,0,0,1,0,0,0,0,0,0,0,3,521.437262713788,0.2,0
8397972_1,8397972,1,0,0,0,0,0,0,0,1,0,0,0,0,0,0,1,3,466.565725887915,0.14,0
8397973_1,8397973,1,1,1,0,0,0,0,0,1,0,0,0,0,0,0,0,3,306.122233231294,0.3,0
8397974_1,8397974,1,0,0,0,0,0,0,0,1,0,0,0,0,1,0,0,3,449.285706521191,0.14,0
8397975_1,8397975,1,0,0,0,0,0,0,0,1,0,0,0,0,0,0,0,1,530.841277162636,0.1,0
8397976_1,8397976,1,0,0,0,0,0,0,0,0,0,0,0,0,0,0,0,2,485.866217389792,0.0,0
8397977_1,8397977,1,0,0,0,0,0,0,0,0,0,0,0,0,0,0,0,3,300.422594764629,0.0,0
8397978_1,8397978,1,0,0,0,0,0,0,0,1,0,0,0,0,0,0,0,3,380.968699861469,0.1,0
8397979_1,8397979,1,0,0,0,1,0,0,0,1,0,0,0,0,0,0,0,3,466.565725887915,0.15,0
8397980_1,8397980,1,1,1,0,0,0,0,0,0,0,0,1,0,0,0,0,3,257.036482848941,0.24,0
8397982_1,8397982,1,0,0,0,0,0,0,0,1,0,0,0,0,0,0,0,3,380.968699861469,0.1,0
8401063_1,8401063,1,1,0,0,0,0,0,0,1,0,0,0,0,0,0,0,2,1581.21742355293,0.2,0
8401064_1,8401064,1,1,0,0,0,0,0,0,0,0,0,0,0,0,0,0,3,2457.12084818473,0.1,0
8401065_1,8401065,1,0,0,0,0,0,0,0,1,0,0,0,0,0,0,0,2,2382.69438802828,0.1,0
8401066_1,8401066,1,0,0,0,1,0,0,0,0,0,1,0,0,0,0,0,5,2503.37273523857,0.15,0
8401067_1,8401067,1,0,0,0,1,0,0,0,1,0,1,0,0,0,0,0,5,1729.15797811249,0.25,0
8401068_1,8401068,1,0,0,0,0,0,0,0,0,0,0,0,0,0,0,0,3,1348.73575797319,0.0,0
8401069_1,8401069,1,0,0,0,0,0,0,0,0,0,1,0,0,0,0,0,2,2017.60411889492,0.1,0
8401070_1,8401070,1,0,0,0,0,0,0,0,1,1,0,0,0,0,0,0,3,2144.07747024766,0.2,0
8401071_1,8401071,1,1,0,0,1,0,0,0,1,0,0,0,1,0,0,0,3,1605.05845313941,0.29,0
8401075_1,8401075,1,0,0,0,0,0,0,0,0,1,1,0,0,0,0,0,4,909.808026833491,0.2,0
8401078_1,8401078,1,1,0,0,0,0,0,0,0,1,0,0,0,0,0,0,3,3121.20360650048,0.2,0
8401079_1,8401079,1,0,0,0,0,0,0,0,1,0,1,0,0,0,0,0,6,682.30988432787,0.2,0
8401080_1,8401080,1,0,0,0,0,0,0,0,0,0,0,0,0,0,0,0,3,1892.50320303735,0.0,0
8401081_1,8401081,1,1,0,0,1,1,0,0,1,0,0,0,0,0,0,0,6,1714.42470520751,0.3,0
8401082_1,8401082,1,0,0,0,0,0,0,0,0,0,0,0,0,0,0,0,3,1390.48663524488,0.0,0
8401083_1,8401083,1,0,0,0,0,0,0,0,1,1,0,0,0,0,0,0,3,1914.997524501,0.2,0
8401084_1,8401084,1,1,1,0,0,0,0,1,1,0,1,0,0,0,0,0,2,1023.79619438085,0.5,1
8401085_1,8401085,1,0,0,0,0,0,0,0,1,0,0,0,0,0,0,0,2,1569.37581660623,0.1,0
8401086_1,8401086,1,0,0,0,1,0,0,0,0,0,0,0,0,0,0,0,4,1975.11393630953,0.05,0
8401087_1,8401087,1,0,0,0,0,0,0,0,1,0,0,0,0,0,0,0,3,1878.06269904106,0.1,0
8401089_1,8401089,1,0,0,0,0,0,0,0,1,0,0,0,0,0,0,0,4,1910.1988608366,0.1,0
8401090_1,8401090,1,0,0,0,0,0,0,0,1,0,0,0,0,0,0,0,2,1561.83074056485,0.1,0
8401091_1,8401091,1,0,0,0,0,0,0,0,1,0,0,0,0,0,0,0,1,2009.15701227581,0.1,0
8401092_1,8401092,1,0,0,0,0,0,0,0,0,0,0,0,0,0,0,0,1,2642.85073564305,0.0,0
8401093_1,8401093,1,0,0,0,0,0,0,1,0,0,0,0,0,0,0,0,1,1601.20409840993,0.1,0
8401094_1,8401094,1,0,0,0,1,0,0,0,0,0,0,0,0,0,0,0,5,1840.83337701744,0.05,0
8401095_1,8401095,1,0,0,0,0,0,0,0,0,0,0,0,0,0,0,0,2,1971.5081142777,0.0,0
8401096_1,8401096,1,0,0,0,0,0,0,1,1,0,0,0,0,0,0,0,2,1540.83527774102,0.2,0
8401098_1,8401098,1,0,0,0,0,0,0,0,1,1,0,0,0,0,0,0,1,2381.96177342001,0.2,0
8401099_1,8401099,1,0,0,0,0,0,0,1,1,0,0,0,0,0,0,0,2,1989.0897490828,0.2,0
8401100_1,8401100,1,0,0,0,0,0,0,0,1,0,0,0,0,0,0,0,4,2566.07514569063,0.1,0
8401101_1,8401101,1,0,0,0,0,0,0,0,1,0,0,0,0,0,0,0,2,1974.1590844821,0.1,0
8401102_1,8401102,1,0,0,0,0,0,0,0,1,0,0,0,0,0,0,0,5,2324.14935399716,0.1,0
8401103_1,8401103,1,0,0,0,0,0,0,0,1,0,0,0,0,0,0,0,2,1500.73345870071,0.1,0
8401104_1,8401104,1,0,0,0,0,0,0,0,0,0,0,0,0,0,0,0,1,2396.18466698303,0.0,0
8401106_1,8401106,1,0,0,0,1,0,0,0,1,1,1,0,0,0,0,0,4,1563.04554392642,0.35,1
8401107_1,8401107,1,0,0,0,0,0,0,0,0,0,0,0,0,0,0,0,3,2109.19796238111,0.0,0
8401108_1,8401108,1,0,0,0,0,0,0,1,1,0,0,0,0,0,0,0,1,1310.07608051722,0.2,0
8401109_1,8401109,1,0,0,0,0,0,0,0,0,0,0,0,0,0,0,0,2,2391.07411719481,0.0,0
8401110_1,8401110,1,0,0,0,0,0,0,1,0,0,0,0,0,0,0,0,3,2204.68229887428,0.1,0
8401111_1,8401111,1,0,0,0,0,0,0,0,1,0,0,0,0,0,0,0,5,1296.91130222497,0.1,0
8401113_1,8401113,1,0,0,0,0,0,0,0,1,0,1,0,0,0,0,1,3,1647.38207853159,0.24,0
8401114_1,8401114,1,0,0,0,0,0,0,0,0,0,0,0,0,0,0,0,1,2247.74455066441,0.0,0
8401115_1,8401115,1,0,0,0,0,0,0,0,0,0,0,0,0,0,0,0,4,1610.52178026446,0.0,0
8401116_1,8401116,1,0,0,0,1,0,0,0,1,0,0,0,0,0,0,0,4,2513.70151510419,0.15,0
8401117_1,8401117,1,1,0,0,1,0,0,0,1,0,0,0,0,0,0,0,4,1610.52178026446,0.25,0
8401118_1,8401118,1,0,0,0,0,0,0,0,1,0,0,0,0,0,0,0,4,1070.93536575395,0.1,0
8401119_1,8401119,1,0,0,0,0,0,0,0,0,0,0,0,0,0,0,0,3,1405.82059922157,0.0,0
8401120_1,8401120,1,0,0,0,0,0,0,1,0,0,0,0,0,0,0,0,2,1820.11167183158,0.1,0
8401121_1,8401121,1,0,0,0,1,0,0,0,0,0,0,0,0,0,0,0,3,2802.84909521025,0.05,0
8401122_1,8401122,1,0,0,0,0,0,0,0,0,0,0,0,0,0,0,0,1,2051.54275108773,0.0,0
8401123_1,8401123,1,0,0,0,0,0,0,0,0,0,0,0,0,0,0,0,1,2332.570409176,0.0,0
8401124_1,8401124,1,0,0,0,0,0,0,1,0,0,0,0,0,0,0,0,1,2332.570409176,0.1,0
8401125_1,8401125,1,0,0,0,1,0,0,0,1,0,0,0,0,0,0,0,5,1068.02930771644,0.15,0
8401126_1,8401126,1,1,0,0,0,0,0,0,1,0,0,0,0,0,0,0,2,2708.58341026704,0.2,0
8401127_1,8401127,1,1,0,0,0,0,0,1,1,0,0,0,0,0,0,0,2,1718.600653869,0.3,0
8401128_1,8401128,1,0,0,0,0,0,0,1,0,0,0,0,0,0,0,0,1,2381.33625824842,0.1,0
8401129_1,8401129,1,0,0,0,0,0,0,0,1,0,0,0,0,0,0,0,1,2074.52488514066,0.1,0
8401130_1,8401130,1,0,0,0,0,0,0,0,0,0,0,0,0,0,0,0,1,2534.62884625563,0.0,0
8401131_1,8401131,1,1,1,0,0,0,0,0,0,0,0,0,0,0,0,0,3,1419.16240544438,0.2,0
8401132_1,8401132,1,0,0,0,0,0,0,0,0,0,0,0,0,0,0,0,3,1662.17247692019,0.0,0
8401133_1,8401133,1,0,0,0,0,0,0,0,0,0,0,0,0,0,0,0,3,1206.64623729019,0.0,0
8401134_1,8401134,1,0,0,0,0,0,0,0,1,0,0,0,0,0,0,0,3,1722.90439078826,0.1,0
8401135_1,8401135,1,0,0,0,0,0,0,0,0,0,0,0,0,0,0,0,2,2036.84091464743,0.0,0
8401136_1,8401136,1,0,0,0,0,0,0,1,1,0,0,0,0,0,0,0,2,1500.73345870071,0.2,0
8401137_1,8401137,1,0,0,0,0,0,0,1,0,0,0,0,0,0,0,0,1,1804.60029469444,0.1,0
8401138_1,8401138,1,0,0,0,1,0,0,0,0,0,0,0,0,0,0,0,3,1584.93304975833,0.05,0
8401139_1,8401139,1,0,0,0,0,1,0,0,0,0,0,0,0,0,0,0,3,1547.75271521676,0.05,0
8401140_1,8401140,1,0,0,0,0,1,0,0,1,1,0,0,0,0,0,0,4,1931.5482638385,0.25,0
8401141_1,8401141,1,0,0,0,1,0,0,0,0,0,1,0,0,0,0,0,3,2089.32550297372,0.15,0
8401142_1,8401142,1,1,0,0,0,0,0,0,1,1,0,0,0,0,0,0,1,1337.46516689359,0.3,0
8401143_1,8401143,1,0,0,0,0,0,0,0,0,0,0,0,0,0,0,0,1,1345.4512836001,0.0,0
8401144_1,8401144,1,0,0,0,0,0,0,0,0,0,0,0,0,0,0,0,2,2206.80893514796,0.0,0
8401145_1,8401145,1,0,0,0,0,0,0,0,1,0,0,0,0,0,0,0,4,1735.76306519998,0.1,0
8401146_1,8401146,1,0,0,0,0,0,0,0,0,0,0,0,0,0,0,0,1,1902.85252966299,0.0,0
8401169_1,8401169,1,1,1,0,0,0,0,0,0,0,0,0,0,0,0,0,3,732.769491063344,0.2,0
8401170_2,8401170,2,1,0,0,0,0,0,0,1,0,0,0,0,0,0,0,5,533.756494351332,0.2,0
8401170_1,8401170,1,1,0,0,0,0,0,0,1,0,0,0,0,0,0,0,5,533.756494351332,0.2,0
8401171_1,8401171,1,0,0,0,0,0,0,1,1,0,0,0,0,0,0,0,1,273.412135445628,0.2,0
8401172_1,8401172,1,0,0,0,1,0,0,0,1,0,0,0,0,0,0,0,4,388.344734516621,0.15,0
8401173_1,8401173,1,0,0,0,0,0,0,0,0,0,0,0,0,0,0,0,2,758.74156604779,0.0,0
8401174_1,8401174,1,0,0,0,0,0,0,0,1,0,0,0,0,0,0,0,1,273.412135445628,0.1,0
8401175_1,8401175,1,1,0,0,0,0,1,0,1,0,0,0,0,0,0,0,2,305.131737973326,0.25,0
8401177_1,8401177,1,0,0,0,0,0,0,0,0,0,0,0,0,0,0,0,3,659.492541957009,0.0,0
8401178_1,8401178,1,0,0,0,0,0,0,0,1,0,0,0,0,0,0,0,4,675.859311429226,0.1,0
8401179_1,8401179,1,1,0,1,0,0,0,0,1,0,0,0,0,0,0,0,2,258.017873820414,0.25,0
8401180_1,8401180,1,0,0,0,0,0,0,1,1,0,0,0,0,0,0,0,2,276.690862658193,0.2,0
8401195_1,8401195,1,0,0,0,1,0,0,0,1,0,0,0,0,0,0,0,6,962.066816138709,0.15,0
8401196_1,8401196,1,0,0,0,0,0,0,0,0,0,0,0,0,0,0,0,5,944.672323632257,0.0,0
8401197_1,8401197,1,0,0,0,0,0,0,0,0,0,0,0,0,0,0,0,2,701.028094435264,0.0,0
8401198_1,8401198,1,0,0,0,0,0,0,0,0,0,0,0,0,0,0,0,3,667.414910910197,0.0,0
8401199_1,8401199,1,0,0,0,0,0,0,0,0,0,0,0,0,0,0,0,5,1240.89211021924,0.0,0
8401200_1,8401200,1,0,0,0,0,1,0,0,0,0,0,0,0,0,0,0,4,737.853982261272,0.05,0
8401201_1,8401201,1,0,0,0,0,0,0,1,0,0,0,0,0,0,0,0,3,667.414910910197,0.1,0
8401382_1,8401382,1,1,0,0,1,0,0,1,1,0,0,0,1,0,0,0,2,378.360373266504,0.39,1
8401383_1,8401383,1,0,0,0,0,1,0,0,0,0,0,0,0,0,0,0,4,464.976778030758,0.05,0
8401384_1,8401384,1,0,0,0,0,0,0,0,1,0,0,0,0,0,0,0,3,359.059881764628,0.1,0
8401385_1,8401385,1,0,0,0,0,0,0,0,0,0,0,0,0,0,0,0,2,382.557647718626,0.0,0
8401386_1,8401386,1,1,0,0,0,0,0,1,0,0,0,0,0,0,0,0,1,342.789327942508,0.2,0
8401387_1,8401387,1,0,0,0,0,0,0,0,0,0,0,0,0,0,0,0,1,530.841277162636,0.0,0
8401388_1,8401388,1,1,0,0,0,0,0,1,1,0,0,0,0,0,0,0,2,346.900018552017,0.3,0
8401389_1,8401389,1,1,0,0,0,0,0,0,1,0,0,0,0,0,0,0,1,391.875078324861,0.2,0
8401390_1,8401390,1,0,0,0,0,0,0,0,1,0,0,0,0,0,0,0,3,701.250766285669,0.1,0
8401391_1,8401391,1,0,0,0,0,0,0,0,1,0,0,0,0,0,0,0,2,490.063491841914,0.1,0
8402934_2,8402934,2,0,0,0,0,0,0,0,1,0,1,0,0,0,0,0,1,2548.01663071378,0.2,0
8402934_1,8402934,1,0,0,0,0,0,0,0,1,0,0,0,0,0,0,0,1,2548.01663071378,0.1,0
8402935_1,8402935,1,0,0,0,0,0,0,0,1,0,0,0,0,0,0,0,1,2009.15701227581,0.1,0
8402936_1,8402936,1,0,0,0,0,0,0,0,1,0,0,0,0,0,0,0,1,2022.07831131767,0.1,0
8402937_1,8402937,1,0,0,0,0,0,0,1,0,0,0,0,0,0,0,0,2,1540.83527774102,0.1,0
8402938_1,8402938,1,0,0,0,0,0,0,0,1,0,1,0,0,0,0,0,5,1205.61266619592,0.2,0
8402939_1,8402939,1,0,0,0,0,0,0,0,0,0,0,0,0,0,0,0,3,1184.62010352231,0.0,0
8402941_1,8402941,1,0,0,0,0,0,0,0,0,0,1,0,0,0,0,0,4,2212.24613134616,0.1,0
8404371_1,8404371,1,0,0,0,0,0,0,0,0,0,0,0,0,0,0,0,2,1431.24526281769,0.0,0
8404372_1,8404372,1,0,0,0,0,0,0,0,0,0,0,0,0,0,0,0,1,1345.4512836001,0.0,0
8404373_1,8404373,1,0,0,0,0,0,0,0,0,0,0,0,0,0,0,0,1,1638.88392500112,0.0,0
8404374_1,8404374,1,1,0,0,0,1,0,0,1,0,0,0,0,0,0,0,4,2443.35150270345,0.25,0
8404392_1,8404392,1,1,0,0,0,0,0,0,1,0,0,0,0,0,0,0,2,852.684722478709,0.2,0
8404393_1,8404393,1,0,0,0,0,0,0,0,1,0,0,0,0,0,0,0,3,1027.76572360999,0.1,0
8404394_1,8404394,1,0,0,0,0,0,0,0,0,0,0,0,0,0,0,0,2,1204.58238740483,0.0,0
8404395_1,8404395,1,0,0,0,0,0,0,0,1,0,0,0,0,0,0,0,3,1104.35006483353,0.1,0
8404397_1,8404397,1,1,1,0,0,0,0,0,0,0,0,0,0,0,0,0,3,1204.36956320229,0.2,0
8404398_1,8404398,1,0,0,0,1,0,0,0,1,0,0,0,0,0,0,0,4,1142.91892110334,0.15,0
8404399_1,8404399,1,0,0,0,0,0,0,0,0,0,0,0,0,0,0,0,1,1304.81470997614,0.0,0
8404400_1,8404400,1,0,0,0,0,0,0,0,0,0,0,0,0,0,0,0,1,1304.81470997614,0.0,0
8404414_1,8404414,1,0,0,0,0,0,0,0,1,0,0,0,0,0,0,0,6,825.02596944341,0.1,0
8404581_1,8404581,1,0,0,0,0,0,0,0,1,0,0,0,1,0,0,0,3,732.711815977135,0.14,0
8404582_1,8404582,1,1,0,0,0,0,0,1,1,0,0,0,0,0,0,0,2,520.350027828025,0.3,0
8404583_1,8404583,1,0,0,0,1,1,0,0,1,0,0,0,0,0,0,1,10,1400.11005563266,0.24,0
8404584_1,8404584,1,0,0,0,0,0,0,1,1,0,0,0,0,0,0,0,2,837.260815257578,0.2,0
8404585_1,8404585,1,1,0,0,0,0,0,0,1,0,0,0,0,0,0,0,2,520.350027828025,0.2,0
8404586_1,8404586,1,1,0,0,0,0,0,0,1,0,0,0,0,0,0,0,2,453.017313932679,0.2,0
8404587_1,8404587,1,1,1,0,0,0,0,0,1,0,0,0,0,0,0,0,2,520.350027828025,0.3,0
8404589_1,8404589,1,0,0,0,0,0,0,0,1,0,0,0,0,0,0,1,4,1049.49272764277,0.14,0
8404590_1,8404590,1,0,0,0,0,0,0,0,1,0,0,0,0,0,0,0,2,520.350027828025,0.1,0
8404591_1,8404591,1,0,0,0,0,0,0,0,0,0,0,0,0,0,0,0,3,732.711815977135,0.0,0
8404592_1,8404592,1,0,0,0,0,0,0,0,1,0,0,0,0,0,0,0,2,815.019782743872,0.1,0
8404593_1,8404593,1,0,0,0,0,0,0,0,1,0,0,1,1,0,0,0,2,592.670535446315,0.18,0
8404594_1,8404594,1,0,0,0,1,0,0,0,1,0,0,0,0,0,0,0,3,635.689268385022,0.15,0
8404595_1,8404595,1,1,1,0,1,0,0,0,1,0,0,0,0,0,0,0,5,444.180777420845,0.35,1
8404596_1,8404596,1,0,0,0,0,0,0,0,0,0,0,0,0,0,0,0,2,419.532209936345,0.0,0
8404597_1,8404597,1,0,0,0,0,0,0,0,0,0,0,0,0,0,0,0,1,641.986169568563,0.0,0
8404598_1,8404598,1,0,0,0,1,0,0,0,1,0,0,0,0,0,0,0,3,673.119898486673,0.15,0
8404599_1,8404599,1,1,0,0,0,0,0,0,1,0,0,0,0,0,0,0,1,473.923922849129,0.2,0
8404600_1,8404600,1,0,0,0,0,0,0,0,1,0,0,0,0,0,0,0,1,641.986169568563,0.1,0
8404601_1,8404601,1,1,0,0,0,0,0,0,1,0,0,0,0,0,0,0,1,414.560843480471,0.2,0
8406703_1,8406703,1,1,0,0,0,0,0,0,1,0,0,0,0,0,0,0,4,1070.00241929694,0.2,0
8406704_1,8406704,1,0,0,0,0,0,0,0,0,0,0,0,0,0,0,0,2,1940.16241063957,0.0,0
8406705_1,8406705,1,1,1,0,0,0,0,0,1,0,0,0,0,0,0,0,6,1775.25426522993,0.3,0
8406706_1,8406706,1,0,0,0,0,0,0,1,0,0,0,0,0,0,0,0,2,1824.33167455271,0.1,0
8406707_1,8406707,1,0,0,0,0,0,0,1,0,0,0,0,0,0,0,0,2,1824.33167455271,0.1,0
8406708_1,8406708,1,0,0,0,0,0,0,0,1,0,0,0,0,0,0,0,2,1824.33167455271,0.1,0
8406709_1,8406709,1,0,0,0,0,0,0,1,1,0,0,0,0,0,0,0,3,1700.75797487395,0.2,0
8406710_1,8406710,1,0,0,0,0,0,0,0,0,0,0,0,0,0,0,0,3,1609.88312626718,0.0,0
8406711_1,8406711,1,0,0,0,0,0,0,0,0,0,0,0,0,0,0,0,3,2011.39821018562,0.0,0
8406712_1,8406712,1,0,0,0,0,0,0,1,0,0,0,0,0,0,0,0,2,1824.33167455271,0.1,0
8406713_1,8406713,1,0,0,0,0,0,0,0,0,0,0,0,0,0,0,0,3,2033.47148871053,0.0,0
8406714_1,8406714,1,0,0,0,0,0,0,0,0,0,0,0,0,0,0,0,2,2270.28528681779,0.0,0
8406715_1,8406715,1,0,0,0,0,0,0,0,1,1,0,0,0,0,0,0,2,2466.591986367,0.2,0
8406716_1,8406716,1,1,0,0,0,0,0,1,1,0,0,0,0,0,0,0,2,3454.69488085486,0.3,0
8406717_1,8406717,1,0,0,0,0,0,0,0,0,0,0,0,0,0,0,0,2,2698.60415778419,0.0,0
8406718_1,8406718,1,1,1,0,0,0,0,0,0,0,0,0,0,0,0,0,3,3765.91627016143,0.2,0
8406719_1,8406719,1,0,0,0,0,0,0,1,0,0,0,0,0,0,0,0,2,1479.00939232649,0.1,0
8406724_1,8406724,1,0,0,0,0,0,0,0,0,0,0,0,0,0,0,0,2,625.555330371919,0.0,0
8406725_1,8406725,1,0,0,0,0,0,0,1,0,0,0,0,0,0,0,0,1,560.526478996863,0.1,0
8406726_1,8406726,1,0,0,0,1,0,0,0,0,0,0,0,0,0,0,0,3,910.123405466379,0.05,0
8406727_1,8406727,1,1,0,0,0,0,0,1,1,0,0,0,0,0,0,0,1,694.393391039644,0.3,0
8406728_1,8406728,1,1,0,0,0,0,0,1,1,0,0,0,0,0,0,0,2,702.720477559473,0.3,0
8406729_1,8406729,1,0,0,0,1,0,0,0,0,0,0,0,0,0,0,0,5,1908.57793466387,0.05,0
8406730_1,8406730,1,0,0,0,0,0,0,0,0,0,0,0,0,0,0,0,3,989.510079179032,0.0,0
8406731_1,8406731,1,0,0,0,0,1,0,0,1,0,0,0,0,0,0,0,4,983.481377306635,0.15,0
8406732_1,8406732,1,1,0,0,0,0,0,1,1,0,0,0,0,0,0,0,3,709.021787543464,0.3,0
8406733_1,8406733,1,0,0,0,0,0,0,0,0,0,0,0,0,0,0,0,1,1072.26936789131,0.0,0
8406734_1,8406734,1,1,0,0,0,1,0,0,1,0,0,0,0,0,0,1,3,389.612094936926,0.29,0
8406735_1,8406735,1,0,0,0,0,0,0,1,1,0,0,0,0,0,0,0,1,273.412135445628,0.2,0
8406736_1,8406736,1,0,0,0,0,0,0,1,0,0,0,0,0,0,0,0,1,390.704265196278,0.1,0
8406737_1,8406737,1,0,0,0,0,0,0,0,0,0,0,0,0,0,0,0,3,657.470410206062,0.0,0
8409821_1,8409821,1,0,0,0,0,0,0,0,0,0,0,0,0,0,0,0,2,2485.97810638486,0.0,0
8409822_1,8409822,1,0,0,0,0,0,0,0,0,0,0,0,0,0,0,0,5,1517.78023155022,0.0,0
8409823_1,8409823,1,1,0,0,0,0,0,0,1,0,0,0,0,0,0,0,4,1122.13953815941,0.2,0
8409824_1,8409824,1,0,0,0,0,0,0,0,1,0,0,0,0,0,0,0,3,1406.92490013106,0.1,0
8409825_1,8409825,1,1,0,0,0,0,0,1,1,0,0,0,0,0,0,0,2,1739.00959160682,0.3,0
8409827_1,8409827,1,1,0,0,0,0,0,0,1,0,0,0,0,0,0,0,4,821.900309241983,0.2,0
8409828_1,8409828,1,0,0,0,0,0,0,0,0,0,0,0,0,0,0,0,1,1739.44363635957,0.0,0
8409829_1,8409829,1,1,0,0,0,0,0,0,1,1,1,0,0,0,0,0,2,2435.6470657031,0.4,1
8409830_1,8409830,1,0,0,0,0,0,0,1,1,0,0,0,0,0,0,0,2,1760.05052599856,0.2,0
8409831_1,8409831,1,0,0,0,0,0,0,0,0,0,1,0,0,0,0,0,4,3870.13579317363,0.1,0
8409832_1,8409832,1,0,0,0,0,0,0,0,1,0,0,0,0,0,0,0,3,1260.99406003688,0.1,0
8409833_1,8409833,1,0,0,0,0,1,0,0,1,0,0,0,0,0,0,0,2,1631.37902111496,0.15,0
8409834_1,8409834,1,0,0,0,0,0,0,0,0,0,0,0,0,0,0,0,2,1707.41469108363,0.0,0
8409835_1,8409835,1,1,1,0,0,0,0,1,1,0,1,0,0,0,0,0,4,1483.4278959397,0.5,1
8409836_1,8409836,1,0,0,0,0,0,0,0,0,0,0,0,0,0,0,0,1,2090.63402930079,0.0,0
8409837_1,8409837,1,0,0,0,0,0,0,0,1,0,1,0,0,0,0,0,3,2360.93706775966,0.2,0
8409838_1,8409838,1,0,0,0,1,0,0,0,0,0,0,0,0,0,0,0,2,2636.36171481226,0.05,0
8409839_1,8409839,1,0,0,0,0,0,0,0,1,0,0,0,0,0,0,0,2,2223.94529418843,0.1,0
8409840_1,8409840,1,0,0,0,0,0,0,0,0,0,0,0,0,0,0,0,3,2359.12379806415,0.0,0
8409841_1,8409841,1,0,0,0,0,0,0,0,0,0,0,0,0,0,0,0,3,2020.23613220907,0.0,0
8409842_1,8409842,1,0,0,0,0,0,0,1,1,0,0,0,0,0,0,0,2,2172.14973181547,0.2,0
8409843_1,8409843,1,0,0,0,0,0,0,0,1,0,0,0,0,0,0,0,2,1282.4512307215,0.1,0
8409844_1,8409844,1,0,0,0,0,0,0,0,0,0,0,0,0,0,0,0,1,2682.49349667769,0.0,0
8409845_1,8409845,1,0,0,0,0,0,0,0,1,0,0,0,0,0,0,0,3,2413.73078902704,0.1,0
8409846_1,8409846,1,1,0,0,0,0,0,0,1,0,0,0,0,0,0,0,4,1065.76983014752,0.2,0
8409847_1,8409847,1,0,0,0,0,0,0,0,1,0,0,0,0,0,0,1,3,1961.98351189725,0.14,0
8409848_1,8409848,1,0,0,0,0,0,0,0,0,0,0,0,0,0,0,0,2,1968.36560393335,0.0,0
8409849_1,8409849,1,0,0,0,0,0,0,0,1,0,0,0,0,0,0,0,2,1968.36560393335,0.1,0
8409850_1,8409850,1,0,0,0,0,0,0,0,0,0,1,0,0,0,0,0,3,1748.25759828333,0.1,0
8409851_1,8409851,1,0,0,0,0,0,0,0,0,0,1,0,0,0,0,0,2,2172.14973181547,0.1,0
8409852_1,8409852,1,0,0,0,0,0,0,0,0,0,0,0,0,0,0,0,2,2734.62647628057,0.0,0
8409853_1,8409853,1,1,0,0,0,0,0,1,1,0,0,0,0,0,0,0,2,2247.05144670566,0.3,0
8409854_1,8409854,1,0,0,0,0,0,0,0,0,0,0,0,0,0,0,0,4,2959.21643331747,0.0,0
8409855_1,8409855,1,0,0,0,0,0,0,0,0,0,0,0,0,0,0,0,1,2774.9932724252,0.0,0
8409856_1,8409856,1,0,0,0,0,0,0,0,0,0,0,0,0,0,0,0,3,3005.8740231162,0.0,0
8409857_1,8409857,1,0,0,0,0,0,0,0,0,0,0,0,0,0,0,0,3,2742.04637730065,0.0,0
8409858_1,8409858,1,0,0,0,1,0,0,0,1,0,0,0,0,0,0,0,5,1240.56342605067,0.15,0
8409859_1,8409859,1,0,0,0,0,0,0,0,1,0,0,0,0,0,0,0,1,2774.9932724252,0.1,0
8409861_1,8409861,1,0,0,0,0,0,0,0,1,0,0,0,0,0,0,0,2,948.915825590679,0.1,0
8409862_1,8409862,1,0,0,0,1,0,0,0,0,0,0,0,0,0,0,0,4,2440.75721072392,0.05,0
8409863_1,8409863,1,1,0,0,1,0,0,0,1,0,1,0,0,0,0,0,4,1357.13244820823,0.35,1
8409864_1,8409864,1,1,0,1,1,0,0,0,1,0,0,0,0,0,0,0,3,2794.79135496866,0.3,0
8409865_1,8409865,1,0,0,0,0,0,0,0,0,0,0,0,0,0,0,1,3,1909.79587123237,0.04,0
8409866_1,8409866,1,0,0,0,0,0,0,0,0,0,0,0,0,0,0,0,4,2959.21643331747,0.0,0
8409867_1,8409867,1,1,1,0,0,0,0,0,1,0,0,0,0,0,0,0,5,1122.91302071022,0.3,0
8409868_1,8409868,1,0,0,0,0,0,0,0,0,0,0,0,0,0,0,0,2,2798.12532054034,0.0,0
8409869_1,8409869,1,0,0,0,0,0,0,0,0,0,0,0,0,0,0,0,2,2314.66337163126,0.0,0
8409870_1,8409870,1,0,0,0,0,0,0,0,1,0,0,0,0,0,0,0,1,2507.264631732,0.1,0
8409908_1,8409908,1,1,0,0,0,0,0,0,1,0,0,0,1,0,0,0,1,651.728150484571,0.24,0
8409910_1,8409910,1,0,0,0,1,0,0,0,0,0,0,0,1,0,0,1,3,1166.25141586161,0.13,0
8409911_1,8409911,1,0,0,0,0,0,0,0,1,0,0,0,0,0,0,0,2,537.994868102036,0.1,0
8409912_1,8409912,1,0,0,0,0,0,0,1,1,0,0,0,0,0,0,0,3,1279.52592015592,0.2,0
8409913_1,8409913,1,1,1,0,0,0,0,0,1,0,0,0,1,0,0,0,4,1052.83291382228,0.34,1
8409914_1,8409914,1,1,1,0,0,0,0,0,1,0,0,0,0,0,0,0,3,509.112438940675,0.3,0
8409915_1,8409915,1,1,0,0,1,0,0,0,1,0,0,0,0,0,0,0,6,425.483201771646,0.25,0
8409916_1,8409916,1,1,0,0,0,0,0,1,0,0,0,0,0,0,0,0,1,526.635520507683,0.2,0
8409917_1,8409917,1,0,0,0,0,0,0,0,1,0,0,0,0,0,0,0,3,519.638254337949,0.1,0
8409918_1,8409918,1,0,0,0,0,0,0,1,1,0,0,0,0,0,0,0,1,713.390281159332,0.2,0
8409919_1,8409919,1,1,0,0,0,0,0,0,1,0,0,0,1,0,1,0,1,524.254426215046,0.28,0
8409920_1,8409920,1,1,0,0,0,0,0,0,1,0,0,0,1,0,0,0,2,808.247162805545,0.24,0
8409921_1,8409921,1,1,1,0,0,0,0,1,1,0,0,0,0,0,0,0,1,517.912856556799,0.4,1
8409922_1,8409922,1,1,0,0,0,0,0,0,1,0,0,0,0,0,0,0,2,462.644167207633,0.2,0
8409923_1,8409923,1,1,0,0,0,0,0,0,1,0,0,0,1,0,0,0,3,453.901891178041,0.24,0
8409924_1,8409924,1,1,1,0,0,0,0,1,1,0,0,0,1,0,0,0,2,524.123608591497,0.44,1
8409925_1,8409925,1,1,0,0,0,0,0,1,1,0,0,0,1,0,0,0,1,517.912856556799,0.34,1
8409926_1,8409926,1,1,0,0,0,0,0,0,1,0,0,0,0,0,0,0,1,517.912856556799,0.2,0
8409927_1,8409927,1,1,0,0,0,0,0,1,1,0,0,0,1,0,0,0,2,524.123608591497,0.34,1
8409928_1,8409928,1,0,0,0,0,1,0,0,0,0,0,0,0,0,0,0,2,464.175150808346,0.05,0
8409929_1,8409929,1,1,1,0,0,0,0,1,1,0,0,0,0,0,0,0,2,405.869152557084,0.4,1
8409930_1,8409930,1,1,1,0,0,0,0,1,1,0,0,0,0,0,0,0,1,460.669856621573,0.4,1
8409931_1,8409931,1,1,0,0,0,0,0,0,1,0,0,0,0,0,0,0,1,526.635520507683,0.2,0
8409932_1,8409932,1,0,0,0,0,0,0,0,1,0,0,0,0,0,0,0,2,750.12218541463,0.1,0
8409933_1,8409933,1,0,0,0,0,0,0,0,1,0,0,0,0,0,0,0,1,713.390281159332,0.1,0
8409956_1,8409956,1,0,0,0,0,0,0,0,0,0,0,0,0,0,0,0,2,1176.4412486176,0.0,0
8409957_1,8409957,1,0,0,0,0,0,0,0,1,0,0,0,0,0,0,0,1,948.857915916316,0.1,0
8409958_1,8409958,1,1,0,0,0,0,0,0,1,0,0,0,0,0,0,0,2,839.958565473582,0.2,0
8409959_1,8409959,1,0,0,0,0,0,0,0,1,0,0,0,0,0,0,0,1,1025.03373892599,0.1,0
8409960_1,8409960,1,1,0,0,0,0,0,1,1,0,0,0,0,0,0,0,2,839.958565473582,0.3,0
8409961_1,8409961,1,0,0,0,0,0,0,0,0,0,0,0,0,0,0,0,2,926.297364669937,0.0,0
8409962_1,8409962,1,0,0,0,0,0,0,0,1,0,0,0,0,0,0,0,1,840.168213315454,0.1,0
8409963_1,8409963,1,1,0,0,0,0,0,0,1,0,0,0,0,0,0,0,1,1285.34059906034,0.2,0
8409964_1,8409964,1,1,0,0,0,0,0,0,1,0,0,0,0,0,0,0,3,1522.87726010644,0.2,0
8409965_1,8409965,1,1,0,0,0,0,0,0,1,0,0,0,0,0,0,0,2,783.272425690712,0.2,0
8409966_1,8409966,1,1,1,0,0,0,0,0,1,0,0,0,0,0,0,0,2,671.966852378866,0.3,0
8409967_1,8409967,1,1,1,0,0,0,0,0,1,0,1,0,0,0,0,0,2,671.966852378866,0.4,1
8409968_1,8409968,1,1,1,0,0,0,0,0,1,0,0,0,0,0,0,0,1,759.086332733053,0.3,0
8409969_1,8409969,1,1,0,0,0,0,0,1,1,0,0,0,0,0,0,0,1,664.004189703019,0.3,0
8409970_1,8409970,1,1,0,0,0,0,0,0,1,0,0,0,0,0,0,0,1,664.004189703019,0.2,0
8409971_1,8409971,1,1,0,0,0,0,0,0,1,0,0,0,0,0,0,0,1,672.134570652364,0.2,0
8409972_1,8409972,1,1,0,0,0,0,0,1,1,0,0,0,0,1,0,0,1,664.004189703019,0.34,1
8409973_1,8409973,1,0,0,0,0,0,0,0,1,0,0,0,0,0,0,0,2,1073.08703917298,0.1,0
8409974_1,8409974,1,1,1,0,0,0,0,1,1,0,0,0,0,0,0,0,1,664.004189703019,0.4,1
8409975_1,8409975,1,1,0,0,0,0,0,1,1,0,0,0,0,0,0,0,1,759.086332733053,0.3,0
8409976_1,8409976,1,1,1,0,0,0,0,0,1,0,0,0,1,0,0,0,3,1779.59186544362,0.34,1
8409977_1,8409977,1,1,0,0,0,0,0,0,1,0,0,0,0,0,0,0,2,1259.93784821037,0.2,0
8409978_1,8409978,1,1,0,0,1,0,0,0,1,0,0,0,0,0,0,0,3,1694.56265576932,0.25,0
8409979_1,8409979,1,1,0,0,0,0,0,1,1,0,0,0,1,0,0,0,1,1423.28687387447,0.34,1
8409980_1,8409980,1,0,0,0,0,0,0,0,1,0,0,0,0,0,0,0,3,1779.59186544362,0.1,0
8409981_1,8409981,1,1,1,0,0,0,0,1,1,0,0,0,1,0,0,0,1,1245.00785569316,0.44,1
8409982_1,8409982,1,1,0,0,0,0,0,0,1,0,0,0,1,0,0,0,2,1259.93784821037,0.24,0
8409983_1,8409983,1,0,0,0,0,0,0,0,1,1,0,0,1,0,0,0,3,1274.86784072759,0.24,0
8409984_1,8409984,1,0,0,0,1,0,1,0,1,0,1,0,1,0,0,0,4,2071.13270832397,0.34,1
8409985_1,8409985,1,1,0,0,0,0,0,0,1,0,0,0,1,0,0,0,2,1259.93784821037,0.24,0
8409986_1,8409986,1,0,0,0,0,0,0,0,1,0,0,0,0,0,0,0,2,559.972376982388,0.1,0
8409987_1,8409987,1,1,0,0,1,0,0,0,1,0,0,0,0,0,0,0,5,559.052968056008,0.25,0
8409988_1,8409988,1,1,1,0,1,0,0,0,0,0,0,0,1,0,0,0,4,542.367100690079,0.29,0
8409989_1,8409989,1,1,1,0,0,1,0,0,1,0,0,0,1,0,0,0,3,608.191350194115,0.39,1
8409991_1,8409991,1,1,1,0,0,0,0,0,1,0,0,0,0,0,0,0,2,559.972376982388,0.3,0
8409992_1,8409992,1,1,0,0,0,0,0,1,1,0,0,0,1,0,0,0,1,856.893732706893,0.34,1
8409993_1,8409993,1,1,1,0,1,0,0,0,1,0,0,0,1,0,0,0,3,863.083991685443,0.39,1
8409994_1,8409994,1,0,0,0,0,0,0,0,1,0,0,0,1,0,0,0,1,856.893732706893,0.14,0
8409995_1,8409995,1,1,0,0,0,0,0,1,1,0,0,0,0,0,0,0,2,559.972376982388,0.3,0
8409996_1,8409996,1,1,1,0,0,0,0,1,1,0,0,0,0,0,0,0,1,632.571943944211,0.4,1
8409997_1,8409997,1,0,0,0,1,0,0,0,1,0,0,0,0,0,0,1,3,958.433951004926,0.19,0
8412322_1,8412322,1,1,0,0,0,0,0,0,1,0,1,0,0,0,0,0,3,1149.44469591206,0.3,0
8412323_1,8412323,1,1,1,0,0,0,0,1,1,0,1,0,0,0,0,0,5,1447.70085315523,0.5,1
8412324_1,8412324,1,0,0,0,0,0,0,1,1,0,0,0,0,0,0,0,3,1818.00114663146,0.2,0
8412325_1,8412325,1,0,0,0,1,0,0,0,0,0,1,0,0,0,0,0,4,1172.28415794482,0.15,0
8412326_1,8412326,1,0,0,0,0,1,0,0,1,0,0,0,0,0,0,0,5,906.410263885653,0.15,0
8412327_1,8412327,1,0,0,0,0,0,0,0,1,0,1,0,0,0,0,0,6,1505.84764040895,0.2,0
8412328_1,8412328,1,0,0,0,0,0,0,0,0,0,0,0,0,0,0,0,4,1709.05901804306,0.0,0
8413281_1,8413281,1,1,0,0,0,0,0,0,1,0,0,0,0,0,0,0,2,1313.15778272212,0.2,0
8413282_1,8413282,1,0,0,0,0,0,0,0,0,0,0,0,0,0,0,0,4,1310.42948532493,0.0,0
8413283_1,8413283,1,0,0,0,0,0,0,0,1,0,0,0,0,0,0,0,4,1955.60141986114,0.1,0
8413284_1,8413284,1,0,0,0,0,0,0,1,0,0,0,0,0,0,0,0,1,1376.83123462525,0.1,0
8413285_1,8413285,1,0,0,0,0,0,0,1,0,0,0,0,0,0,0,0,1,1376.83123462525,0.1,0
8413286_1,8413286,1,0,0,0,0,0,0,0,1,0,0,0,0,0,0,0,2,1299.30980272157,0.1,0
8413287_1,8413287,1,0,0,0,0,0,0,0,0,0,0,0,0,0,0,0,3,1045.05421376203,0.0,0
8413288_1,8413288,1,0,0,0,0,0,0,1,1,0,1,0,0,0,0,0,1,937.805801528421,0.3,0
8413289_1,8413289,1,0,0,0,0,0,0,0,0,0,0,0,0,0,0,0,1,937.805801528421,0.0,0
8413338_1,8413338,1,1,0,0,0,0,0,1,1,0,0,0,0,0,0,0,1,434.615851950285,0.3,0
8413339_1,8413339,1,0,0,0,0,0,0,0,0,0,0,0,0,0,0,0,2,445.149357572838,0.0,0
8413340_1,8413340,1,1,1,0,0,0,0,0,1,0,0,0,0,0,0,0,4,569.530739390504,0.3,0
8413342_1,8413342,1,1,0,0,0,0,0,0,1,0,0,0,1,0,0,0,3,435.908302217776,0.24,0
8413343_1,8413343,1,1,1,0,0,0,0,1,1,0,0,0,1,0,0,0,2,621.341869932214,0.44,1
8413344_1,8413344,1,0,0,0,0,0,0,0,1,0,0,0,0,0,0,0,2,382.914499360965,0.1,0
8413345_1,8413345,1,0,0,0,0,0,0,0,1,0,0,0,0,0,0,0,5,743.161534838702,0.1,0
8413346_1,8413346,1,0,0,0,0,0,0,0,0,0,0,0,0,0,0,0,1,673.043222521533,0.0,0
8413347_1,8413347,1,1,0,0,0,0,0,0,0,0,0,0,0,0,0,0,1,439.937493737757,0.1,0
8413348_1,8413348,1,0,0,0,0,0,0,0,0,0,0,0,1,0,0,0,1,673.043222521533,0.04,0
8413349_1,8413349,1,0,0,0,0,0,0,0,0,0,0,0,0,0,0,0,3,443.134761812848,0.0,0
8413350_1,8413350,1,1,0,0,0,0,0,1,0,0,0,0,0,0,0,0,1,596.22085219459,0.2,0
8413351_1,8413351,1,0,0,0,0,0,0,0,0,0,0,0,0,0,0,0,3,498.428402314625,0.0,0
8413352_1,8413352,1,0,0,0,1,0,0,0,1,0,0,0,0,0,0,0,3,799.730039051288,0.15,0
8413353_1,8413353,1,1,0,0,0,0,0,1,0,0,0,0,0,0,0,0,1,521.539022340342,0.2,0
8413354_1,8413354,1,0,0,0,0,0,0,0,1,0,0,0,0,0,0,0,2,459.497399233158,0.1,0
8413355_1,8413355,1,1,0,0,0,0,0,1,1,0,0,0,0,0,0,0,1,521.539022340342,0.3,0
8413356_1,8413356,1,1,0,0,0,0,0,1,1,0,0,0,0,0,0,0,1,596.22085219459,0.3,0
8413357_1,8413357,1,0,0,0,0,0,0,0,0,0,0,0,0,0,0,0,3,677.182650666506,0.0,0
8413358_1,8413358,1,1,0,0,0,0,0,1,1,0,0,0,0,0,0,0,1,521.539022340342,0.3,0
8413359_1,8413359,1,1,0,0,0,0,0,0,1,0,0,0,0,0,0,0,2,527.79325894244,0.2,0
8413360_1,8413360,1,1,0,0,0,0,0,1,1,0,0,0,0,0,0,0,2,725.715731045856,0.3,0
8413361_1,8413361,1,0,0,0,1,0,0,0,0,0,0,0,0,0,0,0,3,757.592319207083,0.05,0
8413362_1,8413362,1,1,0,0,0,0,0,1,1,0,0,0,1,0,0,0,1,717.116155717971,0.34,1
8413363_1,8413363,1,1,0,0,0,0,0,0,0,0,0,0,1,0,0,0,3,631.62779032415,0.14,0
8413364_1,8413364,1,0,0,0,0,0,0,0,1,0,0,0,1,0,0,0,1,819.803671767562,0.14,0
8413365_1,8413365,1,0,0,0,0,0,0,0,0,0,0,0,1,0,0,0,2,640.589632894921,0.04,0
8413366_1,8413366,1,1,0,0,1,0,0,0,0,0,0,0,1,0,0,0,3,706.223642252961,0.19,0
8413368_1,8413368,1,0,0,0,0,0,0,0,1,0,0,0,0,0,0,0,2,1025.21408538815,0.1,0
8413369_1,8413369,1,0,0,0,0,0,0,0,1,0,0,0,0,0,0,0,1,717.116155717971,0.1,0
8413370_1,8413370,1,0,0,0,1,0,0,0,1,0,0,0,1,0,0,0,6,1406.96850642556,0.19,0
8413371_1,8413371,1,1,1,0,0,0,0,0,1,0,0,0,0,0,0,0,2,751.453615018571,0.3,0
8413372_1,8413372,1,1,1,0,0,0,0,0,1,0,0,0,0,0,0,0,3,720.459561682662,0.3,0
8413373_1,8413373,1,1,0,0,0,0,0,0,0,0,0,0,0,0,0,0,3,1309.92424085059,0.1,0
8413375_1,8413375,1,1,0,0,0,0,0,1,1,0,0,0,0,0,0,0,1,806.755675182717,0.3,0
8413376_1,8413376,1,1,0,0,1,0,0,1,1,0,0,0,0,0,0,0,3,988.84197983146,0.35,1
8413377_1,8413377,1,0,0,0,0,0,0,0,0,0,0,0,0,0,0,0,3,822.568901615099,0.0,0
8413378_1,8413378,1,0,0,0,0,0,0,0,0,0,0,0,0,0,0,0,1,806.755675182717,0.0,0
8413379_2,8413379,2,1,0,1,1,0,0,0,0,0,0,0,0,0,0,1,3,1507.38383206708,0.24,0
8413379_1,8413379,1,0,0,0,1,0,0,0,1,0,0,0,0,0,0,0,5,1507.38383206708,0.15,0
8413438_1,8413438,1,0,0,0,0,0,0,0,1,0,0,0,0,0,0,0,3,235.42518441562,0.1,0
8413439_1,8413439,1,0,0,0,0,0,0,0,0,0,0,0,0,0,0,0,2,510.453652140431,0.0,0
8413440_1,8413440,1,0,0,0,0,0,0,1,0,0,0,0,0,0,0,0,1,490.354726194947,0.1,0
8413441_1,8413441,1,1,0,0,0,0,0,0,1,0,0,0,0,0,0,0,4,285.882227387933,0.2,0
8413467_1,8413467,1,0,0,0,0,0,0,0,0,0,0,0,0,0,0,0,2,746.302825534208,0.0,0
8413468_1,8413468,1,0,0,0,0,0,0,0,0,0,0,0,0,0,0,0,2,746.302825534208,0.0,0
8413469_1,8413469,1,1,0,0,0,0,0,0,0,0,0,0,0,0,0,0,1,528.415370866195,0.1,0
8413470_1,8413470,1,0,0,0,0,0,0,0,0,0,0,0,0,0,0,0,2,534.675416896644,0.0,0
8413471_1,8413471,1,0,0,0,0,0,0,1,0,0,0,0,0,0,0,0,1,522.023468928371,0.1,0
8413472_1,8413472,1,0,0,0,0,0,0,0,1,0,0,1,0,0,0,0,3,546.801401772981,0.14,0
8413473_1,8413473,1,0,0,0,1,0,0,0,0,1,0,1,0,0,0,0,4,1065.49375887817,0.19,0
8413474_1,8413474,1,0,0,0,0,0,0,0,1,0,0,0,0,0,0,0,2,486.23943396731,0.1,0
8413475_1,8413475,1,1,0,0,0,0,0,0,1,0,0,0,0,0,0,0,2,622.83115449289,0.2,0
8413476_1,8413476,1,0,0,0,1,0,0,0,1,0,0,0,0,0,0,0,4,940.881815914737,0.15,0
8413477_1,8413477,1,1,0,0,0,0,0,0,1,0,0,0,0,0,0,0,2,872.333816438241,0.2,0
8413478_1,8413478,1,0,0,0,0,0,0,0,1,0,0,0,0,0,0,0,2,872.333816438241,0.1,0
8413479_1,8413479,1,1,0,0,0,0,0,0,1,0,0,0,0,0,0,0,1,615.450739269017,0.2,0
8413480_1,8413480,1,1,0,0,0,0,0,0,1,0,0,0,0,0,0,0,2,630.367024060296,0.2,0
8413481_1,8413481,1,1,0,0,0,0,0,0,1,0,0,0,0,0,0,0,2,630.367024060296,0.2,0
8413482_1,8413482,1,1,0,0,0,0,0,0,1,0,0,0,0,0,0,0,2,622.83115449289,0.2,0
8413483_1,8413483,1,0,0,0,0,0,0,0,1,0,0,0,0,0,0,0,2,622.83115449289,0.1,0
8413484_1,8413484,1,1,0,0,0,0,0,0,0,0,0,0,0,0,0,0,2,630.367024060296,0.1,0
8413485_1,8413485,1,1,1,0,0,0,0,1,1,0,0,0,0,0,0,0,1,698.922803097001,0.4,1
8413486_1,8413486,1,1,0,0,0,0,0,0,1,1,0,0,0,0,0,0,3,667.951890782135,0.3,0
8413487_1,8413487,1,1,0,0,0,0,0,0,1,0,0,0,0,0,0,0,2,715.862146756733,0.2,0
8413488_1,8413488,1,1,1,0,0,0,0,1,1,0,0,0,0,0,0,0,2,615.77982956421,0.4,1
8413489_1,8413489,1,1,0,0,1,0,0,0,1,0,0,0,0,0,0,0,3,1071.73104345363,0.25,0
8413490_1,8413490,1,0,0,0,0,0,0,0,1,0,0,0,0,0,0,0,2,780.007548935541,0.1,0
8413491_1,8413491,1,0,0,0,0,0,0,0,0,0,0,0,0,0,0,0,2,659.570488068384,0.0,0
8413492_1,8413492,1,1,0,0,0,0,0,0,1,0,0,0,0,0,0,0,1,799.005120289524,0.2,0
8413493_1,8413493,1,1,0,0,0,0,0,0,1,0,0,0,0,0,0,0,2,542.23749697811,0.2,0
8415973_2,8415973,2,0,0,0,0,0,0,0,1,0,0,0,0,0,0,0,2,1682.22811289439,0.1,0
8415973_1,8415973,1,1,1,0,1,0,1,0,0,0,0,0,0,0,0,0,7,1682.22811289439,0.3,0
8415974_1,8415974,1,0,0,0,0,0,0,0,1,0,0,0,0,0,0,0,7,2793.36066511255,0.1,0
8415975_1,8415975,1,0,0,0,0,0,0,0,0,0,0,0,0,0,0,0,2,2300.12951562873,0.0,0
8415976_1,8415976,1,1,0,0,0,0,0,1,0,0,0,0,0,0,0,0,1,2437.36340183659,0.2,0
8415977_1,8415977,1,0,0,0,0,0,0,0,1,0,0,0,0,0,0,0,4,3150.38287962819,0.1,0
8415979_1,8415979,1,0,0,0,0,0,0,1,1,0,0,0,0,0,0,0,3,1550.17915118719,0.2,0
8415980_1,8415980,1,0,0,0,0,0,0,0,1,0,0,0,0,0,0,0,2,2530.23716105271,0.1,0
8415981_1,8415981,1,0,0,0,0,0,0,1,0,0,0,0,0,0,0,0,1,2316.02735662866,0.1,0
8415982_1,8415982,1,0,0,0,0,1,0,0,0,0,0,0,0,0,0,0,3,2576.46344838531,0.05,0
8415983_1,8415983,1,0,0,0,0,0,0,1,1,0,0,0,0,0,0,0,2,1926.04409717628,0.2,0
8415984_1,8415984,1,0,0,0,0,0,0,0,0,0,0,0,0,0,0,0,3,2094.23911158408,0.0,0
8415985_1,8415985,1,0,0,0,0,0,0,0,0,0,0,1,1,1,1,0,1,1727.90535212535,0.16,0
8415986_1,8415986,1,1,0,0,0,0,0,1,1,0,0,0,1,0,0,0,1,1707.00398896,0.34,1
8415987_1,8415987,1,1,0,0,0,0,0,0,1,0,0,0,1,0,0,0,1,1951.43858733765,0.24,0
8416002_1,8416002,1,1,0,0,0,0,0,0,1,0,0,0,0,0,0,0,1,572.053571756458,0.2,0
8416003_1,8416003,1,0,0,0,0,0,0,0,0,0,0,0,0,0,0,0,4,981.541855390392,0.0,0
8416004_1,8416004,1,1,0,0,0,0,0,0,0,0,0,0,0,0,0,0,3,877.189252737595,0.1,0
8416005_1,8416005,1,0,0,0,0,0,0,0,0,0,0,0,0,0,0,0,4,710.563288753087,0.0,0
8416006_1,8416006,1,1,0,0,0,0,0,0,1,0,0,0,0,0,0,0,4,775.962391398942,0.2,0
8416007_1,8416007,1,1,1,0,0,0,0,0,1,1,0,0,0,0,0,0,2,585.918067235532,0.4,1
8416008_1,8416008,1,0,0,0,0,0,0,0,0,0,0,0,0,0,0,0,2,504.002801678372,0.0,0
8416009_1,8416009,1,0,0,0,0,0,0,0,0,0,0,0,0,0,0,0,2,539.844531975163,0.0,0
8416010_1,8416010,1,1,0,0,0,0,0,0,1,0,0,0,0,0,0,0,4,1229.62272953278,0.2,0
8416011_1,8416011,1,0,0,0,0,0,0,0,0,0,0,0,0,0,0,0,2,539.844531975163,0.0,0
8416012_1,8416012,1,1,0,0,0,0,0,0,1,0,0,0,0,0,0,0,2,817.827592761659,0.2,0
8416013_1,8416013,1,1,0,0,0,0,0,1,1,0,0,0,0,0,0,0,1,799.375825581335,0.3,0
8416014_1,8416014,1,1,0,0,0,0,0,1,1,0,0,0,0,0,0,0,2,808.96184950865,0.3,0
8416015_1,8416015,1,1,0,0,0,0,0,0,1,0,0,0,0,0,0,0,1,1237.90809571441,0.2,0
8416016_1,8416016,1,1,0,0,0,0,0,0,1,1,0,0,0,0,0,0,2,1142.81535755426,0.3,0
8416017_1,8416017,1,1,0,0,0,0,0,0,0,0,0,0,0,0,0,0,2,704.283087421184,0.1,0
8416018_1,8416018,1,1,0,0,0,0,0,0,1,0,0,0,0,0,0,0,1,913.842522872312,0.2,0
8416019_1,8416019,1,0,0,0,0,0,0,0,0,0,0,0,0,0,0,0,1,809.163760784846,0.0,0
8416020_1,8416020,1,0,0,0,0,0,0,0,0,0,0,0,0,0,0,0,4,1135.40458713883,0.0,0
8419243_1,8419243,1,0,0,0,0,0,0,0,1,0,0,0,0,0,0,0,4,2365.92058984169,0.1,0
8419244_1,8419244,1,0,0,0,0,0,0,0,1,0,0,0,0,0,0,0,4,3201.1567296814,0.1,0
8419245_1,8419245,1,0,0,0,0,1,0,0,1,0,0,0,0,0,0,0,3,3312.1411614424,0.15,0
8419246_1,8419246,1,0,0,0,0,0,0,0,0,0,0,0,0,0,0,0,1,1850.90076113299,0.0,0
8419247_1,8419247,1,0,0,0,0,0,0,0,0,0,0,0,0,0,0,0,4,991.321545899209,0.0,0
8419248_1,8419248,1,1,0,0,0,0,0,0,0,0,0,0,0,0,0,0,2,1001.96706856752,0.1,0
8419249_1,8419249,1,0,0,0,0,0,0,0,0,0,0,0,0,0,0,0,2,2005.99808585637,0.0,0
8419250_1,8419250,1,0,0,0,1,0,0,0,0,0,1,0,0,0,0,0,3,2352.22957461022,0.15,0
8419251_1,8419251,1,0,0,0,0,0,0,0,1,0,0,0,0,0,0,0,4,521.397020888679,0.1,0
8419252_1,8419252,1,0,0,0,0,0,0,0,1,0,0,0,0,0,0,0,1,3477.58302996474,0.1,0
8419253_1,8419253,1,0,0,0,0,0,0,0,1,0,0,0,0,0,0,0,3,945.342735370848,0.1,0
8419254_1,8419254,1,0,0,0,0,0,0,1,1,0,0,0,0,0,0,0,3,3362.00588387613,0.2,0
8419255_1,8419255,1,0,0,0,0,0,0,0,0,0,0,0,0,0,0,0,3,3200.03522297817,0.0,0
8419256_1,8419256,1,0,0,0,1,0,0,0,0,0,0,0,0,0,0,0,4,915.345493702854,0.05,0
8419257_1,8419257,1,0,0,0,0,0,0,0,1,0,0,0,0,0,0,0,4,1367.2245310968,0.1,0
8419258_1,8419258,1,0,0,0,0,0,0,0,0,0,0,0,0,0,0,0,2,2506.16529068807,0.0,0
8419259_1,8419259,1,0,0,0,0,0,0,0,0,0,0,0,0,0,0,0,3,1213.95057791368,0.0,0
8419260_1,8419260,1,0,0,0,0,0,0,0,1,0,0,0,0,0,0,0,4,1075.59380947253,0.1,0
8419261_1,8419261,1,0,0,0,1,0,0,0,1,0,1,0,1,0,0,0,6,1089.24085590111,0.29,0
8419263_1,8419263,1,0,0,0,0,0,0,0,1,0,0,0,0,0,0,0,2,2109.56863920221,0.1,0
8419264_1,8419264,1,1,0,0,0,0,0,0,1,0,0,0,1,0,0,0,5,983.286741609784,0.24,0
8419265_1,8419265,1,1,0,0,0,0,0,1,1,0,0,0,0,0,0,0,2,2389.90309641988,0.3,0
8419266_1,8419266,1,0,0,0,0,0,0,0,0,0,0,0,0,0,0,0,2,2379.55283923254,0.0,0
8419267_1,8419267,1,1,0,0,0,0,0,1,0,0,0,0,1,0,0,0,1,707.319545624236,0.24,0
8419268_1,8419268,1,0,0,0,0,0,0,0,1,0,0,0,1,0,0,0,10,1906.14430079609,0.14,0
8419269_1,8419269,1,0,0,0,0,0,0,0,0,0,0,0,0,0,0,0,4,3459.37780388352,0.0,0
8419270_1,8419270,1,0,0,0,0,0,0,1,0,0,0,0,0,0,0,0,1,2361.5832587413,0.1,0
8419271_1,8419271,1,0,0,0,0,0,0,1,1,0,0,0,0,0,0,0,2,2389.90309641988,0.2,0
8419272_1,8419272,1,0,0,0,0,0,0,0,0,0,0,0,1,0,0,0,2,1168.74848170421,0.04,0
8419273_1,8419273,1,0,0,0,0,0,0,0,1,0,0,0,0,0,0,0,4,2943.11515293265,0.1,0
8419274_1,8419274,1,0,0,0,0,0,0,0,1,0,0,0,1,0,0,0,4,1398.49144988686,0.14,0
8419275_1,8419275,1,0,0,0,0,0,0,0,0,0,0,0,0,0,0,0,3,2943.68244304149,0.0,0
8419276_1,8419276,1,0,0,0,0,0,0,0,0,0,1,0,0,0,0,0,1,2273.42725266848,0.1,0
8419277_1,8419277,1,0,0,0,0,0,0,0,1,0,0,0,0,0,0,0,1,2567.5327997019,0.1,0
8419278_1,8419278,1,0,0,0,1,0,0,0,1,0,0,0,1,0,0,0,4,1081.327969984,0.19,0
8419279_1,8419279,1,0,0,0,0,0,0,0,1,1,0,0,0,0,0,0,2,2619.70301654878,0.2,0
8419280_1,8419280,1,0,0,0,0,0,0,0,0,0,1,0,0,0,0,0,2,1953.47874567337,0.1,0
8419281_1,8419281,1,0,0,0,1,0,0,0,0,0,1,0,0,0,0,0,4,1312.69610256164,0.15,0
8419282_1,8419282,1,0,0,0,1,0,0,0,1,0,0,1,1,1,1,0,2,1719.99279444248,0.31,0
8419283_1,8419283,1,0,0,0,0,0,0,1,0,0,0,0,0,0,0,0,2,1524.69423022231,0.1,0
8419284_1,8419284,1,1,1,0,1,0,0,0,1,0,1,1,1,1,1,0,5,2897.95145529193,0.61,1
8419285_1,8419285,1,0,0,0,0,0,0,0,1,0,0,0,0,0,0,0,3,2039.57892754946,0.1,0
8419287_1,8419287,1,0,0,0,0,0,0,1,0,0,0,0,0,0,0,0,1,1871.74283049059,0.1,0
8419288_1,8419288,1,0,0,0,0,0,0,0,1,1,0,0,0,0,0,0,1,1871.74283049059,0.2,0
8419289_1,8419289,1,1,1,0,0,0,0,0,0,0,0,0,1,0,0,0,2,1748.37554969517,0.24,0
8419290_1,8419290,1,0,0,0,0,0,0,0,0,0,1,0,0,0,0,0,3,1190.72596839587,0.1,0
8419291_1,8419291,1,0,0,0,1,0,0,0,1,1,0,1,1,0,0,0,7,3116.45780789472,0.33,0
8419292_1,8419292,1,1,0,0,0,0,0,0,1,0,0,0,1,0,0,0,3,2555.60006234312,0.24,0
8419293_1,8419293,1,0,0,0,0,0,0,0,1,0,0,0,0,0,0,0,3,2353.06489833978,0.1,0
8419294_1,8419294,1,1,0,0,0,0,0,1,1,0,0,0,1,0,0,0,1,2643.45504295634,0.34,1
8419295_1,8419295,1,0,0,0,0,0,0,0,1,1,0,0,1,0,0,0,1,2643.45504295634,0.24,0
8419296_1,8419296,1,0,0,0,0,1,0,0,1,0,0,0,0,0,0,0,3,3365.25443286019,0.15,0
8419297_1,8419297,1,0,0,0,0,0,0,0,0,0,0,0,0,0,0,0,2,3210.85508835925,0.0,0
8419298_1,8419298,1,0,0,0,0,0,0,0,0,0,0,0,0,0,0,0,1,3478.02773367701,0.0,0
8419299_1,8419299,1,0,0,0,1,0,0,0,1,0,0,0,1,0,0,0,7,1275.2362814555,0.19,0
8419300_1,8419300,1,1,0,0,1,0,0,0,1,0,0,0,1,0,0,0,7,1514.06576585395,0.29,0
8419302_1,8419302,1,0,0,0,0,0,0,0,1,0,0,0,0,0,0,0,2,2119.20085416478,0.1,0
8419354_1,8419354,1,1,0,0,0,0,1,0,1,0,0,0,0,0,0,0,3,424.660914747624,0.25,0
8419355_1,8419355,1,1,1,0,0,0,0,1,1,0,0,0,0,0,0,0,1,522.664377006472,0.4,1
8419356_1,8419356,1,0,0,0,0,1,0,0,1,0,0,0,0,0,0,1,3,861.20842498609,0.19,0
8419357_1,8419357,1,0,0,0,0,0,0,0,1,0,0,0,0,0,0,0,2,740.819340394161,0.1,0
8419358_1,8419358,1,1,1,0,1,0,0,0,1,0,0,0,0,0,0,0,3,711.391121530711,0.35,1
8419359_1,8419359,1,1,0,0,0,0,0,0,1,0,0,0,0,0,0,0,2,528.932108733655,0.2,0
8419360_1,8419360,1,0,0,0,0,0,0,0,1,0,0,0,0,0,0,0,3,541.599589979912,0.1,0
8419361_1,8419361,1,1,0,0,0,0,0,0,0,0,0,0,0,0,0,0,2,747.219089913234,0.1,0
8419362_1,8419362,1,1,0,0,0,0,0,0,1,0,0,0,0,0,0,0,5,715.236121935301,0.2,0
8419363_1,8419363,1,1,0,0,0,0,0,0,1,0,0,0,0,0,0,0,2,740.819340394161,0.2,0
8419374_1,8419374,1,0,0,0,0,0,0,1,0,0,0,0,0,0,0,0,1,560.571117799907,0.1,0
8419375_1,8419375,1,0,0,0,0,0,0,0,1,0,0,0,0,0,0,0,3,751.775977030883,0.1,0
8419376_1,8419376,1,0,0,0,0,0,0,0,1,1,0,0,0,0,0,0,3,437.823858034833,0.2,0
8419377_1,8419377,1,0,0,0,0,0,0,0,0,0,0,0,0,0,0,0,2,431.944643046607,0.0,0
8419378_1,8419378,1,1,0,0,0,0,0,0,1,0,0,0,0,0,0,0,3,700.777522572645,0.2,0
8419379_1,8419379,1,0,0,0,0,0,0,1,0,0,0,0,0,0,0,0,2,496.145290956516,0.1,0
8419380_1,8419380,1,0,0,0,0,0,0,0,1,0,0,0,0,0,0,0,3,636.576874662736,0.1,0
8419381_1,8419381,1,0,0,0,0,0,0,0,0,0,0,0,0,0,0,0,5,995.499992715882,0.0,0
8419382_1,8419382,1,0,0,0,0,1,0,0,0,0,0,0,0,0,0,0,5,800.378043140226,0.05,0
8419383_1,8419383,1,0,0,0,0,0,0,0,1,0,0,0,0,0,0,0,2,700.901357001841,0.1,0
8419384_1,8419384,1,0,0,0,0,0,0,0,0,0,0,0,0,0,0,0,1,555.715681750331,0.0,0
8419385_1,8419385,1,1,0,0,0,0,0,0,0,0,0,0,0,0,0,0,2,460.740952583047,0.1,0
8419386_1,8419386,1,1,0,0,0,0,0,0,1,0,0,0,0,0,0,0,1,809.837642585093,0.2,0
8419387_1,8419387,1,1,1,0,0,0,0,1,1,0,0,0,0,0,0,0,2,460.740952583047,0.4,1
8419388_1,8419388,1,1,1,0,0,0,0,1,1,0,0,0,0,0,0,0,1,522.950481032843,0.4,1
8419389_1,8419389,1,0,0,0,1,0,0,0,1,0,0,0,0,0,0,0,3,464.720147780619,0.15,0
8419390_1,8419390,1,1,0,0,0,0,0,0,1,0,0,0,0,0,0,0,2,529.221643686951,0.2,0
8419391_1,8419391,1,0,0,0,1,0,0,0,1,0,0,0,0,0,0,0,2,493.506153300536,0.15,0
8419392_1,8419392,1,0,0,0,0,0,0,0,1,0,0,0,0,0,0,0,6,1202.59555583646,0.1,0
8419577_1,8419577,1,0,0,0,0,0,0,0,0,0,0,0,0,0,0,0,2,563.573015618201,0.0,0
8419578_1,8419578,1,0,0,0,0,0,0,0,1,0,0,0,0,0,0,0,5,555.757974586235,0.1,0
8419579_1,8419579,1,0,0,0,0,0,0,0,0,0,0,0,0,0,0,1,3,806.438381228519,0.04,0
8419580_1,8419580,1,0,0,0,0,0,0,0,0,0,0,0,0,0,0,1,3,806.438381228519,0.04,0
8419581_1,8419581,1,0,0,0,0,0,0,0,0,0,0,0,0,0,0,0,2,563.573015618201,0.0,0
8419583_1,8419583,1,0,0,0,0,0,0,0,0,0,0,0,0,0,0,0,4,400.107306883298,0.0,0
8419584_1,8419584,1,0,0,0,0,0,0,1,1,0,0,0,0,0,0,0,2,398.935021334819,0.2,0
8419585_1,8419585,1,0,0,0,0,0,0,1,0,0,0,0,0,0,0,0,1,450.656340073591,0.1,0
8419586_1,8419586,1,0,0,0,0,0,0,1,1,0,0,0,0,0,0,0,1,399.034592753825,0.2,0
8419588_1,8419588,1,0,0,0,1,0,0,0,1,1,0,0,0,0,0,0,3,640.072668328412,0.25,0
8422829_1,8422829,1,1,0,0,0,0,0,0,1,0,0,0,0,0,0,0,1,3012.68822825078,0.2,0
8422830_1,8422830,1,0,0,0,0,0,0,0,0,0,0,0,0,0,0,0,2,2206.80893514796,0.0,0
8422832_1,8422832,1,0,0,0,0,0,0,0,1,0,0,0,0,0,0,0,4,1975.60368359997,0.1,0
8422833_1,8422833,1,0,0,0,0,0,0,0,1,0,0,0,0,0,0,0,3,2380.92117844391,0.1,0
8422835_1,8422835,1,0,0,0,1,0,0,0,0,0,0,0,0,0,0,0,5,2221.46387506999,0.05,0
8422837_1,8422837,1,0,0,0,0,0,0,1,0,0,0,0,0,0,0,0,1,1725.72487631506,0.1,0
8422838_1,8422838,1,0,0,0,0,0,0,0,0,0,0,0,0,0,0,0,3,2348.85982137638,0.0,0
8422841_1,8422841,1,0,0,0,1,0,0,0,0,0,0,0,0,0,0,0,2,2715.26181835125,0.05,0
8422844_1,8422844,1,1,0,0,1,0,0,0,1,0,0,0,0,0,0,0,5,1155.27304675025,0.25,0
8422845_1,8422845,1,1,0,0,0,0,0,0,0,0,0,0,0,0,0,0,2,1989.59768133459,0.1,0
8422846_1,8422846,1,0,0,0,0,0,0,0,1,0,0,0,0,0,0,0,3,1894.2474739232,0.1,0
8422847_1,8422847,1,0,0,0,0,0,0,0,0,0,0,0,0,0,0,0,2,2000.76160698057,0.0,0
8422848_1,8422848,1,0,0,0,0,0,0,0,0,0,0,0,0,0,0,0,2,1774.31464047527,0.0,0
8422873_1,8422873,1,1,1,0,0,0,0,1,1,0,0,0,0,0,0,0,3,426.321499285696,0.4,1
8422874_1,8422874,1,0,0,0,1,0,0,0,1,0,0,0,0,0,0,0,4,432.216592389004,0.15,0
8423029_1,8423029,1,1,0,0,0,0,0,1,1,0,0,0,0,0,0,0,1,378.326180801441,0.3,0
8423030_1,8423030,1,0,0,0,1,0,0,0,1,0,0,0,0,0,0,0,4,554.193119233953,0.15,0
8423031_1,8423031,1,0,0,0,0,0,0,0,1,0,0,0,0,0,0,0,4,513.18076221801,0.1,0
8423032_1,8423032,1,1,0,0,0,1,0,0,1,0,0,0,0,0,0,1,4,1039.85004768293,0.29,0
8423033_1,8423033,1,0,0,0,0,0,0,0,1,0,0,0,0,0,0,0,3,773.949194350171,0.1,0
8423034_1,8423034,1,0,0,0,0,0,0,0,1,0,0,0,0,0,0,0,2,357.024813920147,0.1,0
8423035_1,8423035,1,1,0,0,1,0,0,1,1,0,0,0,0,0,0,1,3,849.120559757884,0.39,1
8423036_1,8423036,1,0,0,0,0,0,0,0,0,0,0,0,0,0,0,0,1,382.958585266241,0.0,0
8423037_1,8423037,1,0,0,0,0,0,0,1,1,0,0,0,0,0,1,0,2,381.204911725997,0.24,0
8423038_1,8423038,1,0,0,0,0,0,0,0,0,0,0,0,0,0,0,0,2,441.28870183009,0.0,0
8426369_1,8426369,1,0,0,0,0,0,0,0,1,0,0,0,0,0,0,0,2,1889.24333306857,0.1,0
8426370_1,8426370,1,1,0,0,0,0,0,0,1,1,0,0,0,0,0,0,4,1988.83538631448,0.3,0
8426371_1,8426371,1,1,0,0,0,0,0,0,1,1,0,0,0,0,0,0,6,2599.50787268065,0.3,0
8426372_1,8426372,1,0,0,0,0,0,0,0,0,0,0,0,0,0,0,0,4,1992.44935248009,0.0,0
8426373_1,8426373,1,1,1,0,1,0,0,0,1,0,0,1,1,1,1,0,9,2940.14615018526,0.51,1
8426374_1,8426374,1,0,0,0,0,0,0,0,0,0,0,0,0,0,0,0,1,2317.21377000131,0.0,0
8426376_1,8426376,1,0,0,0,0,0,0,0,1,0,0,0,0,0,0,0,1,2317.21377000131,0.1,0
8426377_1,8426377,1,0,0,0,0,0,0,1,0,0,0,0,0,0,0,0,1,2256.28855576323,0.1,0
8426379_1,8426379,1,1,0,0,1,0,0,0,1,1,0,0,0,0,0,1,3,1894.2474739232,0.39,1
8426380_1,8426380,1,0,0,0,0,1,0,0,0,0,0,0,0,0,0,0,3,2901.64825073834,0.05,0
8426381_1,8426381,1,0,0,0,0,0,0,0,0,0,0,0,0,0,0,0,1,2836.86232106778,0.0,0
8426382_1,8426382,1,0,0,0,0,0,0,0,1,1,0,0,0,0,0,0,2,2185.98650503519,0.2,0
8426383_1,8426383,1,1,0,0,0,0,0,0,1,0,0,0,0,0,0,0,3,1416.48740304314,0.2,0
8426387_1,8426387,1,0,0,0,0,0,0,0,1,0,0,0,0,0,0,0,1,2836.86232106778,0.1,0
8426389_1,8426389,1,0,0,0,0,0,0,0,0,0,0,0,0,0,0,0,3,2040.22103926147,0.0,0
8426390_1,8426390,1,0,0,0,0,0,0,0,0,0,1,0,0,0,0,0,4,1227.85894102303,0.1,0
8426392_1,8426392,1,0,0,0,0,0,0,0,0,0,0,0,0,0,0,0,2,2469.95260357957,0.0,0
8426393_1,8426393,1,0,0,0,0,0,0,1,1,0,0,0,0,0,0,0,1,3103.33714505778,0.2,0
8426395_1,8426395,1,0,0,0,0,0,0,0,0,0,0,0,0,0,0,0,3,2727.00171994719,0.0,0
8426396_1,8426396,1,0,0,0,0,0,0,0,0,0,0,0,0,0,0,0,4,1178.25095949846,0.0,0
8426397_1,8426397,1,0,0,0,0,0,0,1,0,0,0,0,0,0,0,0,2,1331.58604249224,0.1,0
8426398_1,8426398,1,1,0,0,0,0,0,0,1,0,0,0,0,0,0,0,4,2392.85630789322,0.2,0
8426399_1,8426399,1,1,0,0,1,0,0,0,0,0,0,0,0,0,0,0,5,1132.01412627124,0.15,0
8426400_1,8426400,1,1,0,0,0,0,0,1,0,0,0,0,0,0,0,0,1,3103.33714505778,0.2,0
8426401_1,8426401,1,0,0,0,0,0,0,0,0,0,0,0,0,0,0,0,1,3121.86743147835,0.0,0
8426402_1,8426402,1,0,0,0,1,0,0,0,0,0,0,0,0,0,0,0,4,2360.78121135817,0.05,0
8426404_1,8426404,1,1,0,0,0,0,0,1,1,0,0,0,0,0,0,0,2,1298.11049247668,0.3,0
8426406_1,8426406,1,0,0,0,0,0,0,0,0,0,1,0,0,0,0,0,4,2061.42085108033,0.1,0
8426407_1,8426407,1,0,0,0,0,0,0,1,1,0,0,0,0,0,0,0,3,4051.35753266685,0.2,0
8426408_1,8426408,1,0,0,0,0,0,0,0,0,0,0,0,0,0,0,0,3,1404.63265609264,0.0,0
8426409_1,8426409,1,0,0,0,0,0,0,0,0,0,0,0,0,0,0,0,2,1706.06340634255,0.0,0
8426411_1,8426411,1,0,0,0,0,0,0,0,0,0,0,0,0,0,0,0,3,3462.85932691707,0.0,0
8426412_1,8426412,1,0,0,0,0,0,0,0,1,0,0,0,0,0,0,0,3,1312.86777495607,0.1,0
8426413_1,8426413,1,0,0,0,0,0,0,0,1,0,1,0,0,0,0,1,3,3164.44125223233,0.24,0
8426414_1,8426414,1,0,0,0,0,0,0,0,1,0,0,0,0,0,0,0,2,2589.66999225532,0.1,0
8426415_1,8426415,1,0,0,0,0,0,0,0,0,0,0,0,0,0,0,0,1,3093.78786812157,0.0,0
8426417_1,8426417,1,0,0,0,0,1,0,0,1,0,0,0,0,0,0,0,3,2600.91061827315,0.15,0
8426419_1,8426419,1,0,0,0,0,0,0,0,0,0,0,0,0,0,0,0,2,1793.57236183569,0.0,0
8426420_1,8426420,1,1,0,0,0,0,0,1,1,0,1,0,0,0,0,0,4,1029.99852958872,0.4,1
8426421_1,8426421,1,0,0,0,0,0,0,0,0,0,0,0,0,0,0,0,4,1450.96092935102,0.0,0
8426423_1,8426423,1,0,0,0,0,1,0,0,1,1,0,0,0,0,0,1,3,1951.2124904957,0.29,0
8426425_1,8426425,1,0,0,0,0,0,0,0,0,0,0,0,0,0,0,0,1,2686.52994784308,0.0,0
8426426_1,8426426,1,0,0,0,0,0,0,0,0,0,0,0,0,0,0,0,1,2081.2449543189,0.0,0
8426427_1,8426427,1,0,0,0,0,0,0,0,0,0,1,0,0,0,0,0,3,1951.2124904957,0.1,0
8426429_1,8426429,1,0,0,0,0,0,0,0,0,0,0,0,0,0,0,0,2,1536.06735293429,0.0,0
8426471_1,8426471,1,1,0,0,0,0,0,0,1,0,0,0,0,0,0,0,2,928.667488584377,0.2,0
8426478_1,8426478,1,0,0,0,0,0,0,0,1,0,0,0,0,0,0,0,4,821.986083482661,0.1,0
8426479_1,8426479,1,0,0,0,0,1,0,0,1,0,0,0,0,0,0,0,4,554.123606147179,0.15,0
8426481_1,8426481,1,0,0,0,1,0,0,0,1,0,0,0,0,0,0,0,4,1213.22095438161,0.15,0
8426482_1,8426482,1,1,0,0,0,0,0,0,1,0,0,0,0,0,0,0,3,480.164742713835,0.2,0
8426483_1,8426483,1,1,0,0,0,0,0,0,1,0,0,0,0,0,0,0,1,614.671447328855,0.2,0
8426485_1,8426485,1,0,0,1,1,0,1,0,1,0,0,0,0,0,0,0,3,731.076303940082,0.25,0
8426486_1,8426486,1,0,0,0,0,0,0,0,0,0,0,0,0,0,0,0,1,797.890821051879,0.0,0
8426487_1,8426487,1,0,0,0,0,0,0,0,1,0,0,0,0,0,0,0,2,1031.07109795361,0.1,0
8426488_1,8426488,1,0,0,0,0,0,0,0,0,0,0,0,0,0,0,0,2,680.605667055429,0.0,0
8426491_1,8426491,1,0,0,0,0,0,0,0,1,0,0,0,0,0,0,0,2,1174.37222241895,0.1,0
8426493_1,8426493,1,0,0,0,0,0,0,0,1,0,0,0,0,0,0,0,1,1080.83776160014,0.1,0
8426494_1,8426494,1,0,0,0,0,0,0,0,1,0,0,0,0,0,0,0,1,1080.83776160014,0.1,0
8426495_1,8426495,1,0,0,0,0,0,0,0,1,0,0,0,0,0,0,0,2,997.810739955108,0.1,0
8426496_1,8426496,1,0,0,0,0,0,0,0,1,0,0,0,0,0,0,0,2,706.317793437034,0.1,0
8426497_1,8426497,1,0,0,0,0,0,0,0,1,0,0,0,0,0,0,0,2,1022.24022511814,0.1,0
8426498_1,8426498,1,0,0,0,0,0,0,0,0,0,0,0,0,0,0,0,1,766.400256088633,0.0,0
8426499_1,8426499,1,0,0,0,1,0,0,0,1,0,0,0,0,0,0,0,2,804.883735332474,0.15,0
8426500_1,8426500,1,0,0,0,1,0,0,0,1,0,0,0,0,0,0,0,4,954.563429364452,0.15,0
8426501_1,8426501,1,1,0,0,0,0,0,0,1,0,0,0,0,0,0,0,2,635.418426447811,0.2,0
8426502_1,8426502,1,1,1,0,0,0,0,0,1,0,0,0,0,0,0,0,2,544.126300129271,0.3,0
8426503_1,8426503,1,0,0,0,0,0,0,0,1,0,0,0,0,0,0,0,2,768.68382929875,0.1,0
8426515_1,8426515,1,0,0,0,0,0,0,0,1,0,0,0,0,0,0,0,3,1031.30191555412,0.1,0
8426516_1,8426516,1,1,0,0,0,0,0,0,1,0,0,0,0,0,0,0,3,798.107558339661,0.2,0
8426517_1,8426517,1,0,0,0,0,0,0,0,0,0,0,0,0,0,0,0,3,1142.2447215918,0.0,0
8426518_1,8426518,1,0,0,0,0,0,0,0,1,0,0,0,0,0,0,0,3,1142.2447215918,0.1,0
8426519_1,8426519,1,0,0,0,1,0,0,1,1,0,0,0,0,0,0,0,3,584.861043152065,0.25,0
8426520_1,8426520,1,1,0,0,0,0,0,0,1,0,0,0,0,0,0,0,3,1266.60686562988,0.2,0
8426522_1,8426522,1,1,0,0,0,0,0,1,1,0,0,0,0,0,0,0,2,520.083711654162,0.3,0
8426523_1,8426523,1,0,0,1,1,0,1,0,1,0,0,0,0,0,0,0,2,534.509330624143,0.25,0
8426571_1,8426571,1,0,0,0,0,0,0,0,1,0,0,0,0,0,0,0,2,984.226353573898,0.1,0
8426572_1,8426572,1,1,1,0,0,0,0,0,1,0,0,0,0,0,0,0,4,517.285693168263,0.3,0
8426573_1,8426573,1,1,1,0,0,0,0,1,1,0,0,0,0,0,0,0,2,301.109216603513,0.4,1
8426574_1,8426574,1,1,0,0,0,0,0,1,1,0,0,0,0,0,0,0,2,466.915830735701,0.3,0
8426583_1,8426583,1,0,0,0,0,0,0,0,0,0,0,0,0,0,0,0,4,1970.90942868953,0.0,0
8426584_1,8426584,1,1,0,0,0,0,0,0,1,0,0,0,0,0,0,0,3,1067.43966399059,0.2,0
8426585_1,8426585,1,0,0,0,0,0,0,0,1,0,0,0,0,0,0,0,2,661.425562919729,0.1,0
8426586_1,8426586,1,0,0,0,0,0,0,0,1,0,0,0,0,0,0,0,1,786.833173694076,0.1,0
8426587_1,8426587,1,1,1,0,1,0,0,0,1,0,0,0,0,0,0,0,5,1460.54641178439,0.35,1
8426588_1,8426588,1,1,0,0,0,0,0,0,1,0,0,0,0,0,0,0,1,740.441200759169,0.2,0
8426589_1,8426589,1,1,1,0,0,0,0,1,1,0,0,0,0,0,0,0,1,664.119272610495,0.4,1
8426589_2,8426589,2,1,0,0,0,0,0,0,0,0,0,0,0,0,0,0,3,664.119272610495,0.1,0
8426590_1,8426590,1,0,0,0,0,1,0,1,1,0,0,0,0,0,0,0,2,746.07530987085,0.25,0
8426591_1,8426591,1,0,0,0,0,0,0,1,1,0,0,0,0,0,0,0,2,734.627928796744,0.2,0
8426592_1,8426592,1,0,0,0,0,0,0,0,1,0,0,0,0,0,0,0,2,734.627928796744,0.1,0
8426593_1,8426593,1,1,0,0,0,0,0,0,1,0,0,0,0,0,0,0,3,1113.13286448939,0.2,0
8426595_1,8426595,1,0,0,0,0,0,0,1,0,0,0,0,0,0,0,0,1,829.871322401464,0.1,0
8426596_1,8426596,1,1,0,0,0,0,0,0,1,0,0,0,0,0,0,0,1,771.405072249094,0.2,0
8426598_1,8426598,1,1,0,0,0,0,0,0,1,0,0,0,0,0,0,0,3,743.333111751165,0.2,0
8426599_1,8426599,1,1,0,0,0,0,0,0,1,0,0,0,0,0,0,0,2,734.627928796744,0.2,0
8426600_1,8426600,1,0,0,0,0,0,0,0,1,0,0,0,0,0,0,0,1,1124.15914415217,0.1,0
8426601_1,8426601,1,1,1,0,0,0,0,0,1,0,0,0,0,0,0,0,2,1028.91575054745,0.3,0
8426602_1,8426602,1,1,0,0,0,0,0,0,1,0,0,0,0,0,0,0,4,1063.37179729144,0.2,0
8426603_1,8426603,1,0,0,0,1,0,0,0,1,0,0,0,0,0,0,0,3,681.685315028374,0.15,0
8426604_1,8426604,1,0,0,0,1,0,0,0,1,0,0,0,0,0,0,0,4,1031.07448231673,0.15,0
8426605_1,8426605,1,0,0,0,0,0,0,0,1,0,0,0,0,0,0,0,3,988.043224348209,0.1,0
8426606_1,8426606,1,1,0,0,0,0,0,0,1,0,0,0,0,0,0,0,2,1037.80429154616,0.2,0
8426622_1,8426622,1,0,0,0,0,0,0,0,0,0,0,0,0,0,0,0,4,1000.67425168882,0.0,0
8426625_1,8426625,1,1,1,0,0,0,0,0,1,0,0,0,0,0,0,0,3,477.432655997052,0.3,0
8426626_1,8426626,1,1,1,0,0,0,0,1,1,0,0,0,0,0,0,0,1,367.699556976218,0.4,1
8426627_1,8426627,1,0,0,0,0,0,0,0,1,0,0,0,0,0,0,0,1,372.201844039284,0.1,0
8426628_1,8426628,1,0,0,0,0,0,0,0,1,0,0,0,0,0,0,0,5,560.423151893614,0.1,0
8426629_1,8426629,1,0,0,0,1,0,0,0,0,0,0,0,0,0,0,0,2,346.996514039439,0.05,0
8426630_1,8426630,1,1,0,0,0,0,0,0,1,0,0,0,0,0,0,0,2,372.108968217387,0.2,0
8426631_1,8426631,1,1,0,0,1,0,0,0,1,0,0,0,0,0,0,0,3,321.791184039594,0.25,0
8426632_1,8426632,1,1,0,0,0,0,0,0,1,0,0,0,0,0,0,0,2,372.108968217387,0.2,0
8426633_1,8426633,1,1,0,0,0,0,0,0,1,0,0,0,0,0,0,0,1,372.201844039284,0.2,0
8426634_1,8426634,1,1,0,0,0,0,0,0,1,0,0,0,0,0,0,0,2,328.460769348022,0.2,0
8426635_1,8426635,1,1,0,0,1,0,0,0,1,0,0,0,0,0,0,0,3,639.24816088736,0.25,0
8426637_1,8426637,1,1,0,0,0,0,0,1,1,0,0,0,0,0,0,0,1,473.923873436014,0.3,0
8426638_1,8426638,1,0,0,0,0,0,0,0,1,0,0,0,0,0,0,0,1,473.923873436014,0.1,0
8426639_1,8426639,1,1,0,0,0,0,0,1,1,0,0,0,0,0,0,0,2,479.607114591299,0.3,0
8426640_1,8426640,1,1,1,0,0,0,0,0,1,0,0,0,0,0,0,0,2,671.735030664939,0.3,0
8426641_1,8426641,1,1,0,0,0,0,0,0,1,0,0,0,0,0,0,0,2,671.735030664939,0.2,0
8426643_1,8426643,1,1,1,0,0,0,0,1,1,0,0,0,0,0,0,0,2,671.735030664939,0.4,1
8426644_1,8426644,1,1,0,0,1,0,0,0,1,0,0,0,0,0,0,0,3,445.043149306235,0.25,0
8426645_1,8426645,1,0,0,0,0,0,0,0,1,1,0,0,0,0,0,0,1,541.787447519101,0.2,0
8426646_1,8426646,1,0,0,0,0,0,0,0,1,0,0,0,0,0,0,0,1,479.726821206189,0.1,0
8426647_1,8426647,1,0,0,0,0,0,0,1,0,0,0,0,0,0,0,0,1,733.915363592741,0.1,0
8426649_1,8426649,1,1,0,0,0,0,0,1,1,0,0,0,0,0,0,0,1,479.726821206189,0.3,0
8426651_1,8426651,1,1,0,0,0,0,0,0,1,0,0,0,1,0,0,0,3,788.504574408135,0.24,0
8430230_1,8430230,1,0,0,0,0,1,0,0,1,0,0,0,0,0,0,0,6,1656.78459670735,0.15,0
8430231_1,8430231,1,0,0,0,0,0,0,1,1,0,0,0,0,0,0,0,1,1287.21798223736,0.2,0
8430232_1,8430232,1,0,0,0,0,0,0,0,1,1,0,0,0,0,0,0,5,1175.70984268675,0.2,0
8430233_1,8430233,1,0,0,0,1,0,0,0,0,0,0,0,0,0,0,0,5,1544.28131576716,0.05,0
8430234_1,8430234,1,1,0,0,1,0,0,0,0,0,0,0,0,0,0,1,3,2989.78499350276,0.19,0
8430235_1,8430235,1,1,0,0,0,0,0,1,1,0,0,0,0,0,0,0,2,3376.20119331216,0.3,0
8430236_1,8430236,1,0,0,0,0,0,0,0,1,0,0,0,0,0,0,0,1,1833.41261649502,0.1,0
8430250_1,8430250,1,1,0,0,0,0,0,0,1,0,0,0,0,0,0,0,1,809.837642585093,0.2,0
8430251_1,8430251,1,0,0,0,0,0,0,0,0,0,0,0,0,0,0,0,4,708.46902951513,0.0,0
8430361_1,8430361,1,0,0,0,0,0,0,0,0,0,0,0,0,0,0,0,1,459.041280557351,0.0,0
8430362_1,8430362,1,0,0,0,0,0,0,0,1,0,0,0,0,0,0,0,2,423.77897599059,0.1,0
8430363_1,8430363,1,0,0,0,0,0,0,0,0,0,0,0,0,0,0,0,2,423.77897599059,0.0,0
8430365_1,8430365,1,1,0,0,0,0,0,0,1,0,0,0,0,0,0,0,3,399.829883559298,0.2,0
8430366_1,8430366,1,0,0,0,0,0,0,0,1,0,0,0,0,0,0,0,4,686.171230155048,0.1,0
8430368_1,8430368,1,0,0,0,0,0,0,0,1,0,0,0,0,0,0,0,2,489.801093139311,0.1,0
8430370_1,8430370,1,0,0,0,0,0,0,0,1,0,0,0,0,0,0,0,2,423.77897599059,0.1,0
8430371_1,8430371,1,0,0,0,0,0,0,0,1,0,0,0,0,0,0,0,2,298.680205291969,0.1,0
8430372_1,8430372,1,1,0,0,0,0,0,0,1,0,0,0,0,0,0,0,4,322.681993714493,0.2,0
8430373_1,8430373,1,1,0,0,0,0,0,0,1,0,0,0,0,0,0,0,2,569.912447249762,0.2,0
8430374_1,8430374,1,1,0,0,0,0,0,0,1,0,0,0,0,0,0,0,3,379.345100827121,0.2,0
8430375_1,8430375,1,0,0,0,0,0,0,0,1,0,0,0,0,0,0,0,4,362.135465677407,0.1,0
8430376_1,8430376,1,1,0,0,0,0,0,0,1,0,0,0,0,0,0,0,4,520.217021383155,0.2,0
8430377_1,8430377,1,1,0,0,0,0,0,0,1,0,0,0,0,0,0,0,2,411.830891544014,0.2,0
8430379_1,8430379,1,1,0,0,0,0,0,0,1,0,0,0,0,0,0,0,1,622.667393905752,0.2,0
8430380_1,8430380,1,0,0,0,0,0,0,0,0,0,0,0,0,0,0,0,3,492.837332082382,0.0,0
8430381_1,8430381,1,0,0,0,0,0,0,0,1,0,0,0,0,0,0,0,1,622.667393905752,0.1,0
8430383_1,8430383,1,1,0,0,0,0,0,0,0,0,0,0,0,0,0,0,2,784.361451265269,0.1,0
8430384_1,8430384,1,0,0,0,0,0,0,0,1,0,0,0,0,0,0,0,1,502.607245026069,0.1,0
8430385_1,8430385,1,0,0,0,1,0,0,0,1,0,0,0,0,0,0,0,4,822.85523123348,0.15,0
8430386_1,8430386,1,0,0,0,0,0,0,0,1,0,0,0,0,0,0,0,2,930.354838724887,0.1,0
8430387_1,8430387,1,1,0,1,1,0,1,0,1,0,0,0,0,0,0,0,3,870.56531592577,0.35,1
8430388_1,8430388,1,0,0,0,0,0,0,0,0,0,0,0,0,0,0,0,1,778.334242382191,0.0,0
8430389_1,8430389,1,1,1,0,0,0,0,0,1,0,0,0,0,0,1,0,2,712.390559062203,0.34,1
8430390_1,8430390,1,1,0,0,0,0,0,0,1,0,0,0,0,0,0,0,3,465.191694720318,0.2,0
8430391_1,8430391,1,1,1,0,0,0,0,0,1,0,0,0,0,0,1,0,5,475.676017486489,0.34,1
8430392_1,8430392,1,1,0,0,0,0,0,1,0,0,0,0,0,0,0,0,1,574.578137229135,0.2,0
8430393_1,8430393,1,1,0,0,0,0,0,0,1,0,0,0,0,0,0,0,3,326.691715481364,0.2,0
8430394_1,8430394,1,1,0,0,0,0,0,0,1,0,0,0,0,0,0,0,2,569.912447249762,0.2,0
8430395_1,8430395,1,1,0,0,1,0,0,0,1,0,0,0,0,0,0,1,3,409.967083916701,0.29,0
8430397_1,8430397,1,1,0,0,0,0,0,1,1,0,0,0,0,0,0,0,1,459.662509783308,0.3,0
8430398_1,8430398,1,1,0,0,1,0,0,0,1,0,0,0,0,0,0,0,5,906.003108629686,0.25,0
8430399_1,8430399,1,0,0,0,0,0,0,0,1,0,0,0,0,0,0,0,1,622.667393905752,0.1,0
8430400_1,8430400,1,0,0,0,0,0,0,0,1,0,0,0,0,0,0,0,1,622.667393905752,0.1,0
8430401_1,8430401,1,0,0,0,0,0,0,0,0,0,0,0,0,0,0,0,2,379.446662137354,0.0,0
8430403_1,8430403,1,1,0,0,0,0,0,0,1,0,0,0,0,1,1,0,1,620.544388207466,0.28,0
8430404_1,8430404,1,0,0,0,0,0,0,0,1,0,0,0,0,0,0,0,2,605.789994281914,0.1,0
8430405_1,8430405,1,1,1,0,1,0,0,0,1,0,0,0,0,0,0,0,4,447.543201493566,0.35,1
8430406_1,8430406,1,1,0,0,0,0,0,0,1,0,0,0,0,0,0,0,3,775.891189380904,0.2,0
8430407_1,8430407,1,1,0,0,0,0,0,0,1,0,0,0,0,0,0,0,2,847.110367366491,0.2,0
8430408_1,8430408,1,0,0,0,0,1,0,0,1,0,0,0,0,0,0,0,4,1444.86939098555,0.15,0
8430409_1,8430409,1,0,0,0,0,0,0,0,0,0,0,0,0,0,0,0,1,670.362678904961,0.0,0
8430411_1,8430411,1,0,0,0,0,1,0,0,0,0,0,0,0,0,0,1,3,1231.3492049819,0.09,0
8430412_1,8430412,1,0,0,0,0,0,0,0,1,0,0,0,0,0,0,0,2,776.028297149719,0.1,0
8432612_1,8432612,1,0,0,0,0,0,0,0,1,0,0,0,0,0,0,0,5,1034.46526483846,0.1,0
8432613_1,8432613,1,0,0,0,0,0,0,0,1,0,0,0,0,0,0,0,5,1692.97105088256,0.1,0
8432614_1,8432614,1,1,0,0,0,0,0,1,1,0,0,0,0,0,0,0,1,1634.6796484255,0.3,0
8432615_1,8432615,1,0,0,0,0,0,0,0,1,0,0,0,0,0,0,0,3,1570.07673140877,0.1,0
8432616_1,8432616,1,0,0,0,0,0,0,0,0,1,0,0,0,0,0,0,3,1682.29956396162,0.1,0
8432617_1,8432617,1,0,0,0,0,0,0,0,0,0,0,0,0,0,0,0,1,2014.43956072348,0.0,0
8432618_1,8432618,1,0,0,0,0,0,0,0,0,0,0,0,0,0,0,0,1,2218.68397700487,0.0,0
8432619_1,8432619,1,0,0,0,0,0,0,0,1,0,0,0,0,0,0,0,9,2574.77693291317,0.1,0
8432620_1,8432620,1,1,0,0,0,0,0,1,0,0,0,0,0,0,0,0,2,2496.72382967295,0.2,0
8432621_1,8432621,1,0,0,0,0,0,0,0,1,0,0,0,0,0,0,0,2,2515.02534712537,0.1,0
8432622_1,8432622,1,0,0,0,0,0,0,0,1,1,0,0,0,0,0,0,5,2779.36654998969,0.2,0
8432623_1,8432623,1,1,0,0,0,0,0,0,1,0,0,0,0,0,0,0,3,2693.33503204661,0.2,0
8432624_1,8432624,1,0,0,0,0,0,0,0,0,0,0,0,0,0,0,0,1,3767.16939801714,0.0,0
8444186_1,8444186,1,0,0,0,1,0,0,0,1,1,0,0,1,0,0,0,5,910.958156425285,0.29,0
8444187_1,8444187,1,1,0,0,0,0,0,0,1,0,0,0,0,0,0,0,2,2627.07107336029,0.2,0
8444188_1,8444188,1,1,0,1,1,0,0,1,1,0,0,0,0,0,0,0,4,2340.26867410338,0.4,1
8444189_1,8444189,1,1,0,0,0,0,0,0,1,0,0,0,0,0,0,0,6,3314.95422740758,0.2,0
8444190_1,8444190,1,1,0,0,1,0,0,0,1,0,0,0,0,0,0,0,4,2138.67848836861,0.25,0
8444191_1,8444191,1,1,0,0,1,0,0,0,1,0,0,0,0,0,0,0,2,2161.34105037652,0.25,0
8444192_1,8444192,1,0,0,0,0,0,0,0,1,0,0,0,0,0,0,0,4,1714.59522294145,0.1,0
8444193_1,8444193,1,1,1,0,1,0,0,1,1,0,0,0,0,0,0,0,5,930.422569538004,0.45,1
8444194_1,8444194,1,0,0,0,0,0,0,0,0,0,0,0,0,0,0,1,3,2508.64605808696,0.04,0
8444195_1,8444195,1,0,0,0,0,0,0,0,0,0,0,0,0,0,0,0,1,2542.83934366157,0.0,0
8444196_1,8444196,1,0,0,0,1,0,0,0,1,0,0,0,0,0,0,1,4,2125.04321307768,0.19,0
8444197_1,8444197,1,1,0,0,0,0,0,1,1,0,0,0,0,0,0,0,2,2136.08594316464,0.3,0
8444198_1,8444198,1,1,0,0,0,0,0,0,1,0,0,0,0,0,0,0,2,2289.52469329824,0.2,0
8444199_1,8444199,1,1,0,0,0,0,0,1,1,0,0,0,0,0,0,0,1,2139.50718690984,0.3,0
8444200_1,8444200,1,0,0,0,0,0,0,0,1,0,0,0,0,0,0,0,2,1812.17508514721,0.1,0
8444201_1,8444201,1,0,0,0,0,0,0,0,1,0,1,0,0,0,0,0,4,2472.50955611512,0.2,0
8444202_1,8444202,1,1,0,0,0,0,0,0,0,0,0,0,0,0,0,0,2,1973.80664545691,0.1,0
8444204_1,8444204,1,1,1,0,0,0,0,0,1,0,0,0,0,0,0,0,3,1577.11060239721,0.3,0
8444205_1,8444205,1,0,0,0,0,0,0,0,1,0,0,0,0,0,0,0,3,2373.65607605469,0.1,0
8444206_1,8444206,1,0,0,0,0,0,0,0,0,0,0,0,0,0,0,1,6,962.179912143876,0.04,0
8444207_1,8444207,1,1,1,0,0,0,0,0,0,0,0,0,0,0,0,0,4,1500.48187662636,0.2,0
8444208_1,8444208,1,0,0,0,0,0,0,0,0,0,0,0,0,0,0,1,3,2473.14175750073,0.04,0
8444209_1,8444209,1,1,1,0,0,0,0,0,1,0,0,0,1,0,0,0,2,1406.01219093868,0.34,1
8444210_1,8444210,1,1,0,0,0,0,0,0,1,0,0,0,0,0,0,0,1,2121.45453814051,0.2,0
8444211_1,8444211,1,1,0,0,0,0,0,0,1,0,0,0,0,0,0,0,1,1726.04656448928,0.2,0
8444212_1,8444212,1,0,0,0,0,0,0,0,0,0,0,0,0,0,0,0,2,1847.07312756848,0.0,0
8444213_1,8444213,1,0,0,0,0,0,0,0,0,0,0,0,0,0,0,0,1,2121.45453814051,0.0,0
8444214_1,8444214,1,0,0,0,0,0,0,0,1,0,0,0,0,0,0,0,4,1733.63253135571,0.1,0
8444215_1,8444215,1,1,0,0,1,0,0,0,1,0,0,0,0,0,0,0,2,1803.17596202841,0.25,0
8444216_1,8444216,1,0,0,0,0,0,0,0,1,0,0,0,0,0,0,0,2,1803.17596202841,0.1,0
8444217_1,8444217,1,1,0,0,1,0,0,0,1,0,1,0,0,0,0,0,6,1356.28236762463,0.35,1
8444218_1,8444218,1,0,0,0,0,0,0,0,0,0,0,0,0,0,0,0,1,1736.35293331748,0.0,0
8444219_1,8444219,1,1,0,0,0,0,0,0,1,0,0,0,0,0,0,0,2,1594.12351660362,0.2,0
8444221_1,8444221,1,1,0,0,0,0,0,1,1,0,0,0,0,0,0,0,2,1706.09461694318,0.3,0
8444222_1,8444222,1,0,0,0,1,0,0,0,1,0,0,0,0,0,0,0,2,1595.24702563223,0.15,0
8444223_1,8444223,1,0,0,0,0,0,0,0,1,1,0,0,0,0,0,0,3,1660.32510367904,0.2,0
8444224_1,8444224,1,0,0,0,0,0,0,0,0,0,1,0,0,0,0,0,3,1488.87311839181,0.1,0
8444225_1,8444225,1,0,0,0,0,0,0,0,1,0,0,0,0,0,0,0,4,2162.91857341589,0.1,0
8444226_1,8444226,1,0,0,0,0,0,0,0,1,0,1,0,0,0,0,0,5,1737.24467077259,0.2,0
8444227_1,8444227,1,0,0,0,0,0,0,0,1,0,0,0,0,0,0,0,2,1552.49614737724,0.1,0
8444228_1,8444228,1,0,0,0,0,0,0,0,0,0,0,0,0,0,0,0,1,1691.01152538411,0.0,0
8444229_1,8444229,1,0,0,0,0,0,0,0,0,0,0,0,0,0,0,0,1,2066.05696672502,0.0,0
8444230_1,8444230,1,0,0,0,1,0,0,0,0,0,0,0,0,0,0,0,3,1610.08747734876,0.05,0
8444231_1,8444231,1,0,0,0,1,0,0,1,1,0,1,0,0,0,0,1,4,3462.12360876596,0.39,1
8444232_1,8444232,1,1,0,0,0,0,0,0,1,0,0,0,0,0,0,0,1,2752.38033686304,0.2,0
8444233_1,8444233,1,0,0,0,1,0,0,0,0,0,0,0,0,0,0,1,3,1790.41600257394,0.09,0
8444234_1,8444234,1,0,0,0,0,0,0,0,1,0,0,0,0,0,0,0,3,2234.1637785845,0.1,0
8444236_1,8444236,1,1,0,0,1,0,0,0,1,0,0,0,0,0,0,1,5,2043.33360448815,0.29,0
8444237_1,8444237,1,0,0,0,0,0,0,0,0,0,0,0,0,0,0,0,1,3453.6285909772,0.0,0
8444238_1,8444238,1,1,0,0,0,0,0,0,1,0,0,0,0,0,0,0,1,3013.73551841371,0.2,0
8444240_1,8444240,1,1,0,0,0,0,0,0,1,0,0,0,0,0,0,0,3,2155.74697269876,0.2,0
8444245_1,8444245,1,0,0,0,0,0,0,0,0,0,0,0,0,0,0,0,1,301.907796367293,0.0,0
8444246_1,8444246,1,0,0,0,0,0,0,0,0,0,0,0,0,0,0,0,1,298.255811328551,0.0,0
8444274_1,8444274,1,1,0,0,0,0,0,1,1,0,0,0,0,0,0,0,2,492.389182983536,0.3,0
8444398_1,8444398,1,0,0,0,1,0,0,0,1,0,0,0,1,0,0,0,4,1020.45397547885,0.19,0
8444399_1,8444399,1,0,0,0,0,0,0,1,1,0,0,0,1,0,0,0,2,478.355016287919,0.24,0
8444400_1,8444400,1,1,1,1,1,0,1,0,1,0,0,0,1,0,0,1,6,694.927324714405,0.53,1
8444401_1,8444401,1,1,0,0,0,0,0,0,1,0,0,0,1,0,0,0,1,474.742640539481,0.24,0
8444402_1,8444402,1,1,0,0,0,0,0,0,1,0,0,0,1,0,0,0,2,480.435700256691,0.24,0
8444403_1,8444403,1,0,0,0,0,0,0,0,0,0,0,0,0,0,0,0,2,442.199645333834,0.0,0
8444404_1,8444404,1,1,0,0,1,0,0,0,1,0,0,1,1,0,0,0,5,570.222739933632,0.33,0
8444405_1,8444405,1,1,0,0,0,0,0,0,0,0,0,1,1,1,1,1,3,475.205562503665,0.3,0
8444406_1,8444406,1,1,0,0,0,0,0,0,1,0,0,1,1,1,1,1,3,549.480444295976,0.4,1
8444407_1,8444407,1,0,0,0,0,0,0,0,0,0,0,1,1,0,0,0,1,516.42144062702,0.08,0
8444408_1,8444408,1,1,0,1,1,0,0,1,1,0,0,1,1,1,0,1,3,516.068845280402,0.56,1
8444410_1,8444410,1,1,1,0,0,0,0,0,1,0,0,1,1,1,0,0,2,472.668088807201,0.42,1
8444411_1,8444411,1,0,0,1,1,0,0,0,1,0,0,1,1,0,0,1,3,594.426986254925,0.32,0
8444412_1,8444412,1,0,0,0,0,0,0,0,1,0,0,1,1,0,0,1,3,387.430642942785,0.22,0
8444413_1,8444413,1,1,0,0,0,0,0,0,1,0,0,1,1,0,0,0,4,680.656120330057,0.28,0
8444414_1,8444414,1,1,0,0,1,1,0,0,1,0,0,1,1,0,0,0,8,725.460443350726,0.38,1
8444415_1,8444415,1,0,0,0,0,0,0,1,1,0,0,0,0,0,0,0,1,586.294160676823,0.2,0
8444416_1,8444416,1,1,0,0,1,0,0,0,1,0,0,0,0,0,0,0,3,778.730370303662,0.25,0
8444417_1,8444417,1,1,0,0,0,0,0,0,1,0,0,0,0,0,0,0,2,480.435700256691,0.2,0
8444418_1,8444418,1,0,0,0,0,0,0,0,0,0,0,0,0,0,0,0,4,646.045607605148,0.0,0
8447031_1,8447031,1,0,0,0,0,0,0,0,1,0,0,0,0,0,0,0,2,1749.29976566607,0.1,0
8447032_1,8447032,1,0,0,0,0,0,0,0,1,0,0,0,0,0,0,0,2,2185.89373937639,0.1,0
8447033_1,8447033,1,1,0,0,0,0,0,0,1,0,0,0,0,0,0,0,1,2094.43329954517,0.2,0
8447034_1,8447034,1,1,0,0,0,0,0,1,1,0,0,0,0,0,0,0,2,1706.09461694318,0.3,0
8447035_1,8447035,1,0,0,0,0,0,0,0,1,0,0,0,0,0,0,0,2,1773.99723925226,0.1,0
8447036_1,8447036,1,1,0,0,0,0,0,0,1,0,0,0,0,0,0,0,2,2012.0202777003,0.2,0
8447038_1,8447038,1,1,0,0,1,0,1,0,1,0,0,0,0,0,0,0,4,2219.74189517286,0.3,0
8447039_1,8447039,1,1,0,0,0,0,0,0,0,0,0,0,0,0,1,1,3,2716.38407141275,0.18,0
8447040_1,8447040,1,0,0,0,0,0,0,0,1,0,0,0,0,0,0,0,3,2322.62321223008,0.1,0
8447041_1,8447041,1,0,0,0,0,0,0,0,0,0,0,0,0,0,0,0,4,3787.08652655372,0.0,0
8447042_1,8447042,1,0,0,0,1,0,0,0,0,0,0,0,0,0,0,0,4,2708.04439273209,0.05,0
8447071_1,8447071,1,0,0,0,0,0,0,0,0,0,0,0,0,0,0,0,4,373.566912092664,0.0,0
8447072_1,8447072,1,0,0,0,0,0,0,0,1,0,0,0,0,0,0,0,4,730.522825811774,0.1,0
8447073_1,8447073,1,1,0,0,0,0,0,0,1,0,0,0,0,0,0,0,2,520.488557974022,0.2,0
8447074_1,8447074,1,0,0,0,0,0,0,0,0,0,0,0,0,0,0,0,1,796.473900511016,0.0,0
8447075_1,8447075,1,0,0,0,0,0,0,0,1,0,1,0,0,0,0,0,1,587.969107856014,0.2,0
8447076_1,8447076,1,1,1,0,0,0,0,0,0,0,0,0,0,0,0,0,3,506.508691266303,0.2,0
8447077_1,8447077,1,1,0,0,0,0,0,1,1,0,0,0,0,0,0,0,2,735.290938435808,0.3,0
8447078_1,8447078,1,0,0,0,0,0,0,0,1,0,0,0,0,0,0,0,4,592.103981515094,0.1,0
8447079_1,8447079,1,0,0,0,1,0,0,0,1,0,1,0,0,0,0,0,3,482.978379534702,0.25,0
8447080_1,8447080,1,1,1,0,0,0,0,1,1,0,0,0,0,0,0,0,1,514.320880507324,0.4,1
8447081_1,8447081,1,0,0,0,0,0,0,1,1,0,1,0,0,0,0,1,3,630.40409059947,0.34,1
8447082_1,8447082,1,1,0,0,0,0,0,0,1,0,0,0,0,0,0,0,2,683.141232340904,0.2,0
8447083_1,8447083,1,0,0,0,0,0,0,0,1,0,0,0,0,0,0,0,1,683.311739662266,0.1,0
8447084_1,8447084,1,0,0,0,0,0,0,0,1,0,0,0,0,0,0,0,3,1380.9549929112,0.1,0
8447085_1,8447085,1,0,0,0,0,1,0,0,1,0,0,0,0,0,0,0,2,1099.19737587647,0.15,0
8447086_1,8447086,1,1,0,0,0,0,0,0,1,0,0,0,0,0,0,0,3,964.898849375635,0.2,0
8447087_1,8447087,1,0,0,0,0,0,0,0,1,0,0,0,0,0,0,0,5,1521.05327160094,0.1,0
8447088_1,8447088,1,1,1,0,0,0,0,1,1,1,0,0,0,0,0,0,1,771.709454061018,0.5,1
8447089_1,8447089,1,1,0,0,0,0,0,0,1,0,0,0,0,0,0,0,2,683.141232340904,0.2,0
8447090_1,8447090,1,0,0,0,0,0,0,0,1,0,1,0,0,0,0,0,4,1182.34119920093,0.2,0
8447091_1,8447091,1,1,0,0,0,0,0,0,1,0,0,0,0,0,0,0,1,771.709454061018,0.2,0
8447209_1,8447209,1,0,0,0,0,0,0,0,1,0,0,0,1,1,0,0,2,700.228542359452,0.18,0
8447210_1,8447210,1,0,0,0,1,0,0,0,1,0,0,0,1,0,1,0,4,1052.80983323794,0.23,0
8447211_1,8447211,1,1,0,0,0,0,0,0,1,0,0,0,1,0,0,0,3,904.664341823808,0.24,0
8447212_1,8447212,1,0,0,0,0,0,0,0,1,0,0,0,1,0,0,0,5,1147.8591681489,0.14,0
8447213_1,8447213,1,1,0,0,1,0,0,0,1,0,0,0,1,0,1,0,3,1001.98404916696,0.33,0
8447215_1,8447215,1,1,0,0,1,0,0,0,1,0,0,0,1,1,1,0,4,717.479480157281,0.37,1
8447216_1,8447216,1,1,0,0,1,0,0,0,1,0,0,0,1,0,0,0,4,510.773308260731,0.29,0
8447217_1,8447217,1,1,0,1,1,0,0,0,1,0,0,0,1,0,0,0,7,930.293611756291,0.34,1
8447219_1,8447219,1,1,0,0,0,0,0,0,1,0,0,0,1,0,0,0,2,501.666314261875,0.24,0
8447232_1,8447232,1,1,0,0,0,0,0,0,1,0,0,0,0,0,0,1,3,504.727483111639,0.24,0
8447248_1,8447248,1,0,0,0,1,0,0,0,1,0,0,0,0,0,0,0,3,528.585555231372,0.15,0
8447249_1,8447249,1,0,0,0,1,0,0,0,1,0,0,0,0,0,0,0,3,1233.83204896404,0.15,0
8447250_1,8447250,1,0,0,0,0,0,0,0,1,0,0,0,0,0,0,0,2,854.868670874644,0.1,0
8447251_1,8447251,1,1,0,0,0,0,0,0,0,0,0,0,0,0,0,0,3,528.585555231372,0.1,0
8447252_1,8447252,1,1,0,0,0,0,0,1,1,0,0,0,0,0,0,0,1,603.128694031283,0.3,0
8447253_1,8447253,1,0,0,0,0,0,0,0,1,0,0,0,0,0,0,0,2,862.253663499688,0.1,0
8447254_1,8447254,1,0,0,0,0,0,0,0,0,0,0,0,0,0,0,0,2,1185.74106770199,0.0,0
8447255_1,8447255,1,0,0,0,0,0,0,0,0,0,0,0,0,0,0,0,5,549.828168771321,0.0,0
8447256_1,8447256,1,0,0,0,1,0,0,0,1,0,0,0,0,0,0,0,4,818.114258608423,0.15,0
8447257_1,8447257,1,1,0,0,0,0,0,1,1,0,0,0,0,0,0,0,1,603.128694031283,0.3,0
8447258_1,8447258,1,1,1,0,1,0,0,0,0,0,0,0,0,0,0,0,4,608.909436364282,0.25,0
8447259_1,8447259,1,1,0,0,0,0,0,1,0,0,0,0,0,0,0,0,1,496.435510565973,0.2,0
8447261_1,8447261,1,0,0,0,0,0,0,0,1,0,0,0,0,0,0,0,3,888.359075254109,0.1,0
8447262_1,8447262,1,0,0,0,0,0,0,1,1,0,0,0,0,0,0,0,1,434.252659702524,0.2,0
8447263_1,8447263,1,0,0,0,0,0,0,0,1,0,0,0,0,0,0,0,2,439.460168177503,0.1,0
8447264_1,8447264,1,0,0,1,1,0,0,0,0,0,0,0,0,0,0,1,3,774.05912137409,0.14,0
8447265_1,8447265,1,0,0,0,0,0,0,0,0,0,0,0,0,0,0,0,1,672.480785418213,0.0,0
8449494_1,8449494,1,0,0,0,1,0,0,0,0,0,0,0,0,0,0,0,4,2368.07345165317,0.05,0
8449495_1,8449495,1,0,0,0,0,0,0,0,1,0,0,0,0,0,0,0,3,1489.70509227818,0.1,0
8449496_1,8449496,1,0,0,0,0,0,0,0,0,0,0,0,0,0,0,0,3,2323.2421963114,0.0,0
8449497_1,8449497,1,1,0,0,0,0,0,0,0,0,0,0,0,0,0,0,3,1448.99694999823,0.1,0
8449498_1,8449498,1,0,0,0,1,0,0,0,1,0,0,0,0,0,0,0,4,1585.0480283192,0.15,0
8449499_1,8449499,1,1,0,0,0,0,0,1,0,0,0,0,0,0,0,0,1,1873.40879513962,0.2,0
8449500_1,8449500,1,0,0,0,0,0,0,1,0,0,0,0,0,0,0,0,1,2350.71370436269,0.1,0
8449501_1,8449501,1,0,0,0,0,0,0,0,0,0,0,0,0,0,0,0,2,1815.03661583044,0.0,0
8449502_1,8449502,1,0,0,0,1,0,0,0,1,0,0,0,0,0,0,0,6,2579.37712995976,0.15,0
8449503_1,8449503,1,1,0,0,0,0,0,0,0,0,0,0,0,0,0,0,1,2058.69098366992,0.1,0
8449504_1,8449504,1,1,0,0,0,0,0,0,1,0,0,0,0,0,0,0,1,2058.69098366992,0.2,0
8449505_1,8449505,1,0,0,0,0,0,0,0,0,0,0,0,0,0,0,0,1,2114.28058851444,0.0,0
8449506_1,8449506,1,0,0,0,0,0,0,0,1,0,0,0,0,0,0,0,4,2308.09273958877,0.1,0
8449509_1,8449509,1,0,0,0,0,0,0,0,0,0,0,0,0,0,0,0,1,2060.82894097707,0.0,0
8449607_1,8449607,1,0,0,0,0,0,0,0,1,0,0,0,0,0,0,0,4,718.168870364423,0.1,0
8449608_1,8449608,1,0,0,0,0,0,0,0,0,0,0,0,0,0,0,0,2,513.766189293812,0.0,0
8449609_1,8449609,1,1,1,0,0,0,0,1,1,0,0,0,0,0,0,0,3,405.478328428968,0.4,1
8449610_1,8449610,1,1,0,0,0,0,0,1,1,0,0,0,0,0,0,0,1,526.279285934598,0.3,0
8449612_1,8449612,1,1,0,0,0,0,0,1,1,0,0,0,0,0,0,0,1,460.358243516653,0.3,0
8449613_1,8449613,1,1,1,0,0,0,0,1,1,0,0,0,0,0,0,0,2,405.594608553387,0.4,1
8449614_1,8449614,1,0,0,0,0,0,0,1,1,0,0,0,0,0,0,0,2,652.507240421319,0.2,0
8449616_1,8449616,1,1,0,0,0,0,0,0,1,0,0,0,0,0,0,0,3,339.557286011023,0.2,0
8449617_1,8449617,1,1,0,0,0,0,0,0,1,0,0,0,0,0,0,0,2,465.878807181783,0.2,0
8449618_1,8449618,1,0,0,0,0,0,0,0,0,0,0,0,0,0,0,0,3,655.439877688951,0.0,0
8449619_1,8449619,1,0,0,0,0,0,0,0,1,0,0,0,0,0,0,0,3,590.94267884379,0.1,0
8449620_1,8449620,1,1,1,0,0,0,0,1,1,0,0,0,0,0,0,0,2,570.929910761989,0.4,1
8449622_1,8449622,1,0,0,0,0,0,0,0,1,0,0,0,0,0,0,0,2,806.549122807436,0.1,0
8449623_1,8449623,1,0,0,0,0,0,0,0,1,0,0,0,0,0,0,0,3,565.842213106582,0.1,0
8449624_1,8449624,1,1,0,0,0,0,0,0,1,0,0,0,0,0,0,0,1,564.164514113545,0.2,0
8449626_1,8449626,1,1,0,0,1,0,0,0,0,0,0,0,0,0,0,0,3,925.410956320639,0.15,0
8449627_1,8449627,1,1,0,0,0,0,0,1,1,0,0,0,0,0,0,0,1,564.164514113545,0.3,0
8449628_1,8449628,1,0,0,0,0,0,0,0,1,0,1,0,0,0,0,1,3,1104.76399432896,0.24,0
8449629_1,8449629,1,1,1,0,0,0,0,1,1,0,0,0,0,0,0,0,1,540.03692453269,0.4,1
8449630_1,8449630,1,1,0,0,0,0,0,0,1,0,0,0,0,0,0,0,1,540.03692453269,0.2,0
8449631_1,8449631,1,0,0,0,0,0,0,1,0,0,0,0,0,0,0,0,1,540.03692453269,0.1,0
8449632_1,8449632,1,0,0,0,0,0,0,0,0,0,1,0,0,0,0,0,4,565.533463257862,0.1,0
8449633_1,8449633,1,1,0,0,0,0,0,1,1,0,0,0,0,0,0,0,1,617.367563248814,0.3,0
8449634_1,8449634,1,0,0,0,0,0,0,0,0,0,0,0,0,0,0,0,2,602.68870320571,0.0,0
8449635_1,8449635,1,0,0,0,0,0,0,0,0,0,0,0,0,0,0,0,2,842.7736568766,0.0,0
8449636_1,8449636,1,0,0,0,0,0,0,1,0,0,0,0,0,0,0,0,1,617.367563248814,0.1,0
8449637_1,8449637,1,1,0,0,0,0,0,1,1,0,0,0,1,0,0,0,1,540.03692453269,0.34,1
8449638_1,8449638,1,0,0,0,0,0,0,1,1,0,0,0,0,0,0,0,2,546.512985872723,0.2,0
8449639_1,8449639,1,0,0,0,0,0,0,0,1,0,0,0,0,0,0,0,2,475.794814353721,0.1,0
8449640_1,8449640,1,0,0,0,0,1,0,0,1,0,0,0,1,0,0,0,3,997.136063228421,0.19,0
8449641_1,8449641,1,1,0,0,0,0,0,0,1,0,0,0,0,0,0,0,3,778.531546697631,0.2,0
8449642_1,8449642,1,0,0,0,0,0,0,0,1,0,0,0,0,0,0,0,4,884.134108309393,0.1,0
8449643_1,8449643,1,1,0,0,0,0,0,0,1,0,0,0,0,0,0,0,4,1102.26073520134,0.2,0
8449644_1,8449644,1,0,0,0,0,1,0,0,1,0,0,1,1,0,0,0,4,1102.26073520134,0.23,0
8449645_1,8449645,1,0,0,0,1,0,0,0,1,0,0,0,0,0,0,1,3,997.136063228421,0.19,0
8449646_1,8449646,1,1,1,0,0,0,0,0,1,0,0,0,0,0,0,0,1,836.297595536567,0.3,0
8449647_1,8449647,1,1,0,0,0,0,0,0,1,0,0,0,0,0,0,0,2,1169.00610450793,0.2,0
8452701_1,8452701,1,0,0,0,0,0,0,0,1,0,0,0,0,0,0,0,5,2848.35103897175,0.1,0
8452702_1,8452702,1,0,0,0,1,0,0,0,1,1,0,0,0,0,0,0,4,3215.25791211989,0.25,0
8452703_1,8452703,1,1,0,0,1,0,0,0,1,0,0,0,0,0,0,0,6,2119.72798630099,0.25,0
8452705_1,8452705,1,0,0,0,0,0,0,0,0,0,0,0,0,0,0,0,3,3121.20360650048,0.0,0
8452707_1,8452707,1,1,0,0,0,0,0,1,1,0,0,0,0,0,0,0,2,1739.00959160682,0.3,0
8452708_1,8452708,1,0,0,0,0,0,0,1,1,0,0,0,0,0,0,0,1,2467.20763064754,0.2,0
8452710_1,8452710,1,0,0,0,0,0,0,0,1,0,0,0,0,0,0,0,2,1685.67454402211,0.1,0
8452711_1,8452711,1,0,0,0,0,0,0,1,0,0,0,0,0,0,0,0,1,1665.69966322584,0.1,0
8452712_1,8452712,1,0,0,0,0,0,0,1,0,0,0,0,0,0,0,0,2,1447.15452249219,0.1,0
8452713_1,8452713,1,0,0,0,0,0,0,0,1,0,0,0,0,0,0,0,1,1686.09527671629,0.1,0
8452715_1,8452715,1,0,0,0,0,0,0,0,0,0,0,0,0,0,0,0,2,2381.34191113809,0.0,0
8452716_1,8452716,1,0,0,0,0,0,0,0,1,0,0,0,0,0,0,0,2,3274.7380728031,0.1,0
8452717_1,8452717,1,0,0,0,0,0,0,1,0,0,0,0,0,0,0,0,1,1725.72487631506,0.1,0
8452718_1,8452718,1,0,0,0,0,0,0,0,1,0,0,0,0,0,0,0,2,1628.55925418262,0.1,0
8452719_1,8452719,1,0,0,0,0,0,0,0,0,0,0,0,0,0,0,0,3,3166.32601070258,0.0,0
8452721_1,8452721,1,0,0,0,0,0,0,0,0,0,0,0,0,0,0,0,1,1746.85546686823,0.0,0
8452722_1,8452722,1,0,0,0,0,1,0,0,1,1,0,0,0,0,0,0,3,2722.00584226054,0.25,0
8452723_1,8452723,1,0,0,0,0,0,0,0,0,0,0,0,0,0,0,0,3,2682.5006308851,0.0,0
8452724_1,8452724,1,0,0,0,0,0,0,1,0,0,0,0,0,0,0,0,2,2156.76812965052,0.1,0
8452729_1,8452729,1,0,0,0,0,0,0,0,1,0,0,0,0,0,0,0,1,2663.49800701526,0.1,0
8452730_1,8452730,1,0,0,0,1,0,0,0,1,0,0,0,0,0,0,0,4,2902.57311342279,0.15,0
8452731_1,8452731,1,0,0,0,0,0,0,0,1,0,0,0,0,0,0,0,3,2040.22103926147,0.1,0
8452733_1,8452733,1,0,0,0,0,0,0,0,1,0,0,0,0,0,0,0,2,2469.95260357957,0.1,0
8452734_1,8452734,1,0,0,0,0,0,0,1,1,0,0,0,0,0,0,0,1,2308.11284200322,0.2,0
8452735_1,8452735,1,0,0,0,0,0,0,0,0,0,0,0,0,0,0,0,1,2831.14312412206,0.0,0
8452736_1,8452736,1,0,0,0,0,0,0,0,1,0,0,0,0,0,0,0,2,1951.04375317465,0.1,0
8452737_1,8452737,1,0,0,0,0,0,0,0,0,0,0,0,0,0,0,0,2,2411.25221067299,0.0,0
8452738_1,8452738,1,0,0,0,0,0,0,0,1,0,0,0,0,0,0,0,2,2408.90431421462,0.1,0
8452739_1,8452739,1,0,0,0,0,0,0,1,1,0,0,0,0,0,0,0,2,2527.93287754386,0.2,0
8452740_1,8452740,1,0,0,0,0,0,0,0,1,0,0,0,0,0,0,0,4,3962.03792953376,0.1,0
8452741_1,8452741,1,0,0,0,0,0,0,1,0,0,0,0,0,0,0,0,1,3860.04559438109,0.1,0
8452742_1,8452742,1,0,0,0,0,0,0,0,0,0,0,0,0,0,0,0,4,1860.97717281518,0.0,0
8452743_1,8452743,1,1,0,0,0,0,0,1,1,0,0,0,0,0,0,0,2,1780.52076538963,0.3,0
8452744_1,8452744,1,0,0,0,0,0,0,0,0,0,0,0,0,0,0,0,2,1851.385550874,0.0,0
8452745_1,8452745,1,1,0,0,0,0,0,1,1,0,0,0,0,0,0,0,1,2185.80021560895,0.3,0
8452746_1,8452746,1,0,0,0,0,0,0,1,1,0,0,0,0,0,0,0,1,2198.85181205502,0.2,0
8452747_1,8452747,1,0,0,0,0,0,0,0,0,0,0,0,0,0,0,0,1,3814.25901549235,0.0,0
8452748_1,8452748,1,0,0,0,0,0,0,0,0,0,0,0,0,0,0,0,2,2549.61999155078,0.0,0
8452750_1,8452750,1,1,0,0,0,0,0,1,1,0,0,0,0,0,0,0,2,1996.09418542079,0.3,0
8452751_1,8452751,1,0,0,0,1,0,0,0,1,0,0,0,0,0,0,0,6,1687.3726947747,0.15,0
8452752_1,8452752,1,0,0,0,0,0,0,0,0,0,0,0,0,0,0,0,2,3184.27222968902,0.0,0
8452753_1,8452753,1,0,0,0,1,1,0,0,1,0,0,0,0,0,0,0,3,2502.8725700668,0.2,0
8452754_1,8452754,1,0,0,0,0,0,0,0,1,1,0,0,0,0,0,0,5,3396.50520362597,0.2,0
8452755_1,8452755,1,0,0,0,0,0,0,0,1,1,0,0,0,0,0,0,4,1473.99205521373,0.2,0
8452756_1,8452756,1,1,0,0,1,0,0,0,0,0,0,0,0,0,0,1,4,2599.70864110376,0.19,0
8452767_1,8452767,1,1,1,0,0,0,0,0,1,0,0,0,1,0,0,0,2,596.816258173101,0.34,1
8452768_1,8452768,1,1,0,0,0,0,0,0,0,0,0,0,1,0,0,0,1,652.061603340218,0.14,0
8452770_1,8452770,1,1,0,0,0,0,0,1,1,0,0,0,1,0,0,0,3,683.683949986635,0.34,1
8452771_1,8452771,1,1,0,0,1,0,0,0,1,0,0,0,1,0,0,0,5,569.204816035377,0.29,0
8452772_1,8452772,1,1,0,0,0,0,0,0,1,0,0,0,1,1,1,0,1,421.067027757955,0.32,0
8452773_1,8452773,1,0,0,0,1,0,0,1,1,0,0,0,0,0,0,0,3,395.407377863855,0.25,0
8452774_1,8452774,1,1,0,0,0,0,0,0,1,0,0,0,1,0,0,0,1,652.061603340218,0.24,0
8452775_1,8452775,1,1,1,0,0,0,0,0,0,0,0,0,1,0,0,0,3,600.020209513582,0.24,0
8452776_1,8452776,1,1,1,0,0,0,0,0,1,0,0,0,1,0,0,1,3,489.190855270593,0.38,1
8452778_1,8452778,1,1,0,0,0,0,0,1,1,0,0,0,0,0,0,0,2,291.968655157484,0.3,0
8452779_1,8452779,1,0,0,0,0,0,0,0,1,0,0,0,0,0,0,0,6,377.219153792805,0.1,0
8452780_1,8452780,1,1,0,0,0,0,0,0,1,0,0,0,1,0,0,0,1,329.821947216435,0.24,0
8452781_1,8452781,1,1,0,0,0,0,0,0,1,0,0,0,0,0,0,0,1,288.50888938971,0.2,0
8452782_1,8452782,1,1,0,0,1,0,0,1,1,0,0,0,0,0,0,0,4,448.673201922704,0.35,1
8452783_1,8452783,1,0,0,0,0,0,0,0,0,0,0,0,1,0,0,0,1,446.782950436816,0.04,0
8452784_1,8452784,1,1,0,0,0,0,0,0,1,0,0,0,0,0,0,0,2,257.720875575644,0.2,0
8452786_1,8452786,1,1,0,0,0,0,0,0,1,0,0,0,0,0,0,0,1,446.782950436816,0.2,0
8452789_1,8452789,1,0,0,0,0,0,0,1,1,0,0,0,0,0,0,1,3,477.590333768855,0.24,0
8452790_1,8452790,1,0,0,0,1,0,0,0,1,0,1,0,0,0,0,0,6,436.681098229386,0.25,0
8452796_1,8452796,1,1,0,0,0,0,0,0,1,0,0,0,0,0,0,0,5,346.520620404854,0.2,0
8452797_1,8452797,1,0,0,0,0,0,0,0,0,0,0,0,0,0,0,0,2,725.715731045856,0.0,0
8452798_1,8452798,1,1,0,0,0,0,0,1,1,0,0,0,0,0,0,0,2,1143.48754849368,0.3,0
8452832_1,8452832,1,0,0,0,0,0,0,0,1,0,0,0,0,0,0,0,3,581.359001119009,0.1,0
8452833_1,8452833,1,1,1,0,0,0,0,0,1,0,0,0,0,0,0,0,2,940.217892201153,0.3,0
8452835_1,8452835,1,1,0,0,0,0,0,0,1,0,0,0,0,0,0,0,2,601.250772454322,0.2,0
8452839_1,8452839,1,0,0,0,0,0,0,0,0,0,0,0,0,0,0,0,3,1035.30629370786,0.0,0
8452840_1,8452840,1,0,0,0,1,0,0,1,1,0,0,0,0,0,0,0,3,919.443410556534,0.25,0
8452841_1,8452841,1,1,0,0,1,0,0,0,0,0,0,0,0,0,1,0,4,1017.18585412325,0.19,0
8452847_1,8452847,1,1,1,0,0,0,0,0,1,0,0,0,0,0,0,0,4,1067.25263878541,0.3,0
8452848_1,8452848,1,1,0,0,1,0,0,0,1,0,0,0,0,0,0,0,6,1043.69434420886,0.25,0
8452849_1,8452849,1,1,0,0,0,0,0,0,1,0,0,0,0,0,0,0,5,1060.00689267672,0.2,0
8452850_1,8452850,1,1,0,0,0,0,0,0,1,0,0,0,0,0,0,0,1,1124.15914415217,0.2,0
8452851_1,8452851,1,1,0,0,0,0,0,0,1,0,0,0,0,0,0,0,3,648.273076190736,0.2,0
8452852_1,8452852,1,1,0,0,0,0,0,0,1,0,0,0,0,0,0,0,3,818.845042738683,0.2,0
8452853_1,8452853,1,1,0,0,1,0,0,1,1,0,0,0,0,0,0,0,2,676.161678644374,0.35,1
8452854_1,8452854,1,1,0,0,0,0,0,1,1,0,0,0,0,0,0,0,4,984.678319733497,0.3,0
8454909_1,8454909,1,0,0,0,0,0,0,0,1,0,0,0,0,0,0,0,2,761.603610254002,0.1,0
8454914_1,8454914,1,1,0,0,1,0,0,0,1,0,0,0,0,0,0,0,4,1517.47735339113,0.25,0
8454915_1,8454915,1,1,0,0,1,0,0,1,1,0,0,1,0,0,0,0,4,591.556814303487,0.39,1
8454949_1,8454949,1,0,0,0,0,0,0,0,0,0,0,0,0,0,0,0,4,441.744196793472,0.0,0
8455925_1,8455925,1,0,0,0,0,0,0,1,1,0,0,0,0,0,0,0,3,1165.88811779807,0.2,0
8455926_1,8455926,1,0,0,0,0,0,0,0,1,1,0,0,0,0,0,0,1,2903.57601049752,0.2,0
8455927_1,8455927,1,0,0,0,0,0,0,0,1,0,1,0,0,0,0,0,4,1298.26207239466,0.2,0
8455928_1,8455928,1,0,0,0,0,0,0,1,1,0,0,0,0,0,0,0,2,1561.83074056485,0.2,0
8455929_1,8455929,1,0,0,0,0,0,0,0,0,0,0,0,0,0,0,0,1,709.436949744672,0.0,0
8455930_1,8455930,1,0,0,0,1,0,0,0,1,0,0,0,0,0,0,1,6,2659.87116104974,0.19,0
8455931_1,8455931,1,1,0,0,0,0,0,0,1,0,0,0,0,0,0,0,2,2708.58341026704,0.2,0
8455932_1,8455932,1,0,0,0,0,0,0,0,1,0,0,0,0,0,0,0,4,1974.79659352052,0.1,0
8455934_1,8455934,1,0,0,0,0,0,0,0,0,0,0,0,0,0,0,0,3,2395.99038774254,0.0,0
8455935_1,8455935,1,0,0,0,0,0,0,0,1,0,0,0,0,0,0,0,4,2619.09208175945,0.1,0
8455936_1,8455936,1,1,0,0,0,0,0,0,1,0,0,0,0,0,0,0,1,2108.88175977555,0.2,0
8455957_1,8455957,1,1,0,0,0,0,0,0,0,0,0,0,0,0,0,0,2,753.635487039263,0.1,0
8455958_1,8455958,1,0,0,0,0,0,0,0,1,0,0,0,0,0,0,0,4,1090.88518274572,0.1,0
8455959_1,8455959,1,1,0,0,1,0,0,0,1,0,0,0,0,0,0,0,3,605.067323438897,0.25,0
8455960_1,8455960,1,0,0,0,0,0,0,0,0,0,0,0,0,0,0,0,1,1153.24532447386,0.0,0
8455961_1,8455961,1,0,0,0,0,0,0,0,1,0,0,0,0,0,0,0,3,1161.57644763629,0.1,0
8455962_1,8455962,1,0,0,0,0,0,0,0,1,0,0,0,0,0,0,0,2,1162.17574290536,0.1,0
8455963_1,8455963,1,0,0,0,0,0,0,0,1,0,0,0,0,0,0,0,3,770.934100869417,0.1,0
8455964_1,8455964,1,0,0,0,0,0,0,1,1,0,0,0,0,0,0,0,1,744.705068607763,0.2,0
8455966_1,8455966,1,1,0,0,0,0,1,0,1,0,0,0,0,0,0,0,2,831.101192679212,0.25,0
8455968_1,8455968,1,1,0,0,0,0,0,0,0,0,0,0,0,0,0,0,2,825.410295328717,0.1,0
8455969_1,8455969,1,0,0,0,0,0,0,0,1,0,0,0,0,0,0,0,4,1194.77900967389,0.1,0
8455970_1,8455970,1,1,0,0,0,0,0,0,1,0,0,0,0,0,0,0,2,835.397246495692,0.2,0
8455975_1,8455975,1,0,0,0,0,0,0,0,1,0,0,0,0,0,0,0,4,1194.77900967389,0.1,0
8455976_1,8455976,1,1,0,0,0,0,0,0,1,0,0,0,0,0,0,0,2,1166.0519743397,0.2,0
8455977_1,8455977,1,0,0,0,1,0,0,0,0,0,0,0,0,0,0,0,3,803.240497873823,0.05,0
8455978_1,8455978,1,1,0,0,1,0,0,0,1,0,0,0,0,0,0,0,3,1250.68934953669,0.25,0
8458143_1,8458143,1,1,0,0,0,0,0,0,0,0,0,0,1,0,0,0,3,573.108400522627,0.14,0
8458144_1,8458144,1,1,0,0,0,0,0,0,1,0,0,0,0,0,0,0,3,405.951783703527,0.2,0
8458145_1,8458145,1,1,0,0,1,0,0,1,1,0,0,0,0,0,0,0,4,289.293976897702,0.35,1
8458146_1,8458146,1,1,0,0,0,0,0,0,1,0,0,0,0,0,0,0,2,291.968655157484,0.2,0
8458147_1,8458147,1,0,0,0,1,0,0,0,1,0,0,0,0,0,0,0,4,300.865673822972,0.15,0
8458302_1,8458302,1,0,0,0,1,0,0,0,1,0,0,0,0,0,0,0,4,831.515815714553,0.15,0
8458303_1,8458303,1,1,1,0,0,0,0,0,1,0,0,0,0,0,0,0,4,335.886149935711,0.3,0
8458304_1,8458304,1,1,0,0,1,0,0,0,1,0,0,0,0,0,0,0,7,385.735475802235,0.25,0
8458305_1,8458305,1,1,0,0,1,0,0,0,1,0,0,0,0,0,0,0,4,613.013010736532,0.25,0
8458306_1,8458306,1,0,0,0,0,0,0,0,0,0,0,0,0,0,0,0,2,449.663860631129,0.0,0
8458307_1,8458307,1,1,0,0,0,0,0,0,1,0,0,0,0,0,0,0,2,577.429600186617,0.2,0
8458308_1,8458308,1,0,0,0,0,0,0,0,0,0,0,0,0,0,0,0,2,454.652127816657,0.0,0
8458309_1,8458309,1,0,0,0,0,0,0,0,1,0,0,0,0,0,0,0,3,580.529476096859,0.1,0
8458310_1,8458310,1,0,0,0,0,1,1,0,1,0,0,0,0,0,0,0,6,880.236277563977,0.2,0
8458311_1,8458311,1,1,1,0,0,0,0,0,1,0,0,0,0,0,0,0,1,465.725464544262,0.3,0
8458312_1,8458312,1,0,0,0,0,0,0,0,1,0,0,0,0,0,0,1,3,635.437908393656,0.14,0
8458313_1,8458313,1,0,0,0,0,0,0,0,1,0,0,0,0,0,0,0,5,863.531511909199,0.1,0
8458314_1,8458314,1,1,0,0,0,0,0,0,1,0,0,0,0,0,0,0,2,457.862744936987,0.2,0
8458315_1,8458315,1,0,0,0,0,0,0,0,1,0,0,0,0,0,0,0,3,745.493130245092,0.1,0
8458316_1,8458316,1,0,0,0,1,0,0,0,1,0,0,0,0,0,0,0,3,806.473168036247,0.15,0
8458317_1,8458317,1,0,0,0,0,0,0,0,1,0,0,0,0,0,0,0,2,837.487152020717,0.1,0
8458318_1,8458318,1,1,1,0,0,0,0,1,1,0,0,0,0,0,0,0,1,452.437169885384,0.4,1
8458319_1,8458319,1,0,0,0,0,0,0,0,1,0,0,0,0,0,0,0,1,457.977024307774,0.1,0
8458320_1,8458320,1,1,0,0,0,0,0,0,1,0,0,0,0,0,0,0,2,463.402599359377,0.2,0
8458321_1,8458321,1,1,0,0,0,0,0,0,1,0,0,0,0,0,0,0,3,615.805859106711,0.2,0
8458322_1,8458322,1,1,1,1,1,0,1,0,1,0,0,0,0,0,0,0,5,526.286889121355,0.45,1
8458323_1,8458323,1,1,1,0,1,0,0,0,1,0,0,0,0,0,0,0,3,778.125943545568,0.35,1
8458324_1,8458324,1,0,0,0,0,0,0,0,0,0,0,0,0,0,0,0,4,691.671776192332,0.0,0
8461391_1,8461391,1,0,0,0,1,0,0,0,1,0,0,0,0,0,0,0,4,2140.46539891668,0.15,0
8461392_1,8461392,1,0,0,0,0,0,0,0,0,0,0,0,0,0,0,0,2,2561.58939303884,0.0,0
8461393_1,8461393,1,0,0,0,0,0,0,0,1,0,0,0,0,0,0,0,4,2381.15402068797,0.1,0
8461394_1,8461394,1,0,0,0,0,0,0,0,1,0,0,0,0,0,0,0,2,2736.81004767451,0.1,0
8461411_1,8461411,1,0,0,0,0,0,0,0,1,0,0,0,0,0,0,0,3,729.920947395328,0.1,0
8461412_1,8461412,1,0,0,0,0,0,0,0,0,0,0,0,0,0,0,0,2,723.797231899443,0.0,0
8461413_1,8461413,1,0,0,0,0,0,0,0,1,0,0,0,0,0,0,0,2,843.787150570005,0.1,0
8461414_1,8461414,1,0,0,0,0,0,0,1,1,0,0,0,0,0,0,0,1,510.65490418818,0.2,0
8461415_1,8461415,1,0,0,0,0,0,0,0,0,0,0,0,0,0,0,0,3,764.514736590762,0.0,0
8461417_1,8461417,1,1,0,0,0,0,0,0,0,0,0,0,0,0,0,0,2,516.778619684066,0.1,0
8461418_1,8461418,1,1,0,0,0,0,0,0,1,0,0,0,0,0,0,0,1,510.65490418818,0.2,0
8461419_1,8461419,1,1,1,0,0,0,0,1,1,0,0,0,0,0,0,0,2,449.908042023755,0.4,1
8461421_1,8461421,1,1,0,1,1,0,0,0,1,0,0,0,0,0,0,0,5,1205.23506532422,0.3,0
8461422_1,8461422,1,0,0,0,0,0,0,1,1,0,0,0,0,0,0,0,1,510.65490418818,0.2,0
8461423_1,8461423,1,0,0,0,0,0,0,1,0,0,0,0,0,0,0,0,1,583.778181709555,0.1,0
8461495_1,8461495,1,0,0,0,0,0,0,0,0,0,0,0,0,0,0,0,2,488.599319196538,0.0,0
8461551_1,8461551,1,0,0,0,0,0,0,0,1,0,0,0,0,0,0,0,3,709.528389910375,0.1,0
8461552_1,8461552,1,1,0,0,0,0,0,0,1,0,0,0,0,0,0,0,1,496.388209245679,0.2,0
8461553_1,8461553,1,0,0,0,0,0,0,1,0,0,0,0,0,0,0,0,1,496.388209245679,0.1,0
8461554_1,8461554,1,1,0,0,0,0,0,0,1,0,0,0,0,0,0,0,2,502.340840159437,0.2,0
8461555_1,8461555,1,0,0,0,0,0,0,0,1,0,0,0,0,0,0,0,1,613.025845285038,0.1,0
8461556_1,8461556,1,1,0,0,1,0,0,0,1,0,0,0,0,0,0,0,3,675.626999705648,0.25,0
8461557_1,8461557,1,1,1,0,0,0,0,0,1,0,0,0,0,0,0,0,6,699.687653780609,0.3,0
8461558_1,8461558,1,0,0,0,0,0,0,0,1,0,0,0,0,0,0,0,3,1015.47097220916,0.1,0
8461559_1,8461559,1,0,0,0,1,0,0,0,1,0,0,0,0,0,0,0,3,707.352838567249,0.15,0
8461560_1,8461560,1,1,1,0,0,1,0,0,1,0,0,0,0,0,0,0,3,743.155696588342,0.35,1
8461671_1,8461671,1,1,1,0,0,0,0,0,1,0,0,0,0,0,0,0,2,569.912447249762,0.3,0
8461672_1,8461672,1,1,0,0,0,0,0,0,1,0,0,0,0,0,0,0,1,459.662509783308,0.2,0
8461673_1,8461673,1,1,0,0,0,0,0,0,0,0,0,0,0,0,1,0,2,776.028297149719,0.14,0
8463595_1,8463595,1,1,0,0,0,0,0,0,1,0,0,0,0,0,0,0,4,1533.13018637571,0.2,0
8463596_1,8463596,1,0,0,0,0,0,0,0,1,1,0,0,0,0,0,0,1,2647.68843725167,0.2,0
8463597_1,8463597,1,0,0,0,0,0,0,0,0,0,0,0,0,0,0,0,1,4843.50351173632,0.0,0
8463598_1,8463598,1,0,0,0,0,0,0,0,0,0,0,0,0,0,0,0,2,2515.02534712537,0.0,0
8463599_1,8463599,1,1,0,0,0,0,0,0,0,0,0,0,0,0,0,0,1,3002.25768451863,0.1,0
8463600_1,8463600,1,0,0,0,1,0,0,0,0,0,0,0,0,0,0,0,3,1462.36263803804,0.05,0
8463601_1,8463601,1,0,0,0,0,0,0,0,1,0,0,0,0,0,0,0,1,3453.6285909772,0.1,0
8463602_1,8463602,1,0,0,0,0,0,0,0,1,0,0,0,0,0,0,0,1,2629.63197194922,0.1,0
8463603_1,8463603,1,0,0,0,0,0,0,0,0,0,0,0,0,0,0,0,5,970.577412875013,0.0,0
8463604_1,8463604,1,0,0,0,0,0,0,0,1,0,0,0,0,0,0,0,1,1233.33034330009,0.1,0
8463605_1,8463605,1,1,0,0,0,0,0,0,1,0,0,0,0,0,0,0,1,1562.48033716786,0.2,0
8463606_1,8463606,1,0,0,0,0,0,0,0,0,0,0,0,0,0,0,0,1,3964.27610346457,0.0,0
8463624_1,8463624,1,1,1,0,0,0,0,0,1,0,0,0,0,0,0,0,1,464.364075824645,0.3,0
8463625_1,8463625,1,1,0,0,0,0,0,0,1,0,0,0,0,0,0,0,2,453.323108200422,0.2,0
8463626_1,8463626,1,1,0,0,0,0,0,0,1,0,0,0,0,0,0,0,3,613.103948584628,0.2,0
8463627_1,8463627,1,1,0,0,0,0,0,0,0,0,0,0,0,0,0,0,1,411.172135858413,0.1,0
8463628_1,8463628,1,1,0,0,0,0,0,0,1,0,0,0,0,0,0,0,2,411.069535748632,0.2,0
8463629_1,8463629,1,1,1,0,0,0,0,1,1,0,0,0,0,0,0,0,2,411.069535748632,0.4,1
8463630_1,8463630,1,1,0,0,0,0,0,0,1,0,0,0,0,0,0,0,2,416.043221445292,0.2,0
8463631_1,8463631,1,1,0,0,1,0,0,0,1,0,0,0,0,0,0,0,5,743.843876437163,0.25,0
8463632_1,8463632,1,1,0,0,0,0,0,1,1,0,0,0,0,0,0,0,2,357.8775957824,0.3,0
8463633_1,8463633,1,1,0,0,0,0,0,0,0,0,0,0,0,0,0,0,2,575.741682724694,0.1,0
8463634_1,8463634,1,1,0,0,0,0,0,1,1,0,0,0,0,0,0,0,1,464.364075824645,0.3,0
8463636_1,8463636,1,1,1,0,0,0,0,0,1,0,0,0,0,0,0,0,2,456.743928609591,0.3,0
8463637_1,8463637,1,1,1,0,0,0,0,0,1,0,0,0,0,0,0,0,2,456.743928609591,0.3,0
8463638_1,8463638,1,1,0,0,0,0,0,0,0,0,0,0,0,0,0,0,1,698.92913644523,0.1,0
8463639_1,8463639,1,0,0,0,1,0,0,0,1,0,0,0,0,0,0,0,3,781.7508614511,0.15,0
8463641_1,8463641,1,1,1,0,0,0,0,0,1,0,0,0,0,0,0,0,3,645.12529812397,0.3,0
8463642_1,8463642,1,0,0,0,0,0,0,0,0,0,0,0,0,0,0,0,2,526.443981274313,0.0,0
8463643_1,8463643,1,1,1,0,0,0,0,0,0,0,0,0,1,0,0,0,2,639.712980805215,0.24,0
8463644_1,8463644,1,1,1,0,0,0,0,0,1,0,0,0,0,0,0,0,1,515.960084249606,0.3,0
8463645_1,8463645,1,1,0,0,0,0,0,0,1,0,0,0,0,0,0,0,4,1082.56101928669,0.2,0
8464749_1,8464749,1,0,0,0,1,0,0,0,0,0,0,0,0,0,0,0,4,742.323916490208,0.05,0
8464750_1,8464750,1,1,0,0,0,0,0,0,1,0,0,0,0,0,0,0,2,473.169544066574,0.2,0
8464751_1,8464751,1,1,0,0,0,0,0,0,1,0,0,0,0,0,0,0,2,551.157352613584,0.2,0
8464752_1,8464752,1,1,0,0,0,0,0,0,1,0,0,0,0,0,0,0,2,551.157352613584,0.2,0
8464753_1,8464753,1,0,0,0,0,0,0,1,1,0,0,0,0,0,0,0,4,1062.45373261436,0.2,0
8464754_1,8464754,1,1,0,0,0,0,0,0,1,0,0,0,0,0,0,0,3,897.395616046566,0.2,0
8464755_1,8464755,1,0,0,0,0,0,0,0,1,1,0,0,0,0,0,0,2,886.830844058243,0.2,0
8464756_1,8464756,1,0,0,0,0,0,0,0,0,0,0,0,0,0,0,0,3,970.801012233309,0.0,0
8464757_1,8464757,1,0,0,0,0,0,0,0,0,0,0,0,0,0,0,0,1,578.74954211159,0.0,0
8464758_1,8464758,1,0,0,0,0,0,0,0,1,0,0,0,0,0,0,0,3,862.586721450508,0.1,0
8464759_1,8464759,1,0,0,0,1,0,0,0,0,0,0,0,0,0,0,0,2,513.961490797478,0.05,0
8464763_1,8464763,1,1,0,0,0,0,0,0,1,0,0,0,0,0,0,0,1,706.494085467566,0.2,0
8464765_1,8464765,1,1,0,0,0,0,0,0,1,0,0,0,0,0,0,0,1,697.948079497757,0.2,0
8464766_1,8464766,1,0,0,0,0,0,0,0,1,0,0,0,0,0,0,0,1,706.494085467566,0.1,0
8465965_1,8465965,1,1,1,0,0,0,0,0,1,0,0,0,0,0,0,1,3,550.574079756566,0.34,1
8465966_1,8465966,1,0,0,0,0,0,0,0,1,0,0,0,0,0,0,0,3,801.540661957405,0.1,0
8465967_1,8465967,1,0,0,0,0,0,0,0,1,0,0,0,0,0,0,0,2,801.348061842599,0.1,0
8466784_1,8466784,1,0,0,0,0,0,0,0,0,0,0,0,0,0,0,0,4,2047.49203623457,0.0,0
8466785_1,8466785,1,0,0,0,0,0,0,0,0,0,0,0,0,0,0,0,3,1796.24479385777,0.0,0
8466786_1,8466786,1,0,0,0,0,0,0,0,0,0,0,0,0,0,0,0,2,1926.75637633157,0.0,0
8466787_1,8466787,1,0,0,0,0,0,0,1,0,0,0,0,0,0,0,0,2,1926.75637633157,0.1,0
8466788_1,8466788,1,0,0,0,0,0,0,0,0,0,0,0,0,0,0,0,4,2788.97426918997,0.0,0
8466789_1,8466789,1,0,0,0,0,0,0,0,1,0,0,0,0,0,0,0,2,2124.80642155326,0.1,0
8466790_1,8466790,1,0,0,0,0,0,0,1,1,0,0,0,0,0,0,0,1,1903.92472767368,0.2,0
8466791_1,8466791,1,0,0,0,1,0,0,0,0,0,0,0,0,0,0,0,4,2622.68973571791,0.05,0
8466792_1,8466792,1,0,0,0,0,0,0,0,1,0,0,0,0,0,0,0,3,2466.72013982927,0.1,0
8466793_1,8466793,1,0,0,0,0,0,0,0,0,0,0,0,0,0,0,0,4,2773.76965359653,0.0,0
8466794_1,8466794,1,0,0,0,0,0,0,0,1,1,0,0,0,0,0,0,5,1797.58595259058,0.2,0
8466795_1,8466795,1,0,0,0,1,0,0,0,1,1,0,0,0,0,0,0,8,1302.63245469637,0.25,0
8466796_1,8466796,1,1,0,0,0,0,0,1,1,0,0,0,0,0,0,0,1,2246.13352693616,0.3,0
8466797_1,8466797,1,0,0,0,0,0,0,0,1,0,0,0,0,0,0,0,4,2131.95455062352,0.1,0
8466798_1,8466798,1,0,0,0,0,0,0,0,1,1,0,0,0,0,0,0,3,2600.97314490927,0.2,0
8466800_1,8466800,1,0,0,0,0,0,0,1,0,0,0,0,0,0,0,0,1,1912.57518865783,0.1,0
8466801_1,8466801,1,0,0,0,0,0,0,0,0,0,0,0,0,0,0,0,1,2350.71370436269,0.0,0
8466802_1,8466802,1,0,0,0,0,0,0,0,1,0,0,0,0,0,0,0,2,2046.6807258293,0.1,0
8466803_1,8466803,1,0,0,0,0,0,0,0,0,0,0,0,0,0,0,0,3,3296.44525332902,0.0,0
8466804_1,8466804,1,1,1,0,0,0,0,0,1,0,0,0,0,0,0,0,6,2523.51145066815,0.3,0
8466805_1,8466805,1,1,1,0,0,0,0,1,1,0,0,0,0,0,0,0,2,3105.56854435793,0.4,1
8466806_1,8466806,1,1,0,0,0,0,0,0,1,0,0,0,0,0,0,0,1,2101.73097654706,0.2,0
8466807_1,8466807,1,0,0,0,1,0,0,0,1,1,0,0,0,0,0,0,4,2221.19155395369,0.25,0
8466808_1,8466808,1,0,0,0,0,0,0,1,1,0,0,0,0,0,0,0,3,1764.79799116118,0.2,0
8466809_1,8466809,1,1,0,0,0,0,0,0,1,0,0,0,0,0,0,0,1,1670.760710479,0.2,0
8466810_1,8466810,1,0,0,0,0,0,0,0,0,0,0,0,0,0,0,0,1,2927.62878931617,0.0,0
8466811_1,8466811,1,0,0,0,0,0,0,0,0,1,0,0,0,0,0,0,2,2759.0244149446,0.1,0
8466812_1,8466812,1,1,0,0,0,0,0,1,0,0,0,0,0,0,0,0,1,2975.62779752454,0.2,0
8466813_1,8466813,1,0,0,0,0,0,0,0,0,0,0,0,0,0,0,0,6,1031.25025540015,0.0,0
8466814_1,8466814,1,0,0,0,0,0,0,0,0,0,0,0,0,0,0,0,1,2466.66068660018,0.0,0
8466982_1,8466982,1,1,0,0,1,0,0,0,1,0,0,0,0,0,0,0,2,414.275457747486,0.25,0
8466984_1,8466984,1,1,0,0,0,0,0,1,1,0,0,0,0,0,0,0,1,438.992601126123,0.3,0
8466985_1,8466985,1,0,0,0,0,0,0,0,1,0,0,0,0,0,0,0,3,673.153024037228,0.1,0
8466986_1,8466986,1,1,0,0,0,0,0,1,1,0,0,0,0,0,0,0,2,444.256950439225,0.3,0
8466987_1,8466987,1,0,0,0,0,0,0,0,1,0,0,0,0,0,0,0,3,684.732100867804,0.1,0
8466988_1,8466988,1,0,0,0,0,0,0,0,0,0,0,0,0,0,0,0,1,679.82102723403,0.0,0
8466989_1,8466989,1,0,0,0,0,0,0,0,0,0,0,0,0,0,0,0,2,444.256950439225,0.0,0
8466990_1,8466990,1,1,0,0,0,0,0,0,1,0,0,0,0,0,0,0,1,444.367833897915,0.2,0
8466991_1,8466991,1,0,0,0,0,0,0,0,1,0,0,0,0,0,0,0,2,449.632183211017,0.1,0
8466993_1,8466993,1,0,0,0,0,0,0,0,1,0,0,0,0,0,0,0,3,326.691715481364,0.1,0
8469436_1,8469436,1,1,0,0,0,0,0,1,1,0,1,1,1,0,1,0,1,370.553233522483,0.52,1
8469437_1,8469437,1,1,1,0,0,0,0,0,1,0,0,1,1,0,1,0,4,399.265423056915,0.42,1
8469438_1,8469438,1,1,0,0,0,0,0,0,1,0,0,1,1,0,0,0,2,328.025257775889,0.28,0
8469439_1,8469439,1,1,0,0,0,0,0,1,1,0,0,1,1,0,0,0,1,324.138229022044,0.38,1
8469440_1,8469440,1,1,1,0,0,0,0,0,1,0,0,1,1,0,1,0,3,331.912286529733,0.42,1
8469441_1,8469441,1,1,0,0,1,0,0,0,1,0,1,1,1,0,1,0,3,330.491665841384,0.47,1
8469442_1,8469442,1,0,0,0,0,0,0,0,1,0,0,1,1,0,1,1,3,325.102143566172,0.26,0
8469443_1,8469443,1,0,0,0,0,0,0,0,1,1,0,1,1,0,1,0,2,326.604637087539,0.32,0
8469446_1,8469446,1,1,0,0,1,0,0,0,1,0,0,1,1,0,1,0,5,576.390209472477,0.37,1
8469447_1,8469447,1,0,0,0,0,0,0,0,1,0,0,1,1,0,1,0,2,326.604637087539,0.22,0
8469448_1,8469448,1,0,0,0,0,0,0,0,0,0,0,1,1,0,1,0,1,424.733953951967,0.12,0
8469449_1,8469449,1,0,0,0,0,0,0,0,1,0,0,1,1,0,1,0,1,424.733953951967,0.22,0
8469450_1,8469450,1,1,1,0,0,0,0,0,1,0,0,1,1,0,1,0,2,280.918134845404,0.42,1
8469451_1,8469451,1,0,0,0,1,0,0,0,1,0,0,1,1,0,0,0,4,392.838897602295,0.23,0
8469452_1,8469452,1,1,0,0,0,1,0,1,1,0,0,1,1,0,1,0,3,676.665059733836,0.47,1
8469453_1,8469453,1,1,1,0,0,0,0,1,1,0,0,1,1,0,1,0,1,274.270809172499,0.52,1
8469454_1,8469454,1,1,1,0,1,0,0,0,1,1,0,1,1,0,0,0,5,221.157103692224,0.53,1
8469455_1,8469455,1,1,0,0,0,0,0,0,1,0,0,1,1,0,1,0,1,424.733953951967,0.32,0
8469456_1,8469456,1,0,0,0,0,0,0,0,0,0,0,1,1,0,1,0,3,390.835704375652,0.12,0
8469457_1,8469457,1,0,0,0,0,0,0,1,1,0,0,1,1,0,1,0,2,276.357769843302,0.32,0
8469459_1,8469459,1,0,0,0,0,0,0,0,1,0,1,1,1,0,1,0,4,589.542024832299,0.32,0
8469460_1,8469460,1,0,0,0,0,0,0,0,1,0,0,1,1,0,0,1,3,478.025865061576,0.22,0
8469462_1,8469462,1,0,0,0,1,0,0,0,1,0,0,1,1,0,1,0,4,346.627331281189,0.27,0
8469463_1,8469463,1,1,1,0,0,0,0,1,1,0,0,1,1,0,1,0,1,306.577376110909,0.52,1
8469464_1,8469464,1,1,1,0,0,0,0,1,1,0,0,1,1,0,1,0,2,271.391837202616,0.52,1
8469465_1,8469465,1,1,0,0,0,0,0,1,1,0,0,1,1,0,1,0,1,271.459574726001,0.42,1
8469466_1,8469466,1,0,0,0,0,0,0,1,1,0,0,1,1,0,1,0,2,253.07646278778,0.32,0
8469467_1,8469467,1,1,0,0,0,0,0,1,1,0,0,1,1,0,1,0,1,268.175902301999,0.42,1
8469468_1,8469468,1,0,0,0,1,0,0,0,1,0,0,1,1,0,1,0,4,530.22952462603,0.27,0
8469469_1,8469469,1,0,0,0,0,0,0,0,1,0,0,1,1,0,1,0,4,713.831717970872,0.22,0
8469470_1,8469470,1,0,0,0,0,0,0,1,1,0,0,1,1,0,1,1,3,547.17976139931,0.36,1
8469471_1,8469471,1,1,0,0,1,0,0,0,1,0,0,1,1,0,1,1,3,228.939431027987,0.41,1
8469472_1,8469472,1,0,0,0,0,0,0,0,0,0,0,1,1,0,0,0,1,246.781431569092,0.08,0
8469473_1,8469473,1,0,0,0,0,0,0,0,0,0,0,1,1,0,1,0,1,377.541292401748,0.12,0
8469474_1,8469474,1,0,0,0,0,0,0,0,1,1,0,1,1,0,1,0,1,278.706705555372,0.32,0
8469475_1,8469475,1,1,0,0,0,0,0,1,1,0,0,1,1,0,1,0,1,243.796274819999,0.42,1
8469476_1,8469476,1,1,0,0,1,0,0,1,1,0,0,1,1,0,1,0,3,450.150807584367,0.47,1
8469477_1,8469477,1,0,0,0,1,0,0,0,0,0,0,1,1,0,1,0,4,383.192253722742,0.17,0
8469478_1,8469478,1,1,1,0,1,0,0,0,1,0,0,1,1,0,1,0,4,255.306526952072,0.47,1
8469479_1,8469479,1,0,0,0,0,0,0,0,1,0,1,1,1,0,1,0,3,401.709806698013,0.32,0
8471178_1,8471178,1,0,0,0,0,0,0,0,1,0,0,0,0,0,0,0,3,950.435765713834,0.1,0
8471179_1,8471179,1,0,0,0,0,1,0,0,0,0,0,0,0,0,0,0,3,1061.20418326537,0.05,0
8476297_1,8476297,1,1,0,0,0,0,0,0,1,1,1,0,0,0,0,0,5,2335.36193996631,0.4,1
8476298_1,8476298,1,1,0,0,0,0,0,0,1,1,1,0,0,0,0,0,4,1737.30587203951,0.4,1
8476304_1,8476304,1,0,0,0,1,0,0,0,1,0,1,0,0,0,0,0,8,1815.44943968547,0.25,0
8476305_1,8476305,1,1,1,0,0,0,0,1,1,0,0,0,0,0,0,0,2,1379.33421381407,0.4,1
8476306_1,8476306,1,0,0,0,0,0,0,0,1,0,0,0,0,0,0,0,7,2195.86677761262,0.1,0
8476315_1,8476315,1,0,0,0,0,0,0,0,1,0,0,0,0,0,0,0,4,1089.0667634796,0.1,0
8476335_1,8476335,1,0,0,0,0,0,0,0,1,0,0,0,1,0,0,0,4,664.383323654115,0.14,0
8477067_1,8477067,1,0,0,0,0,0,0,0,1,0,0,0,0,0,0,0,1,523.402313494599,0.1,0
8477069_1,8477069,1,1,0,0,0,0,0,0,1,0,0,0,0,0,0,0,1,523.402313494599,0.2,0
8477071_1,8477071,1,1,1,0,0,0,0,0,1,0,0,0,0,0,0,0,2,732.891415621476,0.3,0
8477072_1,8477072,1,1,0,0,0,0,0,0,1,0,0,0,0,0,0,0,2,806.933453937764,0.2,0
8477074_1,8477074,1,0,0,0,0,0,0,0,1,0,0,0,0,0,0,0,5,1231.82681171964,0.1,0
8477075_1,8477075,1,1,0,0,1,0,1,0,1,0,0,0,0,0,0,1,3,703.778124693384,0.34,1
8477076_1,8477076,1,0,0,0,0,1,0,0,1,0,0,0,0,0,0,1,3,1057.78226271787,0.19,0
8480088_1,8480088,1,0,0,0,0,0,0,0,1,1,0,0,1,0,0,0,1,685.867390747809,0.24,0
8480092_1,8480092,1,0,0,0,0,0,0,0,1,1,0,0,0,0,0,0,4,432.864161512042,0.2,0
8480093_1,8480093,1,0,0,0,0,0,0,0,0,0,0,0,0,0,0,0,1,434.252659702524,0.0,0
8480094_1,8480094,1,0,0,0,1,0,0,0,0,0,0,0,0,0,0,0,4,405.776570633347,0.05,0
8481753_1,8481753,1,0,0,0,1,0,0,0,1,0,0,0,0,0,0,0,4,734.42906919661,0.15,0
8481754_1,8481754,1,0,0,0,0,0,0,0,1,0,0,0,0,0,0,1,3,851.992148851534,0.14,0
8481755_1,8481755,1,0,0,0,0,0,0,0,1,0,0,0,0,0,0,0,3,736.825873507551,0.1,0
8481764_1,8481764,1,0,0,0,0,0,0,0,1,0,0,0,1,0,0,0,4,574.633964010761,0.14,0
8482469_1,8482469,1,0,0,0,1,0,0,0,1,0,0,1,1,0,1,0,3,309.774902164694,0.27,0
8483436_1,8483436,1,0,0,0,0,0,0,0,1,0,0,0,0,0,0,1,3,599.491485799474,0.14,0
8483437_1,8483437,1,0,0,0,0,0,0,0,0,0,0,0,0,0,0,0,4,637.995659142229,0.0,0
8483438_1,8483438,1,1,0,0,0,1,0,0,0,0,0,0,0,0,0,1,4,1119.81032271338,0.19,0
8483439_1,8483439,1,1,0,0,1,0,0,0,1,0,0,0,0,0,0,0,4,694.697582155411,0.25,0
8483440_1,8483440,1,0,0,0,0,0,0,0,1,0,0,0,0,0,0,0,3,645.096931976344,0.1,0
8483443_1,8483443,1,0,0,0,0,0,0,0,0,0,0,0,0,0,0,0,1,651.487021972327,0.0,0
8483444_1,8483444,1,1,0,0,0,0,0,0,0,0,0,0,0,0,0,0,2,695.142395779049,0.1,0
8483445_1,8483445,1,0,0,0,1,0,0,0,1,0,0,0,0,0,0,0,3,396.902764552113,0.15,0
8483446_1,8483446,1,0,0,0,0,0,0,0,1,0,0,0,0,0,0,0,3,599.491485799474,0.1,0
8483447_1,8483447,1,0,0,0,0,0,0,0,1,0,0,0,0,0,0,0,3,860.625940441503,0.1,0
8483492_1,8483492,1,1,0,0,0,0,0,0,0,0,0,0,0,0,0,0,1,488.410949325061,0.1,0
8483493_1,8483493,1,0,0,0,0,0,0,0,0,0,0,0,0,0,0,0,1,488.410949325061,0.0,0
8483494_1,8483494,1,0,0,0,0,0,0,1,1,0,0,0,0,0,0,0,1,551.59501173997,0.2,0
8483495_1,8483495,1,0,0,0,0,0,0,0,0,0,0,0,0,0,0,0,1,747.200872686903,0.0,0
8483496_1,8483496,1,0,0,0,0,0,0,0,0,0,0,0,0,0,0,0,1,595.87793680441,0.0,0
8483497_1,8483497,1,0,0,0,0,0,0,0,0,0,0,0,0,0,0,0,3,626.496994812562,0.0,0
8483498_1,8483498,1,0,0,0,0,0,0,0,0,0,0,0,0,0,0,0,2,689.80293079975,0.0,0
8483499_1,8483499,1,0,0,0,0,0,0,0,0,0,0,0,0,0,0,0,1,512.733936451978,0.0,0
8483500_1,8483500,1,0,0,0,0,0,0,0,0,0,0,0,0,0,0,0,2,683.894936699715,0.0,0
8483501_1,8483501,1,0,0,0,0,0,0,0,0,0,0,0,0,0,0,0,1,747.200872686903,0.0,0
8484435_1,8484435,1,0,0,0,0,0,0,0,1,0,0,0,0,0,0,0,2,392.145828756878,0.1,0
8486994_1,8486994,1,1,0,0,0,0,0,0,0,0,0,0,0,0,0,0,4,899.130113784257,0.1,0
