DIRECTORIO	SECUENCIA_ENCUESTA	SECUENCIA_P	P3	P4005	P4015	P8520S3	P8520S5
2974717	1	1	1	1	6	1	1
2974718	1	1	1	1	6	1	1
2974719	1	1	1	1	6	1	1
2974720	1	1	1	1	6	1	1
2974721	1	1	1	1	6	1	1
2974722	1	1	1	1	4	1	1
2974723	1	1	1	1	4	1	1
2974724	1	1	1	1	6	1	1
2974726	1	1	1	1	4	1	1
2974727	1	1	1	1	4	1	1
2974728	1	1	1	1	6	1	1
2974729	1	1	1	1	6	1	1
2974730	1	1	1	5	4	1	2
2974731	1	1	1	1	6	1	1
2974732	1	1	1	1	4	1	1
2974733	1	1	1	1	6	1	1
2974734	1	1	1	1	4	1	1
2974735	1	1	1	1	6	2	1
2974736	1	1	1	1	4	1	2
2974737	1	1	1	1	6	1	1
2974738	1	1	1	1	7	2	1
2974739	1	1	1	1	4	1	1
2974740	1	1	1	1	4	1	1
2974741	1	1	1	1	4	1	1
2974742	1	1	1	1	6	1	1
2974743	1	1	1	1	4	1	1
2974744	1	1	1	1	4	1	2
2974745	1	1	1	1	4	1	1
2974746	1	1	1	1	4	1	2
2974747	1	1	1	1	4	1	1
2974748	1	1	1	1	4	1	1
2974749	1	1	1	1	4	1	1
2974750	1	1	1	1	6	1	1
2974751	1	1	1	1	4	1	1
2974752	1	1	1	1	6	1	1
2974753	1	1	1	1	6	1	1
2974754	1	1	1	1	4	1	1
2974755	1	1	1	1	6	1	1
2974756	1	1	1	1	6	1	1
2974757	1	1	1	1	4	1	1
2974758	1	1	1	1	6	1	1
2974759	1	1	1	1	6	1	1
2974760	1	1	1	1	4	1	1
2974761	1	1	1	1	4	1	1
2974762	1	1	1	1	4	1	1
2974763	1	1	1	1	6	1	1
2974764	1	1	1	1	4	1	1
2974765	1	1	1	1	4	1	1
2974766	1	1	1	1	4	1	1
2974767	1	1	1	1	4	1	1
2974768	1	1	1	1	4	1	1
2974770	1	1	1	1	4	1	1
2974771	1	1	1	1	4	1	1
2974772	1	1	1	1	4	1	1
2974773	1	1	1	1	6	1	1
2974774	1	1	1	1	4	1	1
2974775	1	1	1	1	4	1	1
2974776	1	1	1	1	4	1	1
2974777	1	1	1	8	6	2	1
2974778	1	1	1	1	6	1	1
2974779	1	1	1	1	4	1	1
2974780	1	1	1	1	4	1	1
2974781	1	1	1	1	6	1	1
2974782	1	1	2	1	6	1	1
2974783	1	1	1	1	6	1	1
2974784	1	1	1	1	4	1	1
2974785	1	1	2	1	6	1	1
2974786	1	1	1	1	6	1	1
2974787	1	1	1	1	6	1	1
2974788	1	1	1	1	4	1	1
2974789	1	1	1	1	6	1	1
2974790	1	1	2	1	6	1	1
2974791	1	1	1	1	6	2	1
2974792	1	1	1	1	4	1	1
2974793	1	1	1	1	6	1	1
2974794	1	1	1	1	4	1	1
2974795	1	1	1	1	6	1	1
2974796	1	1	1	1	4	1	1
2974797	1	1	2	1	6	1	1
2974798	1	1	1	1	4	1	1
2974799	1	1	1	1	6	2	1
2974800	1	1	1	1	4	1	1
2974801	1	1	2	1	6	1	1
2974802	1	1	1	1	4	1	1
2974803	1	1	1	1	6	2	1
2974804	1	1	2	1	6	1	1
2974805	1	1	2	1	6	1	1
2974806	1	1	1	1	4	1	1
2974807	1	1	2	1	6	1	1
2974808	1	1	2	1	6	1	1
2974809	1	1	2	1	6	1	1
2974810	1	1	1	1	4	1	1
2974811	1	1	1	1	4	1	1
2974812	1	1	1	1	6	1	1
2974813	1	1	1	1	4	1	1
2974814	1	1	1	1	4	1	1
2974815	1	1	1	1	6	1	1
2974816	1	1	1	1	4	1	1
2974817	1	1	1	1	6	1	1
2974818	1	1	1	1	4	1	1
2974819	1	1	1	1	6	1	1
2974820	1	1	1	1	6	1	1
2974821	1	1	1	1	4	1	1
2974822	1	1	1	1	4	1	1
2974823	1	1	1	1	6	1	1
2974824	1	1	1	1	6	1	1
2974826	1	1	1	1	6	1	1
2974827	1	1	1	1	4	1	1
2974828	1	1	1	1	4	1	1
2974829	1	1	3	2	6	2	2
2974830	1	1	3	1	6	2	2
2974831	1	1	3	1	6	2	2
2974833	1	1	1	1	6	1	1
2974834	1	1	1	1	6	1	1
2974835	1	1	3	1	6	2	2
2974836	1	1	3	1	6	2	2
2974837	1	1	3	2	6	2	2
2974839	1	1	1	1	6	1	1
2974840	1	1	1	1	3	1	1
2974843	1	1	3	1	6	2	2
2974844	1	1	1	1	3	1	1
2974845	1	1	3	1	6	2	2
2974846	1	1	3	1	4	2	2
2974847	1	1	1	1	4	1	1
2974848	1	1	1	3	4	1	1
2974849	1	1	1	1	4	1	1
2974850	1	1	3	1	6	2	2
2974851	1	1	3	1	4	2	2
2974852	1	1	3	1	4	2	2
2974853	1	1	1	1	6	1	1
2974854	1	1	1	1	6	1	1
2974855	1	1	2	1	6	1	1
2974856	1	1	1	1	4	1	1
2974857	1	1	1	1	4	1	1
2974858	1	1	3	2	6	2	2
2974859	1	1	3	1	4	2	2
2974860	1	1	2	1	7	1	1
2974861	1	1	1	1	3	1	1
2974862	1	1	1	1	6	1	1
2974863	1	1	1	1	3	1	1
2974864	1	1	1	1	1	1	1
2974865	1	1	1	1	4	1	1
2974866	1	1	1	1	4	1	1
2974867	1	1	1	1	6	1	1
2974868	1	1	1	1	3	1	1
2974869	1	1	1	2	4	1	1
2974870	1	1	1	1	4	1	1
2974871	1	1	1	1	6	1	1
2974872	1	1	1	1	4	1	1
2974873	1	1	1	1	4	1	1
2974874	1	1	1	1	4	1	1
2974875	1	1	1	1	6	1	1
2974876	1	1	1	1	4	1	1
2974877	1	1	1	1	6	1	1
2974878	1	1	1	1	4	1	1
2974879	1	1	1	1	6	1	1
2974880	1	1	1	1	6	2	1
2974881	1	1	1	1	4	1	1
2974882	1	1	1	1	4	1	1
2974883	1	1	1	1	4	1	1
2974884	1	1	1	1	4	1	1
2974885	1	1	1	1	6	1	1
2974886	1	1	1	1	6	1	1
2974887	1	1	1	1	4	1	1
2974888	1	1	1	1	6	1	1
2974889	1	1	1	1	4	1	1
2974890	1	1	1	1	4	1	1
2974891	1	1	1	1	4	1	1
2974892	1	1	1	1	3	1	1
2974893	1	1	1	1	3	1	1
2974894	1	1	1	1	4	1	1
2974896	1	1	1	1	4	1	1
2974897	1	1	1	1	4	1	1
2974898	1	1	1	1	4	1	1
2974899	1	1	1	1	6	1	1
2974900	1	1	1	1	4	1	1
2974901	1	1	1	1	4	1	1
2974902	1	1	1	1	4	1	1
2974903	1	1	1	1	4	1	1
2974904	1	1	1	1	4	1	1
2974905	1	1	1	1	6	1	1
2974906	1	1	1	1	3	1	1
2974907	1	1	2	3	6	1	1
2974908	1	1	1	1	3	1	1
2974909	1	1	3	5	7	2	2
2974910	1	1	1	1	4	1	1
2974911	1	1	1	1	4	1	1
2974912	1	1	2	3	6	1	1
2974913	1	1	1	1	2	1	1
2974914	1	1	2	1	6	1	1
2974915	1	1	3	5	7	2	2
2974916	1	1	1	1	4	1	1
2974917	1	1	1	1	4	1	1
2974918	1	1	2	1	6	1	1
2974919	1	1	2	1	6	1	1
2974920	1	1	1	1	4	1	1
2974921	1	1	1	1	4	1	1
2974922	1	1	1	1	4	1	1
2974923	1	1	1	1	6	1	1
2974924	1	1	1	1	6	1	1
2974925	1	1	1	6	4	1	1
2974926	1	1	1	1	4	1	1
2974927	1	1	1	1	4	1	1
2974928	1	1	1	1	4	1	1
2974931	1	1	1	1	4	1	1
2974932	1	1	1	1	5	1	1
2974933	1	1	1	1	4	1	1
2974934	1	1	1	1	4	1	1
2974936	1	1	1	1	6	1	1
2974937	1	1	1	1	4	1	1
2974938	1	1	1	1	4	1	1
2974939	1	1	1	1	4	1	1
2974941	1	1	1	1	4	1	1
2974942	1	1	1	1	6	1	1
2974943	1	1	1	1	4	1	1
2974944	1	1	1	1	4	1	1
2974945	1	1	1	1	4	1	1
2974946	1	1	2	1	4	1	1
2974947	1	1	1	1	4	1	1
2974948	1	1	1	1	6	1	1
2974949	1	1	1	1	4	1	1
2974950	1	1	1	1	6	1	1
2974951	1	1	1	1	6	1	1
2974952	1	1	1	1	4	1	1
2974953	1	1	1	1	6	1	1
2974954	1	1	1	1	4	1	1
2974955	1	1	1	4	6	1	1
2974956	1	1	1	4	6	1	1
2974957	1	1	1	1	4	1	1
2974958	1	1	1	1	4	1	1
2974959	1	1	1	1	6	1	1
2974961	1	1	1	1	4	1	1
2974962	1	1	1	1	4	1	1
2974963	1	1	1	1	4	1	1
2974964	1	1	1	1	4	1	1
2974965	1	1	1	1	6	2	1
2974966	1	1	1	1	4	1	1
2974967	1	1	1	1	4	1	1
2974968	1	1	1	1	4	1	1
2974969	1	1	1	1	4	1	1
2974970	1	1	1	1	6	2	1
2974971	1	1	1	1	7	2	1
2974972	1	1	1	1	4	1	1
2974973	1	1	1	1	4	1	1
2974974	1	1	1	1	4	1	1
2974975	1	1	1	1	7	2	1
2974976	1	1	1	1	4	1	1
2974977	1	1	1	1	4	1	1
2974978	1	1	1	1	4	1	1
2974979	1	1	1	1	6	1	1
2974980	1	1	1	1	4	1	1
2974982	1	1	1	1	4	1	1
2974983	1	1	1	1	6	2	1
2974985	1	1	1	1	6	2	1
2974986	1	1	1	1	4	1	1
2974987	1	1	1	1	4	2	1
2974989	1	1	1	1	4	1	1
2974990	1	1	1	1	4	1	1
2974991	1	1	1	1	4	1	1
2974992	1	1	1	1	6	1	1
2974993	1	1	1	1	4	1	1
2974994	1	1	1	1	6	2	1
2974995	1	1	1	1	4	1	1
2974996	1	1	1	1	4	1	1
2974997	1	1	1	3	5	1	1
2974999	1	1	1	1	4	1	1
2975000	1	1	1	1	6	1	1
2975001	1	1	1	1	4	1	1
2975002	1	1	1	1	4	1	1
2975003	1	1	1	1	6	1	1
2975004	1	1	1	1	3	1	1
2975005	1	1	1	1	3	1	1
2975006	1	1	1	1	6	1	1
2975007	1	1	1	1	4	1	1
2975008	1	1	1	1	4	1	1
2975009	1	1	1	1	4	1	1
2975012	1	1	1	1	4	1	1
2975013	1	1	1	1	6	1	1
2975014	1	1	1	1	4	1	1
2975015	1	1	2	1	6	1	1
2975016	1	1	1	1	4	1	1
2975017	1	1	1	1	4	1	1
2975018	1	1	1	1	4	1	1
2975019	1	1	1	1	4	1	1
2975020	1	1	1	1	5	1	1
2975021	1	1	1	2	4	1	1
2975022	1	1	1	1	3	1	1
2975023	1	1	1	1	4	1	1
2975024	1	1	1	5	6	1	1
2975025	1	1	1	1	4	1	1
2975026	1	1	1	1	6	1	1
2975028	1	1	1	5	5	1	1
2975029	1	1	1	1	6	1	1
2975391	1	1	1	1	6	1	1
2975392	1	1	1	1	4	1	1
2975393	1	1	1	1	4	1	1
2975394	1	1	1	1	4	1	2
2975395	1	1	1	1	4	1	1
2975397	1	1	1	1	4	1	2
2975399	1	1	1	1	6	1	1
2975400	1	1	1	1	2	1	1
2975401	1	1	1	1	4	1	2
2975402	1	1	1	1	4	1	1
2975403	1	1	1	1	4	1	1
2975404	1	1	1	1	4	1	1
2975405	1	1	1	1	4	1	2
2975406	1	1	2	1	6	1	1
2975407	1	1	2	1	6	1	1
2975408	1	1	1	1	3	1	1
2975409	1	1	1	1	4	1	1
2975410	1	1	1	1	4	1	1
2975411	1	1	1	1	4	1	1
2975412	1	1	1	1	4	1	1
2975413	1	1	1	1	4	1	1
2975414	1	1	1	1	3	1	1
2975417	1	1	1	1	4	1	1
2975418	1	1	1	1	4	1	1
2975419	1	1	1	1	4	1	1
2975420	1	1	1	1	4	1	1
2975421	1	1	1	1	6	1	1
2975422	1	1	1	5	5	2	1
2975424	1	1	1	1	4	1	1
2975425	1	1	1	1	6	2	1
2975426	1	1	1	1	4	1	1
2975427	1	1	1	5	6	2	1
2975428	1	1	1	1	4	1	1
2975429	1	1	2	3	6	1	1
2975430	1	1	3	5	6	2	2
2975431	1	1	2	3	6	1	1
2975432	1	1	1	1	6	2	1
2975433	1	1	1	1	4	1	1
2975434	1	1	1	1	6	1	1
2975435	1	1	2	1	6	1	1
2975436	1	1	1	1	4	1	1
2975437	1	1	1	1	4	1	1
2975438	1	1	1	1	4	1	1
2975439	1	1	1	1	4	1	1
2975441	1	1	1	1	4	1	1
2975442	1	1	3	5	7	2	2
2975444	1	1	1	1	4	1	1
2975445	1	1	1	1	4	1	1
2975446	1	1	1	1	4	1	1
2975447	1	1	1	1	4	1	1
2975448	1	1	1	1	4	1	1
2975449	1	1	3	2	6	2	2
2975450	1	1	1	1	4	1	1
2975451	1	1	1	1	6	2	1
2975452	1	1	1	1	6	2	1
2975453	1	1	1	1	4	1	1
2975454	1	1	1	1	4	2	1
2975455	1	1	1	1	4	1	1
2975456	1	1	1	1	4	1	1
2975457	1	1	1	1	4	1	1
2975458	1	1	1	1	6	1	1
2975459	1	1	1	1	4	1	1
2975460	1	1	1	1	4	1	1
2975463	1	1	2	5	6	1	1
2975464	1	1	1	1	4	1	1
2975465	1	1	1	1	4	1	1
2975466	1	1	1	1	4	1	1
2975467	1	1	1	1	4	1	1
2975468	1	1	1	1	4	1	1
2975469	1	1	1	3	2	1	1
2975470	1	1	1	1	4	1	1
2975471	1	1	1	1	6	1	1
2975472	1	1	1	1	4	1	1
2975473	1	1	1	1	4	1	1
2975474	1	1	1	1	4	1	1
2975475	1	1	1	1	4	1	1
2975477	1	1	1	1	6	1	1
2975478	1	1	1	1	4	1	1
2975479	1	1	1	1	4	1	1
2975480	1	1	1	1	4	1	1
2975481	1	1	1	1	6	1	1
2975482	1	1	1	1	4	1	1
2975483	1	1	1	1	4	1	1
2975484	1	1	1	1	4	1	1
2975485	1	1	1	1	6	1	1
2975486	1	1	1	1	6	1	1
2975487	1	1	1	1	4	1	1
2975488	1	1	1	1	4	1	1
2975489	1	1	1	1	4	1	1
2975490	1	1	1	1	4	1	1
2975491	1	1	1	1	4	1	1
2975492	1	1	1	1	6	1	1
2975494	1	1	3	1	4	2	1
2975496	1	1	3	2	6	2	1
2975498	1	1	2	1	6	1	1
2975499	1	1	3	5	7	2	1
2975500	1	1	3	1	6	2	1
2975501	1	1	1	1	4	1	1
2975502	1	1	1	1	4	1	2
2975503	1	1	1	1	4	1	1
2975504	1	1	1	1	4	1	1
2975505	1	1	1	1	4	1	1
2975506	1	1	3	1	6	2	1
2975507	1	1	3	5	7	2	1
2975508	1	1	3	5	7	2	1
2975509	1	1	3	3	7	2	1
2975510	1	1	3	5	6	2	2
2975511	1	1	3	5	6	2	2
2975512	1	1	3	2	6	2	2
2975513	1	1	1	1	4	1	2
2975514	1	1	3	1	4	2	2
2975515	1	1	3	2	6	2	2
2975516	1	1	3	1	7	2	2
2975517	1	1	1	1	4	1	1
2975518	1	1	1	1	4	1	2
2975519	1	1	1	1	6	1	1
2975521	1	1	1	1	6	1	1
2975523	1	1	3	1	6	2	1
2975524	1	1	1	1	4	1	1
2975525	1	1	3	2	7	2	1
2975526	1	1	3	2	6	2	2
2975527	1	1	1	1	4	1	1
2975528	1	1	1	1	4	1	1
2975529	1	1	1	1	4	1	1
2975530	1	1	3	1	6	2	2
2975531	1	1	1	1	6	1	1
2975532	1	1	1	1	4	1	1
2975533	1	1	1	1	6	1	1
2975534	1	1	1	1	4	1	1
2975535	1	1	2	1	4	1	1
2975536	1	1	1	1	6	1	1
2975538	1	1	1	1	6	1	1
2975539	1	1	2	1	6	1	1
2975540	1	1	1	1	6	1	1
2975541	1	1	1	1	4	1	1
2975542	1	1	1	1	6	1	1
2975544	1	1	1	1	6	1	1
2975545	1	1	1	1	4	1	1
2975546	1	1	1	1	6	1	1
2975548	1	1	1	1	4	1	1
2975549	1	1	1	1	4	1	1
2975550	1	1	1	1	6	1	1
2975551	1	1	1	1	6	1	1
2975552	1	1	1	1	6	1	1
2975554	1	1	1	1	6	1	1
2975555	1	1	1	1	4	1	1
2975556	1	1	1	1	6	1	1
2975558	1	1	1	1	6	1	1
2975559	1	1	1	1	4	1	1
2975560	1	1	1	1	4	1	1
2975561	1	1	1	1	4	1	1
2975562	1	1	1	1	4	1	1
2975563	1	1	1	1	4	1	1
2975564	1	1	1	1	4	1	1
2975565	1	1	1	1	4	1	1
2975566	1	1	1	1	6	1	1
2975567	1	1	1	1	4	1	1
2975568	1	1	1	1	4	1	1
2975569	1	1	1	1	4	1	1
2975570	1	1	1	1	4	1	1
2975571	1	1	1	1	4	1	1
2975572	1	1	1	1	4	1	1
2975573	1	1	1	5	7	1	1
2975574	1	1	1	1	4	1	1
2975575	1	1	1	1	4	1	1
2975576	1	1	1	1	4	1	1
2975577	1	1	1	1	6	1	1
2975578	1	1	1	1	4	1	1
2975580	1	1	1	1	4	1	1
2975581	1	1	1	1	4	1	1
2975582	1	1	1	1	4	1	1
2975583	1	1	1	1	6	1	1
2975584	1	1	1	1	4	1	1
2975585	1	1	1	1	6	1	1
2975586	1	1	1	1	6	1	1
2975587	1	1	1	1	4	1	1
2975588	1	1	1	1	4	1	1
2975589	1	1	1	1	4	1	1
2975590	1	1	1	1	4	1	1
2975591	1	1	1	1	4	1	1
2975592	1	1	1	1	4	1	1
2975593	1	1	1	1	4	1	1
2975594	1	1	1	1	4	1	1
2975595	1	1	1	1	4	1	1
2975597	1	1	1	1	4	1	1
2975599	1	1	3	1	6	2	1
2975601	1	1	1	1	6	1	1
2975602	1	1	1	1	6	2	1
2975603	1	1	1	1	6	2	1
2975604	1	1	1	1	6	1	1
2975605	1	1	1	1	4	1	1
2975606	1	1	3	5	7	2	1
2975607	1	1	3	1	6	2	1
2975608	1	1	3	5	7	2	1
2975609	1	1	1	1	6	2	1
2975610	1	1	1	1	4	1	1
2975611	1	1	3	5	7	2	1
2975613	1	1	1	1	4	1	1
2975614	1	1	3	5	7	2	1
2975615	1	1	3	1	6	2	1
2975616	1	1	1	1	6	1	1
2975617	1	1	1	1	6	1	1
2975618	1	1	3	5	7	2	1
2975620	1	1	1	5	5	1	1
2975621	1	1	3	2	7	2	1
2975622	1	1	1	1	4	1	1
2975623	1	1	1	1	6	1	1
2975624	1	1	1	1	4	1	1
2975625	1	1	1	1	4	1	1
2975627	1	1	3	5	7	2	1
2975628	1	1	1	1	5	1	1
2975629	1	1	1	1	4	1	1
2975630	1	1	1	1	4	1	1
2975631	1	1	1	1	4	1	1
2975632	1	1	1	1	4	1	1
2975633	1	1	1	1	6	1	1
2975634	1	1	3	5	6	2	1
2975635	1	1	1	1	6	1	1
2975636	1	1	1	1	4	1	1
2975637	1	1	1	1	4	1	1
2975638	1	1	1	1	4	1	1
2975639	1	1	1	1	4	1	1
2975642	1	1	1	1	4	1	1
2975643	1	1	1	1	4	1	1
2975644	1	1	1	1	4	1	1
2975645	1	1	1	1	4	1	1
2975646	1	1	1	1	4	1	1
2975647	1	1	1	1	2	1	1
2975648	1	1	1	1	4	1	1
2975649	1	1	1	1	4	1	1
2975650	1	1	1	1	4	1	1
2975651	1	1	1	1	5	1	1
2975652	1	1	1	1	5	2	1
2975653	1	1	1	1	4	1	1
2975654	1	1	1	1	4	1	1
2975655	1	1	1	1	4	1	1
2975656	1	1	1	1	4	1	1
2975657	1	1	1	1	4	1	1
2975658	1	1	1	1	6	2	1
2975659	1	1	1	1	6	1	1
2975660	1	1	1	1	4	1	1
2975661	1	1	1	1	4	1	1
2975662	1	1	1	1	6	1	1
2975663	1	1	1	1	4	1	1
2975664	1	1	1	1	4	1	1
2975665	1	1	1	1	4	1	1
2975666	1	1	1	1	4	1	1
2975667	1	1	1	1	4	1	1
2975668	1	1	1	1	4	1	1
2975669	1	1	1	1	4	1	1
2975671	1	1	1	7	5	1	1
2975672	1	1	1	1	4	1	1
2975673	1	1	1	1	4	1	1
2975674	1	1	1	1	4	1	1
2975675	1	1	1	1	4	1	1
2975676	1	1	1	3	5	1	1
2975677	1	1	1	1	4	1	1
2975678	1	1	1	1	4	1	1
2975679	1	1	1	1	5	1	1
2975680	1	1	1	1	6	1	1
2975681	1	1	1	1	4	1	1
2975682	1	1	1	1	4	1	1
2975683	1	1	1	1	4	1	1
2975684	1	1	1	1	4	1	1
2975685	1	1	1	1	4	1	1
2975686	1	1	1	1	6	1	1
2975687	1	1	1	1	4	1	1
2975688	1	1	1	1	6	1	1
2975689	1	1	1	7	5	1	1
2975690	1	1	1	3	5	1	1
2975691	1	1	1	1	4	1	1
2975692	1	1	1	1	4	1	1
2975694	1	1	1	1	4	1	1
2975695	1	1	1	1	4	1	1
2975696	1	1	1	1	4	1	1
2975697	1	1	1	1	4	2	1
2975698	1	1	1	1	6	1	1
2975699	1	1	1	1	4	1	1
2975700	1	1	1	1	4	1	1
2975701	1	1	1	1	4	2	1
2975702	1	1	1	1	4	1	1
2975703	1	1	1	1	2	1	1
2975704	1	1	1	3	5	1	1
2975706	1	1	1	1	6	1	1
2975707	1	1	1	1	4	1	1
2975708	1	1	1	1	4	1	1
2975709	1	1	1	1	4	1	1
2975710	1	1	1	1	4	1	1
2975711	1	1	3	5	6	2	2
2975712	1	1	3	5	5	2	2
2975713	1	1	2	5	5	2	1
2975714	1	1	3	5	6	2	2
2975715	1	1	1	1	4	1	1
2975716	1	1	1	1	4	1	1
2975717	1	1	2	5	5	2	2
2975718	1	1	1	1	4	1	1
2975720	1	1	2	5	5	2	2
2975721	1	1	3	1	6	2	2
2975722	1	1	3	5	6	2	2
2975723	1	1	3	5	7	2	1
2975724	1	1	3	1	6	2	2
2975725	1	1	1	1	4	1	1
2975726	1	1	3	1	6	2	2
2975727	1	1	3	1	4	2	2
2975728	1	1	1	1	7	1	1
2975729	1	1	1	1	4	1	1
2975730	1	1	3	9	7	2	2
2975731	1	1	1	1	6	1	1
2975732	1	1	1	1	7	1	1
2975733	1	1	1	1	6	1	1
2975734	1	1	1	1	4	1	1
2975735	1	1	3	1	6	2	2
2975736	1	1	1	1	4	1	1
2975738	1	1	1	1	4	1	1
2975739	1	1	1	1	6	1	1
2975740	1	1	1	1	6	1	1
2975741	1	1	1	1	4	1	1
2975742	1	1	1	1	4	1	1
2975743	1	1	1	1	4	1	1
2975744	1	1	1	1	4	1	1
2975745	1	1	1	1	4	1	1
2975746	1	1	1	1	4	1	1
2975747	1	1	1	4	5	1	1
2975748	1	1	1	3	5	1	1
2975749	1	1	1	1	2	1	1
2975750	1	1	1	1	4	1	1
2975751	1	1	1	1	4	1	1
2975752	1	1	1	1	4	1	1
2975753	1	1	1	1	4	1	1
2975754	1	1	1	1	4	1	1
2975755	1	1	1	1	4	1	1
2983150	1	1	1	1	6	1	1
2983151	1	1	1	1	4	1	1
2983152	1	1	1	1	4	1	1
2983153	1	1	1	1	6	1	1
2983154	1	1	1	1	4	1	1
2983155	1	1	1	1	1	1	1
2983156	1	1	1	1	4	1	1
2983157	1	1	1	1	4	1	1
2983158	1	1	1	1	4	1	1
2983159	1	1	1	1	4	1	1
2983160	1	1	1	1	4	1	1
2983161	1	1	1	1	4	1	1
2983162	1	1	1	1	4	1	1
2983163	1	1	1	1	4	1	1
2983164	1	1	1	1	1	1	1
2983165	1	1	1	1	6	1	1
2983166	1	1	1	1	6	1	1
2983167	1	1	1	1	6	1	1
2983169	1	1	1	1	4	1	1
2983170	1	1	1	1	6	1	1
2983172	1	1	1	1	6	1	1
2983173	1	1	1	1	4	1	1
2983174	1	1	1	1	4	1	1
2983175	1	1	1	1	6	1	1
2983176	1	1	1	1	4	1	1
2983177	1	1	1	1	4	1	1
2983178	1	1	1	1	6	1	1
2983180	1	1	1	1	7	1	1
2983182	1	1	1	1	4	1	1
2983183	1	1	1	1	4	1	1
2983184	1	1	1	1	4	1	1
2983185	1	1	1	1	4	1	1
2983186	1	1	1	1	4	1	1
2983187	1	1	1	1	4	1	1
2983188	1	1	1	8	7	1	1
2983189	1	1	1	1	4	1	1
2983190	1	1	1	1	4	1	1
2983191	1	1	1	1	6	1	1
2983194	1	1	1	1	4	1	1
2983195	1	1	1	1	4	1	1
2983196	1	1	1	1	4	1	1
2983197	1	1	1	1	4	1	1
2983198	1	1	1	1	3	1	1
2983200	1	1	1	1	6	1	1
2983201	1	1	1	1	6	1	1
2983203	1	1	1	1	4	1	1
2983204	1	1	1	1	4	1	1
2983205	1	1	1	1	6	1	1
2983206	1	1	1	1	4	1	1
2983207	1	1	1	1	4	1	1
2983208	1	1	1	1	4	1	1
2983209	1	1	1	1	4	1	1
2983210	1	1	1	1	6	1	1
2983211	1	1	1	1	4	1	1
2983212	1	1	1	1	6	1	1
2983213	1	1	1	1	4	1	1
2983214	1	1	1	1	4	1	1
2983215	1	1	1	1	4	1	1
2983217	1	1	1	1	4	1	1
2983218	1	1	1	1	6	1	1
2983219	1	1	1	1	4	1	1
2983221	1	1	1	1	4	1	1
2983222	1	1	1	1	4	1	1
2983223	1	1	1	1	4	1	1
2983224	1	1	1	1	4	1	1
2983225	1	1	1	1	4	1	1
2983226	1	1	1	1	4	1	1
2983228	1	1	3	1	6	2	2
2983230	1	1	1	1	4	1	1
2983231	1	1	1	1	4	1	1
2983232	1	1	1	2	6	1	1
2983234	1	1	1	1	4	1	1
2983235	1	1	1	1	6	1	1
2983236	1	1	1	1	4	1	1
2983237	1	1	1	1	4	1	1
2983239	1	1	3	5	5	2	2
2983240	1	1	3	5	5	2	2
2983241	1	1	2	1	6	2	1
2983243	1	1	1	1	4	1	1
2983244	1	1	1	1	4	1	1
2983245	1	1	1	1	4	1	1
2983246	1	1	1	1	4	1	1
2983247	1	1	3	5	5	2	2
2983248	1	1	2	1	6	2	1
2983249	1	1	2	1	6	2	1
2983250	1	1	2	7	7	2	1
2983251	1	1	1	1	4	1	1
2983253	1	1	2	3	6	2	1
2983254	1	1	1	1	4	1	1
2983255	1	1	2	1	6	2	1
2983256	1	1	1	1	4	1	1
2983258	1	1	1	1	2	1	1
2983260	1	1	1	1	4	1	1
2983261	1	1	1	1	4	1	1
2983262	1	1	1	1	4	1	1
2983263	1	1	1	1	4	1	1
2983264	1	1	1	1	4	1	1
2983265	1	1	1	1	4	1	1
2983266	1	1	1	1	4	1	1
2983267	1	1	1	1	4	1	1
2983268	1	1	1	1	4	1	1
2983269	1	1	1	1	4	1	1
2983270	1	1	1	1	4	1	1
2983272	1	1	2	1	6	2	1
2983273	1	1	1	1	4	1	1
2983274	1	1	2	1	4	2	1
2983275	1	1	2	3	6	2	1
2983276	1	1	2	1	6	2	1
2983277	1	1	1	1	4	1	1
2983278	1	1	2	1	6	2	1
2983279	1	1	1	1	4	1	1
2983280	1	1	1	1	6	1	1
2983281	1	1	1	1	6	1	1
2983282	1	1	1	1	4	1	1
2983283	1	1	1	1	4	1	1
2983284	1	1	1	1	4	1	1
2983285	1	1	1	2	7	1	1
2983286	1	1	1	1	1	1	1
2983287	1	1	1	1	4	1	1
2983288	1	1	1	1	4	1	1
2983289	1	1	1	1	4	1	1
2983290	1	1	2	1	6	2	1
2983292	1	1	2	1	6	2	1
2983293	1	1	1	4	7	1	1
2983294	1	1	1	4	6	1	1
2983295	1	1	1	1	7	1	1
2983296	1	1	1	1	3	1	1
2983297	1	1	1	1	6	1	1
2983298	1	1	1	2	6	1	1
2983299	1	1	2	1	6	2	1
2983300	1	1	1	1	4	1	1
2983301	1	1	1	1	4	1	1
2983302	1	1	1	1	4	1	1
2983303	1	1	2	1	6	2	1
2983304	1	1	1	1	4	1	1
2983305	1	1	1	1	6	1	1
2983307	1	1	1	1	6	1	1
2983308	1	1	2	1	6	2	1
2983309	1	1	1	2	7	1	1
2983310	1	1	1	1	4	1	1
2983311	1	1	1	1	4	1	1
2983312	1	1	1	1	4	1	1
2983313	1	1	3	8	6	2	2
2983314	1	1	1	4	7	2	1
2983315	1	1	1	1	4	1	1
2983316	1	1	1	1	5	1	1
2983317	1	1	1	1	4	1	1
2983318	1	1	1	1	4	1	1
2983319	1	1	1	1	4	1	1
2983320	1	1	1	1	6	1	1
2983321	1	1	1	1	4	1	1
2983322	1	1	3	1	6	2	2
2983323	1	1	3	1	6	2	2
2983324	1	1	1	1	4	1	1
2983325	1	1	1	1	6	1	1
2983326	1	1	3	1	6	2	2
2983327	1	1	3	1	5	2	2
2983328	1	1	1	1	4	1	1
2983329	1	1	1	1	4	1	1
2983330	1	1	1	1	4	1	1
2983331	1	1	1	1	4	1	1
2983332	1	1	1	1	6	1	1
2983333	1	1	1	3	6	1	1
2983334	1	1	1	1	4	1	1
2983335	1	1	1	1	6	1	1
2983336	1	1	1	4	7	1	1
2983337	1	1	1	1	6	1	1
2983338	1	1	1	1	4	1	1
2983339	1	1	1	1	4	1	1
2983340	1	1	3	1	6	2	2
2983341	1	1	1	2	7	1	1
2983342	1	1	1	2	6	1	1
2983343	1	1	1	1	6	1	1
2983344	1	1	1	1	4	1	1
2983349	1	1	1	1	4	2	1
2983350	1	1	3	1	6	2	2
2983351	1	1	1	1	4	1	1
2983352	1	1	1	1	6	1	1
2983354	1	1	1	1	6	1	1
2983356	1	1	1	1	6	1	1
2983357	1	1	1	1	4	1	1
2983358	1	1	1	2	6	1	1
2983359	1	1	1	1	4	1	1
2983364	1	1	1	1	4	1	1
2983367	1	1	1	1	4	1	1
2983368	1	1	1	2	6	1	1
2983369	1	1	1	3	6	1	1
2983370	1	1	1	3	6	1	1
2983371	1	1	1	2	7	1	1
2983372	1	1	1	3	6	1	1
2983373	1	1	1	1	4	1	1
2983374	1	1	1	1	6	1	1
2983375	1	1	1	2	6	1	1
2983376	1	1	1	3	6	1	1
2983377	1	1	1	6	6	1	1
2983379	1	1	1	1	4	1	1
2983382	1	1	1	1	6	1	1
2983384	1	1	1	1	6	1	1
2983385	1	1	1	1	6	1	1
2983386	1	1	1	1	4	1	1
2983387	1	1	1	1	4	1	1
2983388	1	1	1	3	4	1	1
2983392	1	1	1	1	4	1	1
2983393	1	1	1	1	4	1	1
2983394	1	1	1	1	4	2	1
2983395	1	1	1	1	6	2	1
2983396	1	1	1	2	6	1	1
2983397	1	1	1	1	6	1	1
2983398	1	1	1	1	6	1	1
2983400	1	1	3	5	7	2	2
2983401	1	1	1	1	4	1	1
2983402	1	1	1	3	6	1	1
2983403	1	1	1	1	4	1	1
2983404	1	1	1	1	4	1	1
2983405	1	1	1	1	4	1	1
2983406	1	1	1	1	6	1	2
2983407	1	1	1	1	4	1	2
2983408	1	1	1	1	6	1	2
2983409	1	1	1	1	6	2	2
2983410	1	1	1	1	4	1	2
2983411	1	1	1	1	6	1	1
2983412	1	1	1	1	4	2	2
2983413	1	1	3	1	6	2	2
2983414	1	1	1	1	2	1	1
2983415	1	1	1	1	4	1	1
2983416	1	1	1	4	6	1	1
2983417	1	1	1	1	4	1	1
2983420	1	1	1	1	4	1	1
2983421	1	1	1	1	6	1	1
2983422	1	1	1	1	4	1	1
2983423	1	1	1	1	3	1	1
2983424	1	1	1	1	4	1	1
2983425	1	1	1	1	6	1	1
2983426	1	1	1	1	3	1	1
2983427	1	1	1	1	6	1	1
2983428	1	1	1	1	6	1	1
2983429	1	1	1	1	4	1	1
2983430	1	1	1	1	4	1	1
2983431	1	1	1	1	6	1	1
2983432	1	1	1	1	4	1	1
2983433	1	1	1	1	4	1	1
2983434	1	1	1	1	4	1	2
2983435	1	1	1	1	4	1	2
2983436	1	1	1	1	6	1	1
2983437	1	1	1	1	6	2	2
2983438	1	1	1	1	6	1	1
2983439	1	1	1	1	6	1	1
2983441	1	1	1	1	4	1	1
2983442	1	1	1	1	4	1	1
2983443	1	1	1	1	4	1	1
2983444	1	1	1	1	4	1	1
2983446	1	1	1	1	4	1	1
2983447	1	1	1	1	6	1	1
2983448	1	1	1	1	4	1	1
2983450	1	1	1	1	4	1	2
2983454	1	1	1	1	4	1	1
2983455	1	1	1	1	3	1	1
2983456	1	1	1	1	6	1	1
2983457	1	1	1	1	4	1	1
2983458	1	1	1	1	4	1	1
2983460	1	1	1	1	4	1	1
2983461	1	1	1	1	4	1	1
2983463	1	1	1	1	4	1	1
2983464	1	1	1	1	6	1	1
2983466	1	1	1	1	4	1	1
2983467	1	1	1	1	4	1	1
2983468	1	1	1	1	4	1	1
2983469	1	1	1	1	4	1	1
2983470	1	1	1	1	2	1	1
2983471	1	1	1	1	4	1	1
2983472	1	1	1	1	4	1	1
2983473	1	1	1	1	6	1	1
2983474	1	1	1	8	7	1	1
2983475	1	1	1	1	6	1	1
2983476	1	1	1	1	4	1	1
2983478	1	1	1	1	4	1	1
2983480	1	1	1	3	6	1	1
2983481	1	1	1	3	6	1	1
2983482	1	1	1	3	6	1	1
2983483	1	1	1	1	4	1	1
2983484	1	1	1	1	6	1	1
2983485	1	1	1	1	4	1	1
2983486	1	1	1	1	6	2	2
2983488	1	1	3	3	6	2	2
2983489	1	1	1	1	6	1	1
2983490	1	1	1	1	6	2	2
2983492	1	1	1	1	6	1	1
2983493	1	1	3	1	7	2	2
2983494	1	1	1	1	4	1	1
2983496	1	1	1	1	4	1	1
2983497	1	1	1	1	6	1	1
2983498	1	1	1	6	4	2	1
2983499	1	1	1	1	6	1	1
2983500	1	1	1	1	6	1	1
2983503	1	1	1	1	6	1	1
2983505	1	1	1	1	6	1	1
2983506	1	1	1	1	6	1	1
2983507	1	1	3	1	6	2	1
2983508	1	1	3	1	6	2	2
2983509	1	1	1	1	6	1	1
2983511	1	1	3	3	7	2	2
2983512	1	1	1	1	4	2	2
2983513	1	1	1	1	6	1	1
2983514	1	1	1	1	4	1	1
2983515	1	1	1	5	6	2	2
2983520	1	1	3	1	6	2	2
2983521	1	1	1	2	1	1	1
2983522	1	1	3	4	7	2	2
2983523	1	1	1	1	4	2	2
2983524	1	1	1	2	7	1	1
2983525	1	1	1	1	4	1	1
2983528	1	1	3	1	6	2	1
2983529	1	1	1	1	4	2	2
2983530	1	1	1	1	4	1	2
2983531	1	1	1	1	7	1	1
2983532	1	1	1	1	4	1	1
2983533	1	1	3	1	6	2	1
2983534	1	1	1	1	4	1	1
2983535	1	1	1	1	4	1	1
2983536	1	1	1	1	4	1	1
2983537	1	1	3	3	6	2	2
2983538	1	1	1	1	4	1	1
2983539	1	1	1	1	6	1	1
2983540	1	1	1	1	4	1	1
2983541	1	1	2	1	4	1	1
2983542	1	1	1	1	4	1	1
2983543	1	1	2	1	4	1	1
2983544	1	1	1	1	6	1	1
2983545	1	1	1	2	6	1	1
2983546	1	1	3	1	6	2	1
2983548	1	1	1	6	6	2	1
2983550	1	1	1	1	6	1	1
2983551	1	1	1	1	4	1	1
2983552	1	1	1	1	4	1	1
2983553	1	1	1	1	4	1	1
2983554	1	1	1	1	6	1	1
2983555	1	1	3	1	6	2	2
2983556	1	1	3	3	7	2	2
2983557	1	1	1	1	4	1	1
2983558	1	1	1	1	6	1	1
2983559	1	1	1	1	4	1	1
2983560	1	1	1	1	6	1	1
2983561	1	1	1	1	6	1	1
2983562	1	1	1	1	4	1	1
2983563	1	1	1	1	6	2	2
2983564	1	1	1	1	4	1	1
2983565	1	1	1	1	6	1	1
2983566	1	1	1	1	6	1	1
2983567	1	1	1	1	4	1	1
2983568	1	1	1	1	4	1	1
2983569	1	1	1	1	4	1	1
2983570	1	1	1	1	4	1	1
2983571	1	1	1	1	4	1	1
2983572	1	1	1	1	4	1	1
2983573	1	1	1	1	4	1	1
2983574	1	1	1	1	6	2	2
2983575	1	1	1	1	6	2	2
2983576	1	1	1	1	4	1	1
2983577	1	1	1	1	4	1	1
2983578	1	1	1	1	4	1	1
2983579	1	1	1	1	6	2	2
2983580	1	1	1	1	4	1	1
2983581	1	1	2	1	4	1	1
2983582	1	1	1	1	4	1	1
2983583	1	1	1	1	4	1	1
2983584	1	1	1	1	4	1	1
2983585	1	1	1	1	4	1	1
2983586	1	1	1	1	4	1	1
2983587	1	1	1	1	4	1	1
2983588	1	1	1	1	4	1	1
2983590	1	1	1	1	4	1	1
2983591	1	1	1	2	7	1	1
2983592	1	1	1	1	4	1	1
2983593	1	1	2	5	5	1	1
2983594	1	1	1	1	4	1	1
2983595	1	1	3	1	6	1	1
2983596	1	1	3	1	7	1	1
2983597	1	1	3	1	4	1	1
2983598	1	1	3	1	6	1	1
2983599	1	1	3	1	6	1	1
2983600	1	1	2	1	6	1	1
2983601	1	1	1	1	6	1	1
2983602	1	1	1	1	4	1	1
2983603	1	1	3	3	6	2	1
2983604	1	1	3	2	7	2	1
2983605	1	1	3	3	7	2	2
2983606	1	1	3	1	6	1	1
2983607	1	1	1	1	4	1	1
2983609	1	1	3	1	6	1	1
2983610	1	1	3	1	4	2	1
2983611	1	1	1	1	4	1	1
2983612	1	1	1	1	4	1	1
2983613	1	1	3	2	7	2	2
2983614	1	1	1	1	6	1	1
2983615	1	1	1	1	4	1	1
2983616	1	1	1	1	4	1	1
2983617	1	1	2	1	4	2	1
2983618	1	1	2	1	4	1	1
2983619	1	1	1	1	4	1	1
2983620	1	1	1	1	4	1	1
2983621	1	1	3	3	6	1	1
2983622	1	1	2	1	6	2	1
2983623	1	1	1	1	4	1	1
2983624	1	1	3	1	6	1	1
2983625	1	1	1	1	4	1	1
2983626	1	1	2	1	4	1	1
2983627	1	1	3	1	4	1	1
2983628	1	1	2	1	6	1	1
2983629	1	1	3	4	7	2	2
2983630	1	1	2	1	6	1	1
2983631	1	1	2	1	6	1	1
2983632	1	1	3	2	7	2	2
2983633	1	1	3	5	6	2	1
2983634	1	1	1	1	4	1	2
2983635	1	1	3	3	7	2	1
2983636	1	1	3	1	6	1	1
2983637	1	1	3	1	4	1	2
2983638	1	1	2	1	3	1	1
2983640	1	1	1	1	4	1	1
2983641	1	1	1	1	4	1	2
2983642	1	1	2	1	4	1	1
2983643	1	1	1	1	4	1	1
2983644	1	1	1	1	4	1	2
2983645	1	1	1	1	4	1	1
2983646	1	1	1	1	4	1	1
2983647	1	1	2	1	4	1	1
2983648	1	1	1	1	6	1	1
2983649	1	1	1	1	6	1	1
2983650	1	1	1	5	6	2	2
2983651	1	1	1	5	6	2	2
2983652	1	1	1	5	6	2	2
2983653	1	1	3	1	6	1	1
2983654	1	1	3	1	4	1	1
2983655	1	1	2	1	4	1	1
2983656	1	1	2	1	6	2	1
2983657	1	1	1	1	4	1	1
2983658	1	1	1	1	4	1	1
2983659	1	1	1	1	4	1	1
2983660	1	1	1	1	4	1	1
2983661	1	1	1	1	4	1	1
2983662	1	1	1	1	4	1	1
2983663	1	1	1	1	4	1	1
2983664	1	1	1	1	4	1	1
2983665	1	1	1	1	4	1	1
2983666	1	1	2	1	4	1	1
2983667	1	1	1	1	6	1	1
2983668	1	1	1	1	6	1	1
2983671	1	1	1	1	4	1	1
2983672	1	1	2	1	4	1	1
2983673	1	1	1	1	4	1	1
2983674	1	1	1	2	6	1	1
2983675	1	1	1	1	6	1	1
2983676	1	1	2	1	6	1	2
2983677	1	1	1	1	6	2	2
2983678	1	1	1	1	4	1	1
2983679	1	1	1	1	6	2	2
2983680	1	1	1	1	6	1	1
2983681	1	1	1	1	6	2	2
2983682	1	1	1	1	6	1	1
2983683	1	1	1	1	6	1	1
2983684	1	1	2	1	6	1	1
2983685	1	1	2	1	4	1	1
2983686	1	1	2	1	4	1	1
2983688	1	1	1	1	4	1	1
2983689	1	1	1	1	4	1	1
2983690	1	1	1	5	6	2	2
2983693	1	1	1	2	6	1	1
2983694	1	1	1	1	6	1	1
2983695	1	1	1	1	4	1	1
2983696	1	1	1	3	6	1	1
2983697	1	1	1	1	4	1	1
2983698	1	1	1	1	4	1	1
2983700	1	1	1	1	4	1	1
2983701	1	1	1	1	6	1	1
2983702	1	1	1	1	4	1	1
2983704	1	1	1	1	4	1	1
2983706	1	1	1	1	4	1	1
2983707	1	1	1	3	6	1	1
2983708	1	1	1	4	7	1	1
2983709	1	1	1	1	4	1	1
2983710	1	1	1	1	4	1	2
2983711	1	1	1	1	4	1	1
2983713	1	1	1	1	6	1	1
2983714	1	1	1	1	4	1	1
2983715	1	1	1	1	4	1	1
2983716	1	1	1	1	4	1	1
2983717	1	1	1	1	4	1	1
2983718	1	1	1	1	4	1	1
2983719	1	1	1	3	6	1	1
2983720	1	1	1	1	4	1	1
2983721	1	1	1	1	6	1	1
2983722	1	1	1	1	4	1	2
2983723	1	1	1	1	4	1	1
2983724	1	1	1	2	6	1	1
2983725	1	1	1	1	4	1	1
2983727	1	1	3	2	7	2	2
2983728	1	1	3	4	7	2	2
2983729	1	1	1	1	6	1	1
2983730	1	1	3	2	6	2	2
2983731	1	1	3	2	7	2	2
2983732	1	1	1	1	4	1	1
2983733	1	1	3	3	6	2	2
2983734	1	1	1	1	6	1	1
2983736	1	1	3	5	6	2	2
2983737	1	1	3	1	6	2	2
2983738	1	1	3	2	6	2	2
2983739	1	1	3	1	6	2	1
2983740	1	1	1	1	6	1	1
2983743	1	1	1	1	4	1	1
2983745	1	1	1	1	4	1	1
2983746	1	1	1	1	4	1	1
2983747	1	1	1	1	4	1	1
2983748	1	1	1	1	6	1	1
2983750	1	1	1	1	7	1	1
2983751	1	1	2	1	4	1	1
2983752	1	1	1	1	6	1	1
2983753	1	1	3	1	6	2	1
2983754	1	1	1	1	4	1	1
2983755	1	1	1	1	4	1	1
2983757	1	1	3	1	7	2	2
2983758	1	1	3	4	7	2	2
2983759	1	1	1	1	6	1	1
2983760	1	1	1	6	4	1	1
2983761	1	1	1	1	4	1	1
2983762	1	1	2	1	4	1	1
2983763	1	1	1	1	6	1	1
2983764	1	1	1	1	4	1	1
2983765	1	1	1	1	4	1	1
2983767	1	1	1	1	4	1	1
2983768	1	1	1	1	4	1	1
2983770	1	1	2	1	6	1	1
2983771	1	1	1	1	6	1	1
2983774	1	1	1	1	4	1	1
2983775	1	1	2	1	4	1	1
2983776	1	1	1	1	6	1	1
2983777	1	1	3	1	4	2	2
2983778	1	1	2	1	4	2	1
2983779	1	1	1	1	4	1	1
2983780	1	1	3	1	6	2	2
2983781	1	1	3	2	6	2	2
2983782	1	1	2	1	4	1	1
2983783	1	1	1	1	4	1	1
2983784	1	1	1	1	6	1	1
2983785	1	1	3	1	6	1	1
2983786	1	1	1	1	6	1	1
2983787	1	1	1	1	6	1	1
2983788	1	1	1	1	4	1	1
2983789	1	1	3	1	6	2	2
2983790	1	1	3	1	6	2	2
2983791	1	1	3	1	7	2	2
2983792	1	1	2	1	6	1	1
2983793	1	1	1	1	4	1	1
2983794	1	1	1	1	4	1	1
2983795	1	1	3	3	7	2	2
2983796	1	1	1	1	4	1	1
2983797	1	1	1	1	4	1	1
2983798	1	1	1	1	6	1	1
2983799	1	1	1	1	4	1	1
2983800	1	1	2	1	4	1	1
2983801	1	1	2	1	4	1	1
2983802	1	1	1	1	6	1	1
2983803	1	1	2	1	6	1	1
2983804	1	1	1	1	4	2	2
2983805	1	1	1	5	7	1	1
2983806	1	1	1	1	6	1	1
2983807	1	1	1	1	4	1	1
2983808	1	1	1	1	4	1	1
2983810	1	1	1	1	4	1	1
2983811	1	1	2	1	4	1	1
2983812	1	1	2	1	6	1	1
2983813	1	1	1	1	4	1	1
2983814	1	1	1	1	4	1	1
2983815	1	1	1	1	4	1	1
2983816	1	1	3	2	7	2	2
2983817	1	1	1	1	4	1	1
2983818	1	1	1	1	4	1	1
2983819	1	1	1	1	6	1	1
2983820	1	1	2	1	6	1	1
2983822	1	1	1	1	4	1	1
2983823	1	1	1	1	4	1	1
2983824	1	1	1	1	6	1	1
2983825	1	1	3	2	7	2	2
2983826	1	1	2	5	4	1	1
2983827	1	1	1	1	6	1	1
2983828	1	1	1	1	3	1	1
2983829	1	1	1	1	4	1	1
2983830	1	1	1	1	6	1	1
2983831	1	1	1	1	4	1	2
2983832	1	1	1	1	4	1	1
2983833	1	1	1	1	6	1	1
2983835	1	1	1	1	4	1	1
2983836	1	1	1	1	4	1	1
2983837	1	1	1	1	4	1	1
2983838	1	1	1	1	4	1	1
2983839	1	1	1	1	4	1	1
2983840	1	1	1	1	4	1	1
2983841	1	1	1	1	4	1	1
2983842	1	1	1	1	4	2	2
2983843	1	1	2	1	4	1	1
2983844	1	1	3	3	7	2	2
2983845	1	1	1	1	4	1	1
2983846	1	1	1	1	4	1	1
2983847	1	1	3	2	6	2	2
2983848	1	1	1	1	4	1	1
2983849	1	1	1	1	4	1	1
2983850	1	1	3	1	6	2	2
2983851	1	1	1	1	4	1	1
2983852	1	1	1	1	6	1	1
2983853	1	1	1	1	6	1	2
2983854	1	1	1	1	4	1	1
2983855	1	1	1	1	6	1	1
2983856	1	1	1	1	6	1	1
2983858	1	1	3	1	4	2	2
2983859	1	1	1	1	4	1	1
2983860	1	1	1	1	4	1	1
2983861	1	1	1	1	4	1	1
2983862	1	1	1	1	6	2	2
2983863	1	1	1	5	6	2	2
2983864	1	1	2	1	4	1	1
2983865	1	1	2	1	4	1	2
2983866	1	1	3	2	4	2	2
2983867	1	1	1	1	4	1	1
2983868	1	1	1	3	6	1	1
2983869	1	1	3	1	6	2	2
2983870	1	1	2	1	4	1	1
2983871	1	1	1	1	4	2	2
2983872	1	1	1	1	6	1	1
2983873	1	1	1	1	4	1	1
2983874	1	1	1	1	4	1	1
2983875	1	1	3	2	4	2	2
2983877	1	1	1	1	4	1	1
2983878	1	1	1	1	6	1	1
2983879	1	1	3	1	4	2	2
2983880	1	1	3	1	6	2	2
2983884	1	1	3	1	4	2	2
2983885	1	1	2	1	4	1	1
2983887	1	1	2	1	6	1	1
2983888	1	1	1	1	4	1	1
2983889	1	1	3	1	6	2	2
2983890	1	1	3	1	4	2	2
2983892	1	1	3	1	4	2	1
2983894	1	1	3	1	4	2	2
2983895	1	1	1	1	4	1	1
2983896	1	1	3	1	4	2	2
2983897	1	1	1	1	4	1	1
2983898	1	1	1	1	4	1	1
2983899	1	1	1	1	4	1	1
2983900	1	1	1	1	6	1	1
2983901	1	1	3	1	6	2	2
2983902	1	1	1	1	4	1	1
2983903	1	1	1	1	6	1	1
2983904	1	1	1	1	7	1	1
2983905	1	1	3	1	4	2	2
2983906	1	1	1	1	4	1	1
2983907	1	1	1	1	4	1	1
2983908	1	1	1	1	4	1	1
2983909	1	1	1	1	4	1	1
2983910	1	1	1	1	6	1	1
2983911	1	1	3	5	7	2	2
2983912	1	1	1	1	4	1	1
2983913	1	1	1	1	6	1	1
2983914	1	1	1	1	6	1	1
2983915	1	1	1	1	6	1	1
2983916	1	1	1	1	4	1	1
2983917	1	1	3	1	6	2	1
2983918	1	1	3	1	6	2	1
2983919	1	1	1	1	4	1	1
2983921	1	1	1	1	6	1	1
2983922	1	1	1	3	6	1	1
2983923	1	1	1	1	4	1	1
2983924	1	1	1	1	4	1	1
2983925	1	1	1	1	4	1	2
2983926	1	1	1	1	4	1	1
2983927	1	1	1	1	6	1	1
2983928	1	1	1	1	4	1	1
2983929	1	1	1	1	4	1	1
2983930	1	1	1	1	4	1	1
2983931	1	1	1	1	4	1	1
2983932	1	1	1	1	4	1	1
2983933	1	1	1	1	4	1	1
2983934	1	1	1	1	4	1	1
2983935	1	1	1	1	4	1	1
2983936	1	1	1	1	6	1	1
2983937	1	1	1	1	6	1	1
2983938	1	1	1	1	4	1	1
2983939	1	1	3	3	4	2	1
2983940	1	1	1	1	4	1	1
2983941	1	1	3	2	6	2	1
2983942	1	1	1	1	4	1	1
2983943	1	1	3	2	7	2	2
2983944	1	1	3	2	7	2	2
2983945	1	1	1	1	4	1	1
2983946	1	1	1	1	6	1	1
2983948	1	1	1	1	4	1	1
2983949	1	1	1	1	4	1	1
2983950	1	1	1	1	4	1	1
2983952	1	1	1	1	4	1	1
2983953	1	1	1	1	6	1	1
2983954	1	1	1	1	4	1	1
2983955	1	1	1	1	4	1	1
2983956	1	1	1	1	4	1	1
2983957	1	1	1	1	4	1	1
2983958	1	1	1	1	6	1	1
2983959	1	1	1	1	4	1	1
2983961	1	1	1	5	6	1	1
2983962	1	1	1	1	4	1	1
2983963	1	1	1	1	4	1	1
2983964	1	1	1	1	4	1	1
2983965	1	1	1	1	6	1	1
2983966	1	1	1	1	4	1	1
2983967	1	1	1	1	4	1	1
2983968	1	1	1	1	6	1	1
2983969	1	1	1	1	4	1	1
2983970	1	1	1	1	4	1	1
2983971	1	1	1	1	4	1	1
2983973	1	1	1	1	4	1	1
2983974	1	1	1	1	4	1	1
2983975	1	1	1	1	4	1	1
2983977	1	1	1	1	4	1	1
2983978	1	1	1	1	4	1	1
2983979	1	1	1	1	4	1	1
2983980	1	1	1	1	4	1	1
2983981	1	1	1	1	4	1	1
2983983	1	1	1	1	4	1	1
2983984	1	1	1	1	4	1	1
2983985	1	1	1	3	5	1	1
2983986	1	1	1	1	4	1	1
2983987	1	1	1	1	5	1	1
2983989	1	1	1	1	4	1	1
2983990	1	1	1	1	4	1	1
2983991	1	1	1	1	4	1	1
2983992	1	1	1	1	6	1	1
2983993	1	1	1	1	4	1	1
2983994	1	1	1	1	6	1	1
2983995	1	1	1	1	4	1	1
2983996	1	1	1	1	6	1	1
2983997	1	1	1	1	4	1	1
2983998	1	1	1	1	6	1	1
2983999	1	1	1	1	6	1	1
2984000	1	1	1	1	6	1	1
2984001	1	1	1	1	4	1	1
2984002	1	1	1	1	4	1	1
2984003	1	1	1	1	4	1	1
2984004	1	1	1	1	4	1	1
2984006	1	1	1	1	6	1	1
2984007	1	1	1	1	4	1	1
2984008	1	1	1	1	4	1	1
2984010	1	1	1	1	4	1	1
2984011	1	1	1	1	4	1	1
2984012	1	1	1	1	6	1	1
2984013	1	1	1	1	5	1	1
2984014	1	1	2	5	5	2	2
2984015	1	1	1	5	6	2	2
2984016	1	1	1	1	6	1	1
2984017	1	1	3	1	4	2	1
2984018	1	1	1	1	4	1	1
2984019	1	1	1	1	6	1	1
2984020	1	1	1	1	4	1	1
2984021	1	1	1	1	4	1	1
2984022	1	1	1	1	3	1	1
2984023	1	1	1	1	4	1	1
2984025	1	1	1	1	4	1	1
2984026	1	1	1	1	4	1	1
2984027	1	1	1	1	4	1	1
2984028	1	1	1	1	4	1	1
2984029	1	1	1	1	4	1	1
2984030	1	1	1	1	4	1	1
2984031	1	1	1	1	4	1	1
2984032	1	1	1	1	5	1	1
2984033	1	1	1	5	7	2	1
2984034	1	1	1	5	7	2	1
2984035	1	1	1	1	4	1	1
2984036	1	1	1	1	4	1	1
2984037	1	1	1	1	4	1	1
2984038	1	1	1	1	4	1	1
2984039	1	1	1	1	6	2	1
2984040	1	1	1	1	6	2	1
2984041	1	1	1	1	4	1	1
2984042	1	1	1	1	4	1	1
2984043	1	1	1	1	6	1	1
2984044	1	1	1	8	6	1	1
2984045	1	1	1	1	4	1	1
2984046	1	1	1	1	4	1	1
2984048	1	1	1	1	6	1	1
2984049	1	1	1	1	6	1	1
2984050	1	1	1	1	6	1	1
2984051	1	1	1	1	6	1	1
2984052	1	1	1	1	4	1	1
2984053	1	1	1	1	6	1	1
2984054	1	1	1	1	6	1	1
2984055	1	1	1	1	4	1	1
2984056	1	1	1	1	6	1	1
2984057	1	1	1	1	4	1	1
2984059	1	1	1	1	4	1	1
2984060	1	1	1	1	4	1	1
2984061	1	1	1	1	6	1	1
2984062	1	1	1	1	6	1	1
2984063	1	1	1	1	4	1	1
2984064	1	1	1	1	6	1	1
2984065	1	1	1	1	4	1	1
2984066	1	1	1	1	4	1	1
2984067	1	1	1	1	4	1	1
2984068	1	1	1	1	6	1	1
2984069	1	1	1	1	4	1	1
2984070	1	1	1	1	4	1	1
2984071	1	1	1	1	4	1	1
2984072	1	1	1	1	4	1	1
2984073	1	1	1	1	4	1	1
2984074	1	1	1	1	4	1	1
2984075	1	1	1	1	4	1	1
2984076	1	1	1	1	4	1	1
2984077	1	1	1	1	4	1	1
2984078	1	1	1	1	4	1	1
2984079	1	1	1	1	4	1	1
2984080	1	1	1	1	4	1	1
2984081	1	1	1	1	6	1	1
2984082	1	1	1	1	4	1	1
2984083	1	1	1	1	4	1	1
2984084	1	1	1	1	4	1	1
2984085	1	1	1	1	4	1	1
2984086	1	1	1	1	4	1	1
2984087	1	1	1	1	4	1	1
2984088	1	1	1	1	4	1	1
2984089	1	1	1	1	4	1	1
2984090	1	1	1	1	4	1	1
2984091	1	1	1	1	6	1	1
2984093	1	1	1	1	4	1	1
2984094	1	1	1	1	4	2	1
2984095	1	1	1	1	4	2	1
2984096	1	1	1	1	6	1	1
2984097	1	1	1	1	6	1	1
2984098	1	1	1	1	6	1	2
2984099	1	1	1	1	6	2	1
2984100	1	1	1	1	6	2	1
2984101	1	1	1	1	6	1	1
2984102	1	1	1	1	4	2	1
2984103	1	1	1	1	6	1	1
2984104	1	1	1	1	4	1	1
2984105	1	1	1	1	4	2	1
2984106	1	1	1	1	6	1	1
2984107	1	1	1	1	6	2	1
2984108	1	1	1	1	4	1	1
2984109	1	1	1	1	6	1	1
2984110	1	1	1	1	6	1	1
2984111	1	1	1	5	7	2	2
2984112	1	1	1	3	7	2	1
2984113	1	1	1	1	6	2	1
2984114	1	1	1	1	6	2	1
2984115	1	1	1	1	6	2	1
2984116	1	1	1	1	6	2	1
2984117	1	1	1	1	4	1	1
2984118	1	1	1	1	4	1	1
2984119	1	1	1	1	6	1	1
2984120	1	1	1	1	4	1	1
2984121	1	1	1	1	6	2	1
2984122	1	1	1	1	6	2	1
2984123	1	1	1	1	6	2	1
2984124	1	1	1	1	4	1	1
2984125	1	1	1	1	6	1	1
2984126	1	1	1	1	6	2	1
2984127	1	1	1	1	6	1	1
2984128	1	1	1	1	4	2	1
2984129	1	1	1	1	4	1	1
2984130	1	1	1	1	4	2	1
2984131	1	1	1	5	6	2	1
2984132	1	1	1	4	7	2	1
2984133	1	1	1	1	6	2	1
2984134	1	1	1	1	4	1	1
2984135	1	1	1	4	7	1	1
2984136	1	1	1	1	4	2	1
2984137	1	1	1	1	6	2	1
2984138	1	1	1	1	6	2	1
2984139	1	1	1	1	6	2	1
2984140	1	1	1	1	4	1	1
2984141	1	1	1	1	4	1	1
2984142	1	1	1	1	6	1	1
2984143	1	1	1	1	6	1	1
2984144	1	1	1	1	4	1	1
2984145	1	1	1	1	6	2	1
2984146	1	1	1	1	6	2	1
2984147	1	1	1	1	6	2	1
2984148	1	1	1	1	7	2	2
2984149	1	1	1	1	6	1	1
2984151	1	1	1	1	6	2	1
2984152	1	1	1	1	6	2	1
2984153	1	1	1	1	6	2	1
2984155	1	1	1	1	6	1	1
2984156	1	1	1	1	6	1	1
2984157	1	1	1	1	4	2	1
2984158	1	1	1	1	4	2	1
2984159	1	1	1	1	6	2	1
2984160	1	1	1	1	6	2	1
2984161	1	1	1	1	4	1	1
2984162	1	1	1	1	4	2	1
2984163	1	1	1	1	4	2	1
2984164	1	1	1	1	4	2	1
2984165	1	1	1	1	4	2	1
2984166	1	1	1	1	4	2	1
2984167	1	1	1	1	6	2	1
2984168	1	1	1	1	4	1	1
2984170	1	1	1	1	6	1	1
2984171	1	1	1	1	4	2	1
2984172	1	1	1	1	6	1	1
2984173	1	1	1	1	6	2	1
2984174	1	1	1	1	4	2	1
2984175	1	1	1	1	4	1	1
2984176	1	1	1	1	6	2	1
2984177	1	1	1	1	4	1	1
2984178	1	1	1	1	6	1	1
2984179	1	1	1	1	6	2	2
2984180	1	1	1	1	4	1	1
2984181	1	1	1	1	6	2	1
2984182	1	1	1	1	4	1	1
2984183	1	1	1	1	4	1	1
2984184	1	1	1	1	4	1	1
2984185	1	1	1	1	4	1	1
2984186	1	1	1	1	4	1	1
2984200	1	1	1	1	4	1	1
2984204	1	1	1	1	4	1	1
2984205	1	1	3	1	7	2	2
2984206	1	1	1	1	4	1	1
2984207	1	1	3	5	6	2	1
2984208	1	1	3	5	6	2	1
2984209	1	1	3	5	6	2	1
2984212	1	1	3	5	5	2	1
2984213	1	1	1	1	4	1	1
2984214	1	1	1	1	3	1	1
2984216	1	1	1	1	4	1	1
2984217	1	1	1	1	6	1	1
2984218	1	1	1	1	4	1	1
2984219	1	1	1	1	4	1	1
2984220	1	1	1	1	4	1	1
2984221	1	1	1	1	4	1	1
2984222	1	1	1	1	6	1	1
2984223	1	1	1	1	6	1	1
2984224	1	1	1	1	4	1	1
2984225	1	1	1	1	4	1	1
2984226	1	1	1	1	4	1	1
2984227	1	1	1	1	4	1	1
2984228	1	1	1	1	6	1	1
2984229	1	1	1	1	4	1	1
2984230	1	1	1	2	4	1	1
2984231	1	1	1	1	4	1	1
2984232	1	1	1	1	4	1	1
2984233	1	1	1	1	4	1	1
2984234	1	1	1	1	6	1	1
2984235	1	1	1	1	4	1	1
2984236	1	1	1	1	4	1	1
2984237	1	1	3	3	6	2	2
2984238	1	1	1	1	4	1	1
2984239	1	1	1	1	4	1	1
2984240	1	1	1	1	6	1	1
2984241	1	1	1	1	4	1	1
2984242	1	1	2	1	6	1	1
2984243	1	1	2	3	6	1	1
2984244	1	1	2	1	6	1	1
2984245	1	1	1	1	6	1	1
2984246	1	1	2	1	6	1	1
2984247	1	1	2	1	6	1	1
2984248	1	1	1	1	4	1	1
2984249	1	1	1	1	4	1	1
2984250	1	1	1	1	4	1	1
2984251	1	1	1	1	4	1	1
2984253	1	1	1	1	4	1	1
2984254	1	1	1	1	4	1	1
2984255	1	1	1	1	4	1	1
2984256	1	1	1	1	4	1	1
2984257	1	1	1	1	6	1	1
2984258	1	1	1	1	4	1	1
2984259	1	1	3	2	6	2	2
2984260	1	1	1	1	4	1	1
2984261	1	1	1	1	4	1	1
2984262	1	1	1	1	4	1	1
2984263	1	1	3	1	7	2	2
2984264	1	1	3	3	7	2	2
2984265	1	1	1	1	4	1	1
2984266	1	1	1	2	7	1	1
2984267	1	1	3	4	7	2	2
2984268	1	1	1	1	2	1	1
2984269	1	1	1	1	5	1	1
2984270	1	1	3	3	6	2	2
2984271	1	1	1	1	4	1	1
2984272	1	1	1	1	6	1	1
2984274	1	1	2	1	6	2	1
2984275	1	1	1	1	6	1	1
2984276	1	1	1	1	3	1	1
2984277	1	1	1	1	4	1	1
2984278	1	1	1	1	4	1	1
2984279	1	1	1	1	6	1	1
2984280	1	1	1	1	4	1	1
2984281	1	1	1	1	4	1	1
2984282	1	1	1	1	6	1	1
2984283	1	1	2	1	6	1	1
2984285	1	1	2	1	6	1	1
2984286	1	1	2	7	7	1	1
2984287	1	1	1	1	4	1	1
2984288	1	1	1	1	6	1	1
2984290	1	1	3	3	7	2	2
2984291	1	1	1	1	4	1	1
2984292	1	1	3	3	7	2	2
2984293	1	1	1	1	6	1	1
2984294	1	1	1	5	6	1	1
2984295	1	1	1	1	4	1	1
2984296	1	1	1	1	4	1	1
2984297	1	1	1	5	6	1	1
2984299	1	1	1	1	4	1	1
2984302	1	1	2	1	6	2	1
2984303	1	1	1	1	4	1	1
2984304	1	1	3	5	7	2	1
2984306	1	1	1	1	4	1	1
2984308	1	1	3	1	4	2	1
2984309	1	1	1	1	4	1	1
2984311	1	1	1	1	4	1	1
2984312	1	1	1	1	4	1	1
2984316	1	1	1	1	4	1	1
2984317	1	1	1	1	4	1	1
2984318	1	1	1	1	4	1	1
2984319	1	1	2	1	6	2	1
2984320	1	1	1	1	4	1	1
2984321	1	1	1	1	6	1	1
2984322	1	1	1	1	4	1	1
2984323	1	1	1	1	6	1	1
2984324	1	1	1	1	4	1	1
2984325	1	1	1	1	4	1	1
2984326	1	1	1	1	4	1	1
2984330	1	1	1	1	4	1	1
2984331	1	1	3	1	6	1	1
2984334	1	1	1	5	6	1	1
2984335	1	1	1	1	4	1	1
2984336	1	1	3	5	4	2	2
2984339	1	1	1	1	6	1	1
2984340	1	1	1	1	4	1	1
2984343	1	1	1	1	4	1	1
2984344	1	1	1	1	4	1	1
2984345	1	1	1	1	6	2	2
2984346	1	1	1	1	6	1	1
2984347	1	1	1	1	4	1	2
2984348	1	1	1	1	6	1	1
2984349	1	1	1	1	6	1	1
2984350	1	1	1	1	6	1	1
2984351	1	1	1	1	6	2	1
2984352	1	1	1	1	4	1	1
2984353	1	1	1	1	6	1	1
2984354	1	1	1	1	6	1	1
2984355	1	1	1	1	4	1	1
2984356	1	1	3	5	7	2	2
2984357	1	1	1	1	6	2	1
2984358	1	1	1	1	2	1	1
2984359	1	1	1	1	4	1	1
2984360	1	1	1	1	6	1	1
2984361	1	1	1	1	6	1	1
2984362	1	1	1	1	6	1	1
2984363	1	1	1	1	4	1	1
2984364	1	1	1	3	6	2	1
2984365	1	1	3	5	7	2	1
2984366	1	1	1	1	4	1	1
2984367	1	1	1	1	4	1	1
2984368	1	1	1	1	4	1	1
2984369	1	1	1	1	4	1	1
2984370	1	1	1	1	4	1	1
2984371	1	1	1	1	6	1	2
2984372	1	1	1	1	4	1	1
2984373	1	1	1	1	4	1	1
2984374	1	1	1	1	4	1	1
2984375	1	1	1	1	4	1	1
2984376	1	1	1	1	6	1	2
2984377	1	1	3	1	6	2	2
2984378	1	1	1	1	4	1	1
2984379	1	1	1	1	6	1	1
2984380	1	1	1	1	4	2	2
2984381	1	1	1	1	4	1	1
2984382	1	1	3	1	6	2	2
2984383	1	1	1	1	4	1	1
2984384	1	1	1	1	6	1	1
2984385	1	1	3	4	7	2	2
2984386	1	1	1	1	4	1	1
2984387	1	1	1	1	4	1	1
2984388	1	1	1	1	4	1	1
2984389	1	1	1	1	6	1	1
2984390	1	1	1	1	6	1	1
2984391	1	1	1	1	6	1	1
2984392	1	1	1	1	4	1	1
2984393	1	1	1	1	4	1	1
2984394	1	1	1	1	6	1	1
2984395	1	1	1	1	4	2	2
2984396	1	1	1	1	6	1	1
2984397	1	1	1	1	4	1	1
2984398	1	1	1	1	4	1	1
2984399	1	1	1	1	4	1	1
2984400	1	1	1	1	6	1	1
2984401	1	1	1	1	4	1	1
2984402	1	1	1	1	4	1	1
2984403	1	1	1	1	4	1	1
2984404	1	1	1	1	4	1	1
2984405	1	1	1	1	4	1	1
2984406	1	1	1	1	4	1	1
2984407	1	1	1	1	6	1	1
2984408	1	1	1	1	6	1	1
2984409	1	1	1	1	4	1	1
2984410	1	1	1	1	4	1	1
2984411	1	1	1	1	4	1	1
2984412	1	1	1	1	4	1	1
2984413	1	1	1	1	4	1	1
2984414	1	1	1	1	6	1	1
2984415	1	1	1	1	2	1	1
2984416	1	1	1	1	4	1	1
2984417	1	1	1	1	4	1	1
2984418	1	1	1	2	6	1	1
2984419	1	1	1	1	4	1	1
2984420	1	1	1	1	4	1	1
2984421	1	1	1	1	5	1	1
2984422	1	1	1	1	6	1	1
2984423	1	1	1	1	4	1	1
2984425	1	1	1	1	4	1	1
2984426	1	1	1	1	4	1	1
2984427	1	1	3	1	4	2	2
2984428	1	1	1	1	4	1	1
2984429	1	1	1	1	6	1	1
2984430	1	1	1	2	4	1	1
2984431	1	1	1	1	5	1	1
2984432	1	1	1	1	4	1	1
2984433	1	1	3	1	6	2	1
2984434	1	1	1	1	4	1	1
2984435	1	1	1	1	6	1	1
2984436	1	1	1	1	6	1	1
2984437	1	1	1	1	4	1	1
2984438	1	1	1	1	4	1	1
2984439	1	1	1	3	5	1	1
2984440	1	1	1	1	4	2	2
2984441	1	1	1	1	6	2	2
2984442	1	1	1	1	6	1	1
2984443	1	1	1	1	4	1	1
2984444	1	1	1	1	4	1	1
2984445	1	1	1	1	6	1	1
2984446	1	1	1	1	6	2	2
2984447	1	1	1	1	6	1	1
2984448	1	1	1	1	4	1	1
2984449	1	1	1	1	6	1	1
2984450	1	1	1	1	4	1	1
2984451	1	1	1	1	4	1	1
2984452	1	1	1	1	4	1	1
2984453	1	1	1	1	4	1	1
2984454	1	1	1	1	6	1	1
2984455	1	1	1	1	4	1	1
2984456	1	1	1	1	6	1	1
2984457	1	1	1	1	4	1	1
2984458	1	1	1	1	6	1	1
2984459	1	1	1	1	4	1	1
2984460	1	1	1	1	4	1	1
2984461	1	1	1	1	4	2	1
2984462	1	1	1	1	4	1	1
2984463	1	1	1	1	4	1	1
2984464	1	1	1	1	3	1	1
2984465	1	1	1	1	6	2	2
2984466	1	1	1	1	6	1	1
2984467	1	1	1	1	4	1	1
2984468	1	1	1	1	4	1	1
2984469	1	1	1	1	4	1	1
2984470	1	1	1	1	4	1	1
2984471	1	1	1	1	4	1	1
2984472	1	1	1	1	4	1	1
2984473	1	1	1	1	4	1	1
2984474	1	1	1	1	6	1	1
2984475	1	1	1	1	4	1	1
2984476	1	1	1	5	6	1	1
2984477	1	1	1	1	4	1	1
2984478	1	1	1	1	4	1	1
2984479	1	1	1	1	6	1	1
2984480	1	1	1	1	4	1	1
2984481	1	1	1	1	4	1	1
2984482	1	1	1	1	4	1	1
2984483	1	1	1	1	4	1	1
2984484	1	1	1	1	4	1	1
2984485	1	1	1	1	6	2	2
2984486	1	1	1	1	6	1	1
2984487	1	1	1	1	4	1	1
2984488	1	1	1	2	6	1	1
2984489	1	1	1	1	4	1	1
2984491	1	1	1	1	4	1	1
2984492	1	1	1	1	4	1	1
2984493	1	1	1	5	6	1	1
2984494	1	1	1	1	4	1	1
2984495	1	1	1	1	4	1	1
2984496	1	1	1	1	4	2	1
2984497	1	1	1	1	4	1	1
2984498	1	1	1	1	6	1	1
2984499	1	1	1	1	4	1	1
2984500	1	1	1	1	4	1	1
2984501	1	1	1	1	4	1	1
2984502	1	1	1	1	4	1	1
2984503	1	1	1	1	4	1	1
2984504	1	1	1	1	4	1	1
2984505	1	1	1	2	6	1	1
2984506	1	1	1	1	4	1	1
2984507	1	1	1	1	4	1	1
2984508	1	1	1	1	6	1	1
2984509	1	1	1	1	4	1	1
2984510	1	1	1	1	4	1	1
2984511	1	1	1	2	6	1	1
2984512	1	1	1	1	4	1	1
2984513	1	1	1	1	4	1	1
2984514	1	1	1	1	4	1	1
2984515	1	1	1	1	4	1	1
2984516	1	1	1	1	6	1	1
2984517	1	1	1	1	4	1	1
2984519	1	1	1	1	4	1	1
2984522	1	1	1	4	7	1	1
2984523	1	1	1	1	4	1	1
2984524	1	1	1	1	4	1	1
2984525	1	1	1	2	5	1	1
2984526	1	1	1	1	4	1	1
2984527	1	1	1	1	6	1	1
2984528	1	1	1	1	4	1	1
2984529	1	1	1	1	6	1	1
2984530	1	1	1	1	4	1	1
2984531	1	1	1	1	4	1	1
2984532	1	1	1	3	6	1	1
2984533	1	1	1	1	4	1	1
2984534	1	1	1	1	4	1	1
2984535	1	1	1	1	6	1	1
2984536	1	1	1	1	4	1	1
2984537	1	1	2	1	4	1	1
2984538	1	1	1	1	4	1	1
2984539	1	1	1	2	6	1	1
2984541	1	1	1	1	4	1	1
2984542	1	1	1	1	6	1	1
2984543	1	1	1	1	4	1	1
2984544	1	1	2	1	4	1	1
2984545	1	1	1	1	6	1	1
2984546	1	1	1	1	4	1	1
2984547	1	1	1	1	6	1	1
2984548	1	1	1	1	6	1	1
2984549	1	1	1	1	4	1	1
2984550	1	1	1	1	4	1	1
2984551	1	1	1	2	5	1	1
2984552	1	1	1	1	4	1	1
2984553	1	1	1	1	6	1	1
2984554	1	1	1	1	4	1	1
2984555	1	1	1	1	4	1	1
2984556	1	1	1	1	4	1	1
2984557	1	1	1	1	4	1	1
2984558	1	1	1	1	4	1	1
2984559	1	1	1	1	4	1	1
2984560	1	1	1	1	6	2	2
2984561	1	1	1	3	5	1	1
2984562	1	1	1	1	4	1	1
2984563	1	1	1	1	4	1	1
2984564	1	1	1	1	2	1	1
2984565	1	1	1	1	4	1	1
2984566	1	1	1	1	4	1	1
2984567	1	1	1	1	4	1	1
2984568	1	1	1	1	4	1	1
2984569	1	1	1	1	6	2	1
2984570	1	1	1	1	4	1	1
2984571	1	1	1	1	4	1	1
2984572	1	1	1	1	4	1	1
2984573	1	1	1	1	6	1	1
2984574	1	1	1	1	6	1	1
2984575	1	1	1	1	6	1	1
2984576	1	1	1	1	6	1	1
2984577	1	1	1	1	4	1	1
2984578	1	1	1	1	4	1	1
2984579	1	1	1	1	4	1	1
2984580	1	1	1	1	4	1	1
2984581	1	1	1	1	3	1	1
2984582	1	1	1	1	4	1	1
2984583	1	1	1	1	4	1	2
2984584	1	1	1	1	4	1	1
2984586	1	1	1	1	4	2	2
2984587	1	1	1	1	1	1	1
2984589	1	1	1	2	7	1	1
2984590	1	1	1	1	4	1	1
2984591	1	1	3	1	6	2	1
2984592	1	1	3	3	6	2	1
2984593	1	1	2	3	6	1	1
2984594	1	1	2	1	4	1	1
2984595	1	1	2	1	6	1	1
2984596	1	1	2	1	6	1	1
2984597	1	1	2	1	6	1	1
2984598	1	1	1	1	4	1	1
2984599	1	1	1	1	4	1	1
2984600	1	1	1	1	6	1	1
2984601	1	1	1	1	4	1	1
2984602	1	1	1	1	6	1	1
2984603	1	1	1	1	4	1	1
2984604	1	1	2	3	4	1	1
2984606	1	1	1	1	4	1	1
2984607	1	1	1	1	6	1	1
2984608	1	1	2	1	6	1	1
2984609	1	1	1	1	4	1	1
2984610	1	1	2	1	4	1	1
2984611	1	1	1	1	4	1	1
2984612	1	1	2	1	6	1	1
2984613	1	1	1	1	4	1	1
2984614	1	1	1	1	4	1	1
2984615	1	1	1	1	6	1	1
2984616	1	1	2	1	4	1	1
2984617	1	1	2	1	4	1	1
2984618	1	1	1	1	4	1	1
2984619	1	1	1	1	6	1	1
2984620	1	1	1	1	6	1	1
2984621	1	1	1	1	4	1	1
2984622	1	1	1	1	4	1	1
2984623	1	1	2	1	4	1	1
2984625	1	1	1	1	4	1	1
2984626	1	1	1	1	4	2	2
2984627	1	1	1	1	4	1	1
2984628	1	1	1	1	4	1	1
2984629	1	1	1	1	4	1	1
2984630	1	1	1	1	6	1	1
2984631	1	1	1	1	4	2	2
2984633	1	1	1	1	6	1	1
2984634	1	1	1	1	6	1	1
2984635	1	1	1	1	4	1	1
2984637	1	1	1	2	6	1	1
2984638	1	1	2	1	4	1	1
2984639	1	1	1	1	4	1	1
2984640	1	1	2	1	4	1	1
2984641	1	1	1	1	4	1	1
2984642	1	1	3	1	6	2	1
2984643	1	1	1	1	4	1	1
2984644	1	1	1	1	4	1	1
2984645	1	1	1	1	6	1	1
2984646	1	1	1	1	4	1	1
2984647	1	1	1	1	6	2	2
2984648	1	1	1	1	4	1	1
2984649	1	1	3	1	7	2	1
2984650	1	1	2	3	6	1	1
2984651	1	1	1	1	4	1	1
2984652	1	1	2	1	4	1	2
2984653	1	1	1	1	4	1	1
2984654	1	1	1	1	6	1	1
2984655	1	1	1	1	4	1	1
2984656	1	1	1	1	4	1	1
2984657	1	1	1	1	4	1	1
2984659	1	1	3	1	6	2	2
2984660	1	1	1	1	4	1	1
2984661	1	1	1	1	4	1	1
2984662	1	1	1	1	2	2	2
2984663	1	1	3	1	4	2	1
2984664	1	1	1	1	4	1	1
2984665	1	1	1	1	6	1	1
2984666	1	1	1	1	2	1	1
2984667	1	1	3	1	4	2	1
2984668	1	1	1	1	4	1	1
2984669	1	1	1	1	4	1	1
2984670	1	1	1	1	4	1	1
2984671	1	1	1	1	4	1	1
2984672	1	1	1	1	6	1	1
2984673	1	1	1	1	4	2	2
2984674	1	1	2	1	6	1	1
2984676	1	1	1	1	4	1	1
2984677	1	1	1	1	4	1	1
2984678	1	1	1	1	6	2	1
2984679	1	1	1	1	4	1	1
2984680	1	1	3	1	6	2	2
2984681	1	1	1	1	4	1	1
2984682	1	1	3	1	6	2	1
2984684	1	1	2	1	4	1	1
2984685	1	1	1	1	4	1	1
2984686	1	1	1	1	6	1	1
2984687	1	1	1	1	6	1	1
2984688	1	1	3	3	6	2	1
2984689	1	1	2	1	4	1	1
2984690	1	1	1	1	4	1	1
2984691	1	1	1	1	6	1	1
2984692	1	1	1	1	6	2	2
2984693	1	1	3	1	4	2	2
2984694	1	1	1	1	4	1	1
2984698	1	1	3	1	4	2	1
2984699	1	1	1	1	4	1	1
2984700	1	1	1	1	4	1	1
2984701	1	1	1	1	4	1	1
2984702	1	1	1	1	4	1	1
2984703	1	1	2	1	4	1	1
2984704	1	1	1	1	6	2	1
2984705	1	1	1	1	4	1	1
2984706	1	1	1	1	4	1	1
2984707	1	1	1	2	6	1	1
2984708	1	1	1	1	6	1	1
2984709	1	1	1	1	6	1	1
2984710	1	1	3	1	4	2	2
2984711	1	1	1	1	4	1	1
2984712	1	1	1	1	4	1	1
2984713	1	1	1	1	4	2	2
2984714	1	1	1	1	4	1	1
2984715	1	1	1	1	4	1	1
2984716	1	1	1	1	6	1	1
2984717	1	1	1	1	4	1	1
2984718	1	1	1	1	4	1	1
2984719	1	1	1	1	4	1	1
2984720	1	1	1	1	4	1	1
2984721	1	1	1	1	4	1	1
2984722	1	1	1	1	4	1	1
2984723	1	1	1	1	4	2	1
2984724	1	1	1	1	4	1	1
2984725	1	1	1	1	4	1	1
2984726	1	1	1	1	4	1	1
2984727	1	1	3	2	6	2	1
2984728	1	1	1	1	4	1	1
2984729	1	1	1	1	4	1	1
2984730	1	1	1	1	4	1	1
2984731	1	1	1	1	6	1	1
2984732	1	1	1	1	4	1	1
2984733	1	1	1	3	5	1	1
2984734	1	1	1	1	4	1	1
2984735	1	1	1	1	7	2	2
2984736	1	1	1	1	6	1	1
2984737	1	1	1	1	4	1	1
2984738	1	1	1	1	6	2	1
2984740	1	1	1	1	6	1	1
2984741	1	1	1	1	4	1	1
2984742	1	1	1	1	2	1	1
2984743	1	1	1	1	4	1	1
2984744	1	1	1	1	4	1	1
2984745	1	1	1	1	6	1	1
2984746	1	1	1	1	4	1	1
2984747	1	1	1	1	4	1	1
2984748	1	1	1	1	4	1	1
2984749	1	1	1	1	6	2	1
2984750	1	1	1	1	2	1	1
2984751	1	1	1	1	4	1	1
2984752	1	1	1	1	4	1	1
2984753	1	1	1	8	6	1	1
2984754	1	1	2	1	6	1	1
2984755	1	1	1	1	4	1	1
2984756	1	1	2	1	6	1	1
2984757	1	1	1	1	6	1	1
2984758	1	1	1	1	4	1	1
2984759	1	1	1	1	6	1	1
2984760	1	1	1	1	6	1	1
2984761	1	1	2	1	6	2	1
2984762	1	1	2	1	6	1	1
2984764	1	1	1	1	6	1	1
2984767	1	1	2	1	4	1	2
2984768	1	1	1	1	4	1	1
2984769	1	1	1	1	6	2	2
2984770	1	1	1	1	4	1	1
2984771	1	1	1	1	6	1	1
2984772	1	1	2	1	6	1	1
2984773	1	1	1	1	4	1	1
2984775	1	1	1	1	6	1	1
2984776	1	1	1	1	6	1	1
2984777	1	1	1	1	6	1	1
2984778	1	1	1	1	6	2	1
2984779	1	1	1	1	4	1	1
2984780	1	1	1	1	6	1	1
2984781	1	1	1	1	4	1	1
2984783	1	1	1	1	6	2	2
2984784	1	1	1	1	6	1	1
2984785	1	1	1	1	5	1	1
2984786	1	1	1	1	4	1	1
2984787	1	1	1	2	6	1	1
2984788	1	1	3	5	5	1	1
2984789	1	1	1	1	4	1	1
2984790	1	1	3	1	6	1	1
2984791	1	1	2	1	6	1	1
2984792	1	1	1	1	4	1	1
2984793	1	1	1	1	6	1	1
2984794	1	1	2	5	5	2	1
2984795	1	1	2	1	6	2	1
2984796	1	1	1	1	6	1	1
2984797	1	1	3	2	6	2	1
2984798	1	1	1	1	4	1	1
2984800	1	1	1	5	5	2	1
2984801	1	1	1	1	6	1	1
2984802	1	1	1	1	6	1	1
2984803	1	1	1	1	4	1	1
2984804	1	1	1	1	6	1	1
2984805	1	1	1	1	6	2	1
2984806	1	1	1	1	4	1	1
2984808	1	1	1	1	4	1	1
2984810	1	1	1	1	4	1	1
2984811	1	1	2	1	4	1	1
2984812	1	1	2	1	4	1	1
2984813	1	1	1	1	4	1	1
2984814	1	1	1	1	4	1	1
2984815	1	1	1	1	6	1	1
2984816	1	1	1	1	4	1	1
2984817	1	1	1	1	4	1	1
2984818	1	1	1	1	4	1	1
2984819	1	1	2	1	4	1	1
2984820	1	1	2	1	4	2	1
2984821	1	1	1	1	4	1	1
2984822	1	1	1	1	6	1	1
2984823	1	1	1	1	4	2	2
2984824	1	1	3	1	4	2	2
2984825	1	1	1	1	4	1	1
2984826	1	1	3	1	6	2	1
2984827	1	1	2	1	6	1	1
2984828	1	1	1	1	4	1	1
2984829	1	1	2	1	6	1	1
2984830	1	1	3	5	7	2	2
2984831	1	1	2	1	4	1	2
2984832	1	1	3	4	5	2	2
2984833	1	1	1	1	4	1	1
2984834	1	1	1	1	4	1	1
2984835	1	1	3	2	6	2	1
2984836	1	1	3	1	6	2	2
2984837	1	1	1	1	4	1	2
2984838	1	1	1	1	4	1	1
2984839	1	1	2	1	6	1	1
2984840	1	1	1	1	4	1	1
2984841	1	1	3	1	4	2	2
2984842	1	1	1	1	4	1	2
2984843	1	1	1	1	6	1	1
2984844	1	1	3	1	6	2	1
2984845	1	1	1	1	4	1	1
2984846	1	1	1	1	4	1	1
2984847	1	1	1	1	6	2	1
2984848	1	1	3	1	4	2	1
2984849	1	1	1	1	6	1	1
2984850	1	1	1	1	4	2	1
2984851	1	1	2	1	6	2	1
2984852	1	1	3	5	5	2	2
2984853	1	1	1	1	4	1	1
2984854	1	1	1	1	6	1	1
2984855	1	1	1	1	4	1	1
2984856	1	1	1	1	4	2	1
2984857	1	1	3	1	6	2	2
2984858	1	1	1	1	4	1	1
2984859	1	1	1	1	4	1	1
2984860	1	1	3	2	7	2	1
2984861	1	1	3	1	6	1	1
2984862	1	1	1	1	4	1	1
2984863	1	1	1	1	6	1	1
2984864	1	1	1	1	4	1	1
2984865	1	1	3	2	6	2	1
2984866	1	1	2	1	4	1	2
2984867	1	1	3	6	5	1	1
2984868	1	1	2	1	4	1	1
2984869	1	1	1	1	6	1	1
2984870	1	1	1	1	4	1	1
2984871	1	1	1	1	6	1	1
2984872	1	1	2	1	4	1	1
2984874	1	1	1	1	6	2	1
2984875	1	1	2	1	4	1	2
2984876	1	1	3	1	4	2	1
2984877	1	1	1	1	4	1	1
2984878	1	1	3	4	7	2	1
2984880	1	1	3	1	6	2	1
2984881	1	1	1	1	4	2	2
2984882	1	1	1	1	4	1	1
2984883	1	1	1	1	4	1	1
2984884	1	1	1	1	4	1	1
2984885	1	1	3	1	6	2	1
2984887	1	1	1	1	4	1	1
2984888	1	1	3	1	6	2	1
2984889	1	1	1	1	4	1	1
2984890	1	1	1	1	6	2	2
2984891	1	1	1	1	4	1	1
2984893	1	1	3	5	7	2	2
2984894	1	1	3	2	7	2	1
2984895	1	1	1	1	6	2	2
2984896	1	1	1	1	4	1	1
2984897	1	1	3	1	6	1	1
2984898	1	1	1	1	4	1	1
2984899	1	1	1	1	4	1	1
2984900	1	1	1	1	6	1	1
2984901	1	1	1	1	4	1	1
2984902	1	1	3	1	6	2	2
2984903	1	1	1	1	6	1	1
2984904	1	1	1	1	4	1	1
2984905	1	1	1	1	6	1	1
2984906	1	1	1	1	6	2	1
2984907	1	1	1	1	4	1	1
2984908	1	1	1	1	4	2	1
2984909	1	1	1	1	4	1	1
2984910	1	1	1	1	6	1	1
2984911	1	1	1	1	4	1	1
2984912	1	1	1	1	4	1	1
2984913	1	1	1	1	4	1	1
2984914	1	1	1	1	4	1	1
2984915	1	1	1	1	4	1	1
2984916	1	1	1	1	4	1	1
2984917	1	1	1	1	4	1	1
2984918	1	1	1	1	6	1	1
2984919	1	1	1	1	4	1	1
2984920	1	1	1	1	6	1	1
2984921	1	1	1	7	5	2	2
2984922	1	1	1	1	4	1	2
2984923	1	1	1	1	6	1	1
2984924	1	1	1	1	6	1	1
2984925	1	1	3	2	7	2	1
2984926	1	1	1	1	4	2	1
2984927	1	1	1	1	4	1	1
2984928	1	1	1	1	6	2	1
2984929	1	1	1	1	4	1	1
2984930	1	1	1	1	4	1	1
2984931	1	1	1	1	4	1	1
2984932	1	1	1	1	4	1	1
2984933	1	1	1	1	4	1	1
2984934	1	1	1	1	2	1	1
2984935	1	1	1	1	4	1	1
2984936	1	1	1	1	6	1	1
2984937	1	1	3	3	7	2	2
2984938	1	1	1	1	6	1	1
2984939	1	1	1	5	6	1	1
2984940	1	1	1	1	4	1	1
2984941	1	1	3	1	6	2	2
2984942	1	1	3	1	6	2	1
2984943	1	1	1	1	4	1	1
2984944	1	1	1	1	4	1	1
2984945	1	1	1	1	6	1	1
2984946	1	1	1	1	4	1	1
2984947	1	1	1	1	4	1	1
2984948	1	1	1	1	4	1	1
2984949	1	1	1	1	4	1	1
2984950	1	1	1	1	4	1	1
2984951	1	1	1	1	1	1	1
2984952	1	1	1	1	6	1	1
2984953	1	1	1	1	4	1	1
2984954	1	1	3	1	4	2	1
2984955	1	1	1	1	4	1	1
2984956	1	1	1	1	4	1	1
2984957	1	1	1	1	4	1	1
2984958	1	1	1	1	4	1	1
2984959	1	1	1	1	4	1	1
2984961	1	1	2	5	6	1	1
2984962	1	1	2	1	4	1	1
2984963	1	1	3	1	6	2	1
2984964	1	1	3	1	6	2	1
2984965	1	1	1	1	6	1	1
2984967	1	1	1	1	1	1	1
2984969	1	1	1	1	6	1	1
2984970	1	1	1	1	4	1	1
2984971	1	1	1	1	6	2	1
2984972	1	1	2	1	6	1	1
2984973	1	1	1	1	6	2	2
2984974	1	1	1	1	6	1	1
2984975	1	1	1	1	4	1	1
2984976	1	1	3	3	7	2	1
2984977	1	1	1	1	4	1	1
2984978	1	1	1	1	6	2	2
2984979	1	1	1	1	6	1	1
2984980	1	1	1	1	4	1	1
2984981	1	1	1	1	4	1	1
2984982	1	1	1	1	6	1	1
2984983	1	1	1	1	6	1	1
2984984	1	1	1	1	6	1	1
2984985	1	1	1	1	4	1	1
2984986	1	1	3	1	4	2	1
2984987	1	1	1	1	6	1	1
2984988	1	1	2	1	6	1	1
2984989	1	1	1	1	4	1	1
2984990	1	1	1	1	4	1	1
2984991	1	1	1	1	6	1	1
2984992	1	1	1	2	6	1	1
2984993	1	1	1	1	6	1	1
2984994	1	1	2	1	4	1	1
2984995	1	1	1	1	4	1	1
2984996	1	1	1	1	6	1	1
2984997	1	1	3	1	4	2	1
2984998	1	1	3	1	6	2	1
2984999	1	1	1	1	4	1	1
2985000	1	1	1	1	4	1	1
2985001	1	1	1	1	6	1	1
2985002	1	1	1	1	4	1	1
2985003	1	1	1	1	4	2	1
2985004	1	1	1	1	4	2	1
2985006	1	1	3	3	6	2	1
2985007	1	1	2	5	6	1	1
2985008	1	1	3	3	6	2	1
2985009	1	1	1	1	4	1	1
2985010	1	1	1	1	4	1	1
2985011	1	1	2	1	4	1	1
2985012	1	1	1	1	5	1	1
2985013	1	1	1	1	4	1	1
2985014	1	1	1	1	4	1	1
2985016	1	1	1	1	4	2	1
2985017	1	1	1	1	4	1	1
2985018	1	1	1	1	4	1	1
2985019	1	1	3	1	4	2	1
2985020	1	1	1	1	4	1	1
2985021	1	1	3	1	6	2	1
2985022	1	1	1	1	4	1	1
2985023	1	1	1	1	4	1	1
2985024	1	1	1	1	4	1	1
2985025	1	1	1	1	6	1	1
2985026	1	1	2	1	4	2	1
2985027	1	1	1	1	4	1	1
2985028	1	1	1	1	4	1	1
2985029	1	1	1	1	4	1	1
2985030	1	1	1	1	6	1	1
2985031	1	1	1	1	4	1	1
2985032	1	1	1	1	4	1	1
2985033	1	1	3	1	4	2	2
2985034	1	1	1	1	6	1	1
2985035	1	1	1	1	4	1	1
2985036	1	1	1	1	4	1	1
2985037	1	1	2	1	4	1	1
2985038	1	1	1	1	4	1	1
2985039	1	1	2	1	6	1	1
2985040	1	1	1	1	4	1	1
2985041	1	1	3	7	7	2	1
2985042	1	1	1	1	4	1	1
2985043	1	1	2	1	6	1	1
2985044	1	1	1	1	4	1	1
2985045	1	1	1	1	6	1	1
2985046	1	1	1	1	6	1	1
2985047	1	1	1	1	4	1	1
2985048	1	1	2	1	4	1	1
2985049	1	1	1	1	2	1	1
2985050	1	1	1	1	4	1	1
2985051	1	1	3	7	6	2	1
2985052	1	1	1	8	7	2	2
2985053	1	1	1	1	4	1	1
2985054	1	1	1	1	4	1	1
2985055	1	1	1	1	6	1	1
2985056	1	1	2	1	4	1	2
2985057	1	1	2	1	4	1	1
2985058	1	1	1	1	6	1	1
2985059	1	1	1	1	4	1	1
2985060	1	1	1	1	6	1	1
2985061	1	1	1	1	4	1	1
2985062	1	1	3	3	4	2	1
2985063	1	1	1	1	4	1	1
2985064	1	1	1	1	4	1	1
2985065	1	1	1	1	4	1	1
2985066	1	1	1	1	4	1	1
2985067	1	1	3	2	7	2	2
2985068	1	1	1	1	4	1	1
2985069	1	1	1	1	4	1	1
2985070	1	1	1	1	4	1	1
2985071	1	1	1	1	6	1	1
2985072	1	1	1	2	4	1	1
2985074	1	1	1	1	4	1	1
2985075	1	1	1	1	4	1	1
2985076	1	1	1	1	4	1	1
2985077	1	1	3	1	6	2	2
2985078	1	1	1	1	6	1	1
2985079	1	1	1	1	7	2	1
2985081	1	1	1	1	6	1	1
2985083	1	1	3	1	7	2	1
2985084	1	1	3	1	6	2	1
2985085	1	1	1	1	4	1	1
2985086	1	1	2	1	4	1	1
2985087	1	1	1	1	4	1	1
2985088	1	1	2	1	4	1	1
2985089	1	1	1	1	6	1	2
2985090	1	1	1	1	6	1	1
2985091	1	1	1	1	4	1	2
2985092	1	1	3	2	6	2	2
2985094	1	1	1	1	4	1	1
2985095	1	1	1	1	4	1	1
2985097	1	1	1	1	6	1	2
2985099	1	1	2	1	6	1	1
2985100	1	1	1	1	6	2	2
2985101	1	1	1	1	7	1	2
2985102	1	1	1	1	4	1	1
2985103	1	1	2	1	6	1	1
2985105	1	1	1	1	4	1	1
2985106	1	1	1	1	4	1	1
2985107	1	1	2	1	4	1	1
2985109	1	1	1	5	5	1	1
2985110	1	1	1	5	4	2	1
2985111	1	1	1	1	6	1	1
2985112	1	1	3	2	6	2	2
2985113	1	1	1	1	4	1	1
2985114	1	1	1	1	4	1	1
2985115	1	1	1	1	4	1	1
2985116	1	1	2	1	4	1	1
2985117	1	1	3	2	6	2	2
2985118	1	1	1	1	4	1	1
2985119	1	1	3	2	6	2	2
2985120	1	1	3	4	6	2	1
2985121	1	1	1	1	6	1	2
2985122	1	1	2	1	4	1	1
2985123	1	1	1	1	4	1	1
2985124	1	1	1	1	4	1	1
2985125	1	1	1	1	4	1	1
2985126	1	1	1	1	4	1	1
2985127	1	1	1	1	6	1	1
2985129	1	1	1	1	4	1	1
2985130	1	1	1	1	4	2	1
2985131	1	1	1	1	4	1	1
2985132	1	1	1	1	6	1	1
2985133	1	1	1	1	6	1	2
2985134	1	1	2	1	6	1	1
2985136	1	1	1	8	7	2	2
2985137	1	1	1	1	4	1	1
2985138	1	1	2	1	6	1	1
2985139	1	1	1	1	4	1	1
2985140	1	1	1	1	4	1	1
2985141	1	1	3	2	6	2	2
2985142	1	1	2	1	6	1	1
2985143	1	1	1	1	6	1	2
2985144	1	1	2	1	6	1	1
2985145	1	1	1	1	7	2	2
2985146	1	1	1	1	6	1	1
2985147	1	1	2	1	4	1	1
2985148	1	1	1	1	4	1	1
2985149	1	1	1	1	4	1	1
2985150	1	1	1	1	6	1	1
2985151	1	1	1	1	4	1	1
2985153	1	1	1	1	4	1	1
2985154	1	1	1	7	6	2	1
2985155	1	1	1	1	6	1	1
2985156	1	1	1	1	4	1	1
2985157	1	1	1	1	6	1	1
2985158	1	1	1	1	4	1	1
2985159	1	1	1	1	4	1	1
2985160	1	1	1	1	6	1	1
2985161	1	1	1	1	4	1	1
2985163	1	1	1	1	4	1	1
2985165	1	1	1	1	4	1	1
2985166	1	1	1	1	6	2	2
2985167	1	1	1	1	4	1	1
2985168	1	1	2	1	2	1	1
2985169	1	1	1	1	6	1	1
2985170	1	1	1	1	4	1	1
2985171	1	1	1	1	6	1	1
2985173	1	1	3	2	6	2	1
2985174	1	1	2	1	6	1	1
2985175	1	1	1	1	4	1	1
2985177	1	1	3	1	6	2	1
2985178	1	1	2	1	4	1	1
2985179	1	1	1	3	6	1	1
2985181	1	1	1	1	4	1	1
2985183	1	1	1	1	4	1	1
2985184	1	1	1	1	6	1	1
2985185	1	1	1	1	6	1	1
2985186	1	1	1	1	4	1	1
2985187	1	1	1	1	6	1	2
2985189	1	1	1	2	6	1	1
2985191	1	1	3	5	5	2	2
2985192	1	1	3	5	5	2	1
2985193	1	1	3	1	4	2	1
2985194	1	1	3	1	6	2	2
2985195	1	1	3	1	4	2	2
2985196	1	1	1	1	4	2	2
2985197	1	1	1	1	4	1	1
2985198	1	1	3	1	6	2	1
2985199	1	1	3	1	6	2	2
2985200	1	1	1	1	6	1	1
2985201	1	1	3	1	6	2	1
2985202	1	1	3	1	6	2	1
2985203	1	1	1	1	4	1	1
2985204	1	1	1	1	6	1	1
2985206	1	1	3	1	6	2	1
2985207	1	1	1	1	4	1	1
2985208	1	1	1	1	6	1	1
2985209	1	1	3	5	6	2	1
2985210	1	1	1	1	4	1	1
2985211	1	1	1	2	4	1	1
2985212	1	1	1	1	4	1	1
2985213	1	1	1	1	4	1	1
2985214	1	1	1	1	4	1	1
2985215	1	1	3	1	6	2	2
2985216	1	1	1	1	4	1	1
2985217	1	1	1	1	4	1	1
2985218	1	1	1	1	4	1	1
2985219	1	1	1	1	4	1	1
2985220	1	1	1	1	4	1	1
2985221	1	1	1	1	7	1	1
2985222	1	1	3	7	7	1	2
2985223	1	1	3	1	6	2	1
2985224	1	1	1	1	6	1	1
2985225	1	1	1	1	4	1	1
2985226	1	1	1	1	4	1	1
2985227	1	1	3	1	4	1	1
2985229	1	1	3	1	6	2	1
2985230	1	1	1	1	4	1	1
2985231	1	1	1	1	4	1	1
2985232	1	1	1	1	4	1	1
2985233	1	1	3	1	6	2	1
2985234	1	1	2	1	6	1	1
2985235	1	1	3	1	6	2	1
2985236	1	1	3	1	6	2	1
2985237	1	1	1	1	4	1	1
2985238	1	1	2	1	4	1	1
2985239	1	1	1	1	4	1	1
2985240	1	1	1	1	4	1	1
2985241	1	1	1	1	4	1	1
2985242	1	1	3	1	6	2	1
2985243	1	1	3	1	4	2	2
2985244	1	1	1	1	4	1	1
2985245	1	1	1	1	4	1	1
2985246	1	1	1	1	6	1	1
2985247	1	1	1	1	4	1	1
2985248	1	1	1	1	6	1	1
2985249	1	1	1	1	4	1	1
2985250	1	1	1	1	4	1	1
2985251	1	1	3	5	5	2	1
2985252	1	1	3	1	6	2	1
2985254	1	1	1	1	4	1	1
2985255	1	1	2	1	4	1	1
2985256	1	1	3	1	4	1	1
2985257	1	1	1	1	4	1	1
2985258	1	1	1	5	6	2	2
2985260	1	1	1	1	4	1	1
2985261	1	1	1	1	4	1	1
2985262	1	1	1	1	6	2	1
2985263	1	1	2	1	6	1	1
2985264	1	1	3	1	6	2	1
2985265	1	1	1	1	4	1	1
2985266	1	1	1	1	4	2	2
2985267	1	1	2	1	6	1	1
2985268	1	1	1	1	6	2	2
2985269	1	1	1	1	4	2	2
2985270	1	1	2	1	4	1	1
2985271	1	1	1	1	4	1	1
2985272	1	1	1	1	4	2	1
2985273	1	1	1	1	4	1	1
2985274	1	1	1	1	4	1	1
2985275	1	1	1	1	6	2	1
2985276	1	1	1	1	4	1	1
2985277	1	1	1	1	6	1	1
2985278	1	1	1	1	6	1	1
2985279	1	1	1	1	6	1	1
2985280	1	1	1	1	4	1	1
2985282	1	1	2	1	4	1	1
2985283	1	1	2	1	4	1	1
2985284	1	1	1	1	4	2	1
2985285	1	1	1	1	4	1	1
2985286	1	1	1	1	4	2	2
2985287	1	1	1	7	7	2	1
2985288	1	1	1	1	4	1	1
2985289	1	1	1	1	4	2	1
2985290	1	1	1	1	4	1	1
2985291	1	1	1	1	6	1	1
2985292	1	1	1	1	6	1	1
2985293	1	1	1	1	4	1	1
2985294	1	1	1	1	6	1	1
2985295	1	1	2	1	4	1	1
2985296	1	1	1	1	4	1	1
2985297	1	1	1	1	4	1	1
2985298	1	1	2	1	4	1	1
2985299	1	1	2	1	4	1	1
2985301	1	1	1	1	4	2	2
2985302	1	1	2	1	6	1	1
2985303	1	1	1	1	4	1	1
2985304	1	1	2	3	6	1	1
2985305	1	1	2	1	4	1	1
2985306	1	1	2	1	4	1	1
2985307	1	1	1	1	6	1	1
2985308	1	1	1	1	4	1	1
2985309	1	1	1	1	4	1	1
2985310	1	1	1	1	6	2	1
2985311	1	1	1	1	6	1	1
2985312	1	1	2	1	4	1	1
2985313	1	1	1	1	6	1	1
2985314	1	1	2	1	6	1	1
2985315	1	1	2	1	4	1	1
2985316	1	1	1	1	6	1	1
2985317	1	1	2	1	4	1	1
2985318	1	1	1	4	7	2	1
2985320	1	1	1	1	4	1	1
2985321	1	1	1	5	6	2	1
2985322	1	1	2	1	4	1	1
2985323	1	1	2	3	5	1	1
2985324	1	1	1	1	4	1	1
2985325	1	1	1	1	4	1	1
2985326	1	1	1	1	4	1	1
2985327	1	1	1	5	4	2	2
2985328	1	1	1	1	6	2	1
2985329	1	1	1	1	4	1	1
2985331	1	1	1	1	4	1	1
2985332	1	1	1	1	6	2	1
2985333	1	1	1	1	4	1	1
2985334	1	1	1	1	4	1	1
2985335	1	1	1	1	6	2	2
2985336	1	1	1	1	6	2	2
2985337	1	1	1	1	4	1	1
2985338	1	1	1	1	4	1	1
2985339	1	1	1	1	4	1	1
2985340	1	1	1	1	4	1	1
2985341	1	1	1	1	4	1	1
2985342	1	1	1	1	4	1	1
2985343	1	1	2	1	4	1	1
2985344	1	1	1	1	4	1	1
2985345	1	1	1	1	4	1	1
2985346	1	1	1	3	6	1	1
2985347	1	1	1	2	4	1	1
2985348	1	1	1	1	4	1	1
2985349	1	1	1	1	4	1	1
2985350	1	1	1	1	4	1	1
2985351	1	1	1	1	4	1	1
2985352	1	1	1	1	4	1	1
2985353	1	1	1	1	4	2	2
2985354	1	1	1	1	4	1	1
2985355	1	1	1	1	4	2	2
2985356	1	1	1	1	4	1	1
2985357	1	1	1	1	4	1	1
2985358	1	1	1	1	4	1	1
2985359	1	1	1	1	4	1	1
2985360	1	1	1	1	6	1	1
2985361	1	1	3	1	6	2	2
2985362	1	1	3	1	6	2	2
2985363	1	1	1	1	4	1	1
2985364	1	1	1	5	4	2	2
2985365	1	1	3	1	4	1	1
2985366	1	1	1	1	4	1	1
2985368	1	1	1	1	4	1	1
2985369	1	1	1	1	6	1	1
2985370	1	1	1	1	6	1	1
2985371	1	1	3	1	6	1	1
2985372	1	1	1	1	4	1	1
2985373	1	1	1	1	4	1	1
2985374	1	1	1	1	6	1	2
2985375	1	1	1	1	4	1	1
2985376	1	1	1	1	6	1	1
2985377	1	1	1	1	6	1	1
2985378	1	1	2	1	6	1	1
2985379	1	1	3	1	4	1	1
2985380	1	1	3	1	6	2	2
2985381	1	1	2	1	6	2	1
2985382	1	1	2	1	6	2	1
2985383	1	1	1	1	4	1	1
2985385	1	1	1	1	6	2	1
2985386	1	1	1	1	4	1	1
2985387	1	1	3	5	5	2	2
2985388	1	1	2	1	6	2	2
2985389	1	1	3	1	6	2	2
2985390	1	1	1	1	4	1	1
2985391	1	1	3	1	4	1	1
2985392	1	1	1	1	4	1	1
2985393	1	1	1	1	4	1	1
2985394	1	1	1	1	4	1	1
2985395	1	1	1	1	4	1	1
2985396	1	1	1	1	6	1	1
2985397	1	1	1	1	4	1	1
2985398	1	1	3	1	4	1	1
2985399	1	1	1	1	6	1	1
2985400	1	1	1	1	6	1	1
2985401	1	1	1	1	6	1	1
2985402	1	1	1	1	6	1	1
2985403	1	1	3	1	4	1	1
2985404	1	1	3	1	4	2	2
2985405	1	1	1	5	4	2	1
2985406	1	1	1	1	4	1	1
2985407	1	1	3	1	4	2	2
2985408	1	1	1	1	4	1	1
2985409	1	1	3	1	4	1	1
2985410	1	1	1	1	6	1	1
2985411	1	1	1	3	5	1	1
2985412	1	1	2	1	4	1	1
2985413	1	1	1	1	6	1	1
2985414	1	1	2	7	6	2	1
2985415	1	1	3	1	4	2	2
2985416	1	1	2	1	6	1	1
2985417	1	1	2	1	6	1	1
2985418	1	1	1	1	4	1	1
2985420	1	1	1	1	4	1	1
2985421	1	1	2	1	6	1	1
2985422	1	1	1	1	4	1	1
2985423	1	1	1	1	6	1	1
2985424	1	1	2	2	6	1	1
2985425	1	1	1	1	4	1	1
2985426	1	1	2	1	6	1	1
2985427	1	1	1	1	6	1	1
2985428	1	1	1	1	4	1	1
2985429	1	1	1	1	6	1	1
2985430	1	1	1	1	4	1	1
2985431	1	1	1	1	6	1	1
2985432	1	1	1	1	4	1	1
2985433	1	1	3	5	5	2	2
2985434	1	1	2	1	6	2	1
2985435	1	1	1	1	4	2	2
2985436	1	1	1	1	6	1	1
2985437	1	1	1	7	6	2	1
2985438	1	1	1	1	4	1	1
2985439	1	1	1	1	4	1	1
2985440	1	1	3	1	6	2	2
2985441	1	1	1	1	6	1	1
2985442	1	1	1	1	4	1	1
2985443	1	1	3	4	5	2	2
2985444	1	1	3	4	7	2	2
2985445	1	1	1	1	4	1	1
2985446	1	1	3	1	6	2	2
2985447	1	1	3	1	6	2	1
2985448	1	1	1	1	6	1	1
2985449	1	1	3	1	4	1	1
2985450	1	1	1	1	6	1	1
2985451	1	1	1	1	4	1	1
2985452	1	1	1	1	4	1	1
2985453	1	1	1	1	4	1	1
2985454	1	1	1	1	6	1	1
2985455	1	1	2	1	4	1	1
2985456	1	1	2	1	4	1	1
2985457	1	1	1	1	4	1	1
2985458	1	1	1	1	4	1	1
2985459	1	1	1	1	4	1	1
2985460	1	1	2	1	4	1	1
2985461	1	1	3	3	7	2	2
2985462	1	1	1	1	4	1	1
2985463	1	1	3	1	6	2	1
2985464	1	1	1	1	4	1	1
2985465	1	1	1	1	4	2	2
2985466	1	1	2	1	6	1	1
2985467	1	1	3	1	6	2	2
2985468	1	1	1	1	4	1	2
2985469	1	1	1	1	6	1	1
2985470	1	1	1	1	4	1	1
2985471	1	1	1	1	6	2	2
2985472	1	1	3	1	6	2	2
2985473	1	1	1	5	4	2	1
2985474	1	1	1	1	4	2	2
2985475	1	1	1	1	6	1	1
2985477	1	1	1	1	4	2	2
2985478	1	1	1	1	4	1	1
2985479	1	1	3	1	7	2	1
2985480	1	1	1	1	4	1	1
2985481	1	1	2	1	4	1	2
2985483	1	1	2	4	6	1	1
2985484	1	1	1	1	4	1	1
2985485	1	1	1	1	6	2	2
2985486	1	1	2	1	4	1	2
2985488	1	1	3	1	6	2	1
2985489	1	1	1	1	4	1	1
2985490	1	1	1	1	4	1	1
2985491	1	1	1	1	6	1	1
2985492	1	1	1	1	4	1	1
2985493	1	1	1	1	4	1	1
2985494	1	1	1	1	4	1	1
2985495	1	1	1	1	4	1	1
2985496	1	1	1	1	4	1	1
2985497	1	1	1	1	4	1	1
2985498	1	1	1	1	4	1	1
2985499	1	1	1	1	4	1	1
2985500	1	1	1	1	4	1	1
2985501	1	1	1	1	4	1	1
2985502	1	1	1	1	6	1	1
2985503	1	1	3	1	4	2	1
2985504	1	1	1	1	4	1	1
2985505	1	1	2	2	7	2	1
2985506	1	1	2	1	4	1	1
2985507	1	1	1	1	4	1	1
2985508	1	1	1	1	4	1	1
2985509	1	1	1	1	4	1	1
2985510	1	1	3	1	4	2	2
2985511	1	1	1	1	4	1	1
2985512	1	1	1	1	4	1	1
2985513	1	1	1	1	4	1	1
2985514	1	1	1	1	4	1	1
2985515	1	1	1	1	6	1	1
2985516	1	1	1	1	4	1	1
2985517	1	1	1	1	4	1	1
2985518	1	1	1	1	6	1	1
2985519	1	1	1	1	4	2	2
2985520	1	1	1	1	4	1	1
2985521	1	1	1	1	4	2	2
2985522	1	1	1	1	5	1	1
2985523	1	1	1	1	4	2	2
2985524	1	1	2	1	4	1	1
2985525	1	1	3	3	6	2	2
2985526	1	1	1	2	4	1	1
2985527	1	1	1	1	4	1	1
2985528	1	1	1	1	6	1	1
2985529	1	1	1	1	6	2	2
2985530	1	1	1	1	4	1	1
2985531	1	1	2	1	4	1	1
2985532	1	1	1	1	4	2	2
2985533	1	1	1	1	6	1	1
2985534	1	1	1	1	6	1	1
2985535	1	1	1	1	4	1	1
2985536	1	1	3	3	6	2	1
2985538	1	1	1	1	4	1	1
2985539	1	1	3	1	6	2	1
2985540	1	1	1	1	6	1	1
2985541	1	1	1	7	6	2	1
2985542	1	1	1	5	6	2	1
2985543	1	1	1	5	7	2	1
2985544	1	1	1	1	4	1	1
2985545	1	1	1	1	4	1	1
2985546	1	1	1	1	4	1	1
2985547	1	1	3	1	7	2	1
2985548	1	1	2	1	4	1	1
2985549	1	1	1	1	6	2	2
2985550	1	1	2	1	4	1	1
2985551	1	1	1	1	4	1	1
2985552	1	1	1	1	7	2	2
2985553	1	1	2	1	4	1	1
2985554	1	1	2	1	4	1	2
2985555	1	1	1	1	5	1	1
2985556	1	1	1	1	6	1	1
2985557	1	1	1	1	4	1	1
2985558	1	1	1	1	4	1	1
2985559	1	1	1	1	4	2	2
2985560	1	1	1	1	5	1	1
2985561	1	1	1	1	4	1	1
2985562	1	1	1	1	4	1	1
2985563	1	1	1	1	4	1	1
2985564	1	1	1	1	6	1	1
2985565	1	1	1	1	4	1	1
2985566	1	1	2	1	4	1	1
2985567	1	1	1	1	4	1	1
2985568	1	1	1	2	4	1	1
2985569	1	1	1	1	4	1	1
2985570	1	1	1	1	4	1	1
2985571	1	1	1	3	5	1	1
2985572	1	1	1	1	4	1	1
2985573	1	1	1	8	6	2	2
2985574	1	1	1	1	4	1	1
2985575	1	1	1	1	4	1	1
2985576	1	1	3	5	6	2	1
2985577	1	1	3	3	6	2	1
2985578	1	1	1	1	4	1	1
2985579	1	1	1	1	4	1	1
2985580	1	1	1	1	4	1	1
2985581	1	1	1	1	4	1	1
2985582	1	1	2	3	6	1	1
2985583	1	1	1	1	4	1	1
2985584	1	1	2	1	4	1	1
2985585	1	1	2	1	4	1	1
2985586	1	1	1	1	4	1	1
2985587	1	1	3	3	6	2	2
2985588	1	1	1	1	4	1	1
2985589	1	1	1	1	4	1	1
2985590	1	1	1	1	4	1	1
2985591	1	1	1	1	4	1	1
2985592	1	1	1	2	6	1	1
2985593	1	1	2	1	4	1	1
2985594	1	1	1	1	4	1	1
2985595	1	1	1	1	4	1	1
2985596	1	1	1	1	4	1	1
2985597	1	1	1	1	4	1	1
2985598	1	1	1	1	4	1	1
2985599	1	1	1	1	6	1	1
2985600	1	1	1	1	4	1	1
2985601	1	1	2	1	4	1	1
2985602	1	1	1	1	6	1	1
2985603	1	1	3	2	6	2	1
2985604	1	1	1	1	6	1	1
2985605	1	1	2	1	6	1	1
2985606	1	1	1	1	4	1	1
2985607	1	1	1	1	4	1	1
2985609	1	1	1	1	4	1	1
2985610	1	1	3	3	7	2	1
2985611	1	1	1	1	4	1	1
2985612	1	1	1	1	4	1	1
2985613	1	1	1	1	4	1	1
2985614	1	1	1	1	6	1	1
2985615	1	1	1	1	4	1	1
2985616	1	1	1	1	4	1	1
2985617	1	1	1	1	4	1	1
2985618	1	1	1	1	6	1	1
2985619	1	1	1	1	4	1	1
2985620	1	1	1	1	4	1	1
2985621	1	1	2	1	4	1	1
2985622	1	1	1	1	4	1	1
2985623	1	1	1	1	4	1	1
2985624	1	1	1	1	4	1	1
2985625	1	1	1	1	4	1	1
2985626	1	1	1	1	4	1	1
2985627	1	1	2	1	4	1	2
2985628	1	1	1	1	4	1	1
2985629	1	1	1	1	4	1	1
2985630	1	1	1	1	4	1	1
2985631	1	1	1	1	4	1	1
2985632	1	1	1	1	4	1	1
2985633	1	1	1	1	4	1	1
2985634	1	1	1	1	4	1	1
2985635	1	1	2	1	4	1	1
2985636	1	1	1	1	4	1	1
2985637	1	1	1	1	4	1	1
2985638	1	1	1	1	4	1	1
2985639	1	1	1	1	4	1	1
2985640	1	1	2	1	4	1	1
2985641	1	1	1	1	6	2	2
2985642	1	1	1	1	6	1	1
2985643	1	1	1	1	4	1	1
2985644	1	1	1	1	6	1	1
2985645	1	1	1	1	7	1	1
2985646	1	1	1	1	4	1	1
2985647	1	1	1	3	6	1	1
2985648	1	1	2	3	6	1	1
2985649	1	1	1	1	6	1	1
2985650	1	1	1	1	6	1	1
2985651	1	1	1	1	4	1	1
2985652	1	1	1	1	4	1	1
2985653	1	1	3	5	6	2	2
2985654	1	1	3	1	6	2	1
2985655	1	1	3	1	6	2	2
2985656	1	1	2	3	6	1	1
2985657	1	1	3	1	6	2	1
2985658	1	1	2	1	6	1	1
2985659	1	1	2	1	6	1	1
2985660	1	1	3	1	6	2	1
2985661	1	1	1	1	6	1	1
2985662	1	1	2	1	6	1	1
2985663	1	1	3	1	6	2	2
2985664	1	1	1	8	6	1	1
2985665	1	1	3	5	7	2	1
2985666	1	1	1	1	6	1	1
2985667	1	1	1	1	6	1	1
2985668	1	1	3	1	4	2	1
2985669	1	1	3	1	6	2	1
2985670	1	1	3	1	6	2	1
2985671	1	1	3	1	6	2	1
2985672	1	1	3	1	6	2	2
2985673	1	1	1	1	4	1	2
2985674	1	1	1	5	7	2	2
2985675	1	1	1	1	4	1	1
2985676	1	1	1	1	4	1	1
2985677	1	1	1	1	4	1	1
2985678	1	1	3	1	4	2	2
2985680	1	1	1	1	4	1	1
2985681	1	1	2	3	6	1	1
2985682	1	1	1	1	6	1	1
2985683	1	1	1	1	6	1	1
2985684	1	1	2	1	6	1	1
2985685	1	1	1	1	4	1	1
2985686	1	1	3	1	6	2	1
2985687	1	1	1	1	4	1	1
2985688	1	1	1	1	4	1	1
2985689	1	1	1	1	4	1	1
2985690	1	1	2	5	6	1	1
2985691	1	1	1	1	4	1	1
2985692	1	1	3	1	4	2	1
2985693	1	1	1	1	4	1	1
2985694	1	1	3	1	6	2	1
2985695	1	1	1	1	4	1	1
2985696	1	1	1	1	6	1	1
2985697	1	1	1	1	4	1	1
2985698	1	1	3	5	6	2	1
2985699	1	1	1	1	4	1	1
2985700	1	1	1	1	6	1	1
2985701	1	1	1	1	6	1	1
2985702	1	1	1	1	4	1	1
2985703	1	1	2	5	5	1	1
2985704	1	1	1	1	4	1	1
2985705	1	1	3	1	6	2	1
2985706	1	1	1	1	4	1	1
2985707	1	1	1	1	4	1	1
2985708	1	1	1	1	4	1	1
2985709	1	1	3	5	6	2	2
2985710	1	1	3	5	5	2	2
2985711	1	1	3	1	6	2	1
2985712	1	1	1	1	4	1	1
2985713	1	1	2	3	6	1	1
2985714	1	1	3	1	6	2	1
2985715	1	1	1	1	4	1	1
2985716	1	1	3	5	7	2	2
2985717	1	1	1	3	5	1	1
2985718	1	1	3	1	6	2	2
2985719	1	1	2	1	6	1	1
2985720	1	1	1	1	4	1	1
2985721	1	1	1	1	4	1	1
2985722	1	1	1	1	6	1	1
2985723	1	1	3	1	6	2	1
2985724	1	1	3	1	4	2	1
2985725	1	1	2	1	6	2	1
2985726	1	1	1	1	4	1	1
2985727	1	1	1	1	4	1	1
2985728	1	1	1	1	4	1	1
2985730	1	1	3	5	5	2	2
2985731	1	1	1	1	4	1	1
2985732	1	1	1	1	4	1	1
2985733	1	1	1	1	4	1	1
2985734	1	1	3	1	4	2	1
2985735	1	1	1	1	4	1	1
2985736	1	1	1	1	4	1	1
2985737	1	1	3	5	6	2	2
2985738	1	1	1	1	4	1	1
2985739	1	1	3	5	7	2	2
2985740	1	1	1	3	6	1	1
2985741	1	1	1	1	4	1	1
2985742	1	1	1	1	6	1	1
2985743	1	1	1	1	4	1	1
2985744	1	1	3	1	6	2	1
2985745	1	1	3	1	4	2	1
2985746	1	1	1	1	4	1	1
2985747	1	1	1	1	4	2	2
2985748	1	1	2	3	6	1	1
2985749	1	1	1	3	4	1	1
2985750	1	1	3	1	6	2	1
2985751	1	1	1	1	4	1	1
2985752	1	1	2	1	6	2	1
2985753	1	1	2	1	6	2	1
2985754	1	1	1	1	4	1	1
2985755	1	1	3	5	6	2	2
2985756	1	1	2	1	6	2	1
2985757	1	1	3	5	6	2	2
2985758	1	1	1	1	4	1	1
2985759	1	1	1	1	4	1	1
2985760	1	1	1	1	6	1	1
2985761	1	1	3	1	6	2	2
2985762	1	1	1	1	4	1	1
2985763	1	1	1	1	6	1	2
2985764	1	1	1	1	4	1	1
2985765	1	1	1	1	4	1	1
2985766	1	1	1	1	4	1	1
2985767	1	1	1	1	6	1	1
2985768	1	1	1	1	4	1	1
2985769	1	1	1	1	4	1	1
2985770	1	1	1	1	6	1	1
2985771	1	1	1	1	6	1	1
2985772	1	1	1	1	4	1	1
2985773	1	1	1	1	4	1	1
2985774	1	1	1	1	4	1	1
2985775	1	1	1	1	4	1	1
2985776	1	1	1	1	6	1	1
2985777	1	1	2	1	6	2	1
2985778	1	1	1	1	4	1	1
2985779	1	1	1	5	6	1	1
2985780	1	1	1	1	4	1	1
2985781	1	1	1	1	4	2	2
2985782	1	1	1	1	4	1	1
2985783	1	1	1	1	6	1	1
2985785	1	1	1	1	6	1	1
2985786	1	1	1	1	4	1	1
2985787	1	1	1	1	6	1	1
2985788	1	1	1	1	4	1	1
2985789	1	1	1	1	4	1	1
2985790	1	1	1	1	4	1	1
2985791	1	1	1	1	6	1	1
2985792	1	1	1	1	4	1	1
2985793	1	1	2	1	6	2	1
2985794	1	1	2	1	6	2	1
2985795	1	1	1	1	4	1	1
2985796	1	1	1	1	4	1	1
2985797	1	1	2	1	6	2	1
2985798	1	1	2	1	6	2	1
2985799	1	1	1	1	4	1	1
2985800	1	1	1	1	4	1	1
2985801	1	1	1	1	4	1	2
2985803	1	1	1	1	4	1	1
2985804	1	1	1	2	4	1	1
2985805	1	1	1	1	4	1	1
2985806	1	1	2	1	6	2	1
2985807	1	1	1	1	4	1	1
2985808	1	1	1	1	4	1	1
2985809	1	1	3	1	6	2	1
2985810	1	1	1	1	4	1	1
2985811	1	1	1	1	4	1	1
2985812	1	1	1	1	6	1	1
2985814	1	1	1	1	4	1	1
2985815	1	1	1	1	4	1	1
2985816	1	1	3	2	7	2	1
2985817	1	1	2	1	6	2	1
2985818	1	1	1	1	6	1	1
2985819	1	1	1	5	6	1	1
2985820	1	1	1	1	4	1	1
2985822	1	1	1	1	4	1	1
2985823	1	1	1	1	4	1	1
2985824	1	1	1	2	6	1	1
2985825	1	1	1	1	4	1	1
2985826	1	1	1	1	4	1	1
2985827	1	1	1	1	6	1	1
2985828	1	1	1	1	4	1	1
2985829	1	1	3	1	4	2	1
2985830	1	1	1	1	4	1	1
2985831	1	1	1	1	4	1	1
2985832	1	1	1	1	4	1	1
2985833	1	1	1	5	7	2	1
2985834	1	1	1	1	4	1	1
2985835	1	1	1	1	4	1	1
2985836	1	1	1	2	7	1	1
2985837	1	1	1	1	4	1	1
2985838	1	1	1	1	6	1	1
2985839	1	1	2	1	6	2	1
2985840	1	1	2	1	6	1	1
2985841	1	1	1	1	6	2	1
2985842	1	1	1	1	4	1	1
2985843	1	1	1	1	6	1	1
2985844	1	1	1	1	4	1	1
2985845	1	1	1	1	4	1	1
2985846	1	1	1	1	4	1	1
2985847	1	1	2	1	4	1	1
2985848	1	1	2	1	4	1	1
2985849	1	1	1	1	4	1	1
2985850	1	1	1	1	4	1	1
2985851	1	1	1	1	2	1	1
2985852	1	1	1	1	4	1	1
2985853	1	1	1	1	4	1	1
2985854	1	1	1	1	6	1	1
2985855	1	1	1	1	4	1	1
2985856	1	1	1	1	4	1	1
2985857	1	1	1	1	4	2	1
2985858	1	1	2	1	6	1	1
2985859	1	1	1	1	4	1	1
2985860	1	1	1	1	4	1	1
2985861	1	1	1	1	4	1	1
2985862	1	1	1	1	6	1	1
2985863	1	1	1	1	4	1	1
2985864	1	1	1	1	6	1	1
2985865	1	1	3	1	6	2	1
2985866	1	1	2	1	6	2	1
2985867	1	1	1	1	4	1	1
2985868	1	1	2	1	6	1	1
2985869	1	1	1	1	6	1	1
2985870	1	1	1	1	1	1	1
2985871	1	1	3	2	7	2	2
2985872	1	1	1	1	4	1	1
2985873	1	1	1	1	4	1	1
2985874	1	1	1	1	6	1	1
2985875	1	1	1	1	6	1	1
2985876	1	1	3	1	6	2	2
2985877	1	1	1	1	6	1	1
2985878	1	1	3	1	7	2	2
2985880	1	1	2	3	5	2	1
2985881	1	1	3	1	7	2	2
2985882	1	1	1	1	4	1	1
2985883	1	1	1	1	4	1	1
2985884	1	1	3	1	4	2	1
2985886	1	1	1	1	6	1	1
2985887	1	1	1	5	6	1	1
2985888	1	1	2	1	4	1	1
2985889	1	1	3	2	6	2	1
2985890	1	1	1	1	4	1	1
2985891	1	1	1	1	6	1	1
2985892	1	1	3	1	6	2	2
2985893	1	1	1	1	6	1	1
2985894	1	1	1	1	4	1	1
2985895	1	1	1	1	6	1	1
2985896	1	1	3	1	6	2	2
2985897	1	1	1	2	6	1	1
2985898	1	1	3	1	6	2	2
2985899	1	1	1	1	6	1	1
2985900	1	1	3	1	6	2	2
2985901	1	1	1	1	4	1	1
2985902	1	1	1	1	4	1	1
2985903	1	1	2	1	4	1	1
2985904	1	1	3	1	6	2	2
2985905	1	1	1	1	4	1	1
2985906	1	1	1	1	4	1	1
2985907	1	1	2	1	4	1	1
2985908	1	1	2	1	6	1	1
2985909	1	1	2	1	6	1	1
2985910	1	1	1	1	6	1	1
2985911	1	1	2	3	5	2	1
2985912	1	1	1	1	4	1	1
2985913	1	1	1	1	4	1	1
2985914	1	1	1	1	4	1	1
2985915	1	1	2	1	4	2	2
2985917	1	1	1	1	4	1	1
2985918	1	1	2	1	4	2	2
2985919	1	1	3	3	6	2	1
2985920	1	1	1	1	4	1	1
2985921	1	1	1	1	6	1	1
2985922	1	1	3	1	6	2	1
2985923	1	1	2	1	6	1	1
2985924	1	1	1	1	4	1	1
2985925	1	1	3	5	6	2	2
2985926	1	1	1	1	4	1	1
2985927	1	1	1	1	6	1	1
2985928	1	1	1	1	6	1	1
2985929	1	1	2	1	6	2	2
2985930	1	1	1	1	6	1	1
2985931	1	1	1	1	6	1	1
2985932	1	1	3	1	6	2	1
2985933	1	1	1	1	4	1	1
2985934	1	1	3	2	6	2	2
2985935	1	1	1	1	6	1	1
2985936	1	1	1	2	6	1	1
2985937	1	1	1	1	4	1	1
2985938	1	1	1	1	4	1	1
2985939	1	1	1	1	6	1	1
2985940	1	1	3	1	6	2	2
2985941	1	1	1	1	6	1	1
2985942	1	1	3	1	4	2	2
2985943	1	1	1	1	4	1	1
2985944	1	1	3	1	6	2	2
2985945	1	1	1	1	6	1	1
2985946	1	1	1	1	7	1	1
2985947	1	1	1	1	6	1	1
2985948	1	1	1	1	4	1	1
2985949	1	1	3	1	4	2	2
2985950	1	1	1	1	4	1	1
2985951	1	1	1	1	4	1	1
2985952	1	1	2	2	6	2	1
2985953	1	1	1	1	4	1	1
2985954	1	1	1	1	4	1	1
2985955	1	1	2	1	4	1	1
2985956	1	1	3	5	6	2	2
2985957	1	1	3	2	6	2	2
2985958	1	1	1	6	6	2	1
2985959	1	1	3	1	6	2	2
2985960	1	1	3	1	6	2	1
2985961	1	1	2	1	6	1	1
2985962	1	1	1	1	6	1	1
2985963	1	1	1	1	6	1	1
2985964	1	1	3	1	4	2	2
2985965	1	1	3	1	6	1	1
2985966	1	1	3	1	6	2	1
2985967	1	1	1	5	6	2	2
2985968	1	1	1	1	6	2	2
2985972	1	1	3	2	6	2	2
2985973	1	1	3	1	6	2	2
2985974	1	1	3	1	4	2	1
2985975	1	1	3	1	6	2	2
2985976	1	1	3	1	6	2	1
2985977	1	1	1	1	4	1	1
2985978	1	1	3	1	6	2	1
2985979	1	1	1	1	4	1	1
2985980	1	1	1	5	4	2	2
2985981	1	1	1	1	6	2	2
2985982	1	1	1	1	4	1	1
2985983	1	1	1	1	5	2	1
2985984	1	1	1	1	6	1	1
2985985	1	1	1	1	6	1	1
2985986	1	1	1	1	4	2	1
2985987	1	1	1	1	4	1	1
2985988	1	1	1	1	4	1	1
2985989	1	1	1	5	6	2	2
2985990	1	1	1	1	6	2	2
2985991	1	1	1	1	4	1	1
2985992	1	1	1	1	6	1	1
2985993	1	1	2	1	6	2	2
2985994	1	1	1	1	6	1	1
2985995	1	1	1	1	4	1	1
2985996	1	1	2	1	4	1	1
2985997	1	1	3	1	4	2	1
2985998	1	1	1	1	6	1	1
2985999	1	1	1	1	6	1	1
2986000	1	1	3	1	6	2	1
2986001	1	1	1	1	6	1	1
2986002	1	1	2	1	6	1	1
2986003	1	1	1	1	6	1	1
2986004	1	1	3	1	6	2	2
2986005	1	1	3	1	4	2	1
2986007	1	1	1	1	6	1	1
2986008	1	1	3	1	6	2	1
2986009	1	1	3	1	4	2	1
2986010	1	1	1	1	6	2	1
2986011	1	1	1	1	4	1	1
2986012	1	1	1	1	7	2	2
2986013	1	1	1	1	4	1	1
2986015	1	1	1	1	4	1	1
2986016	1	1	3	1	6	2	2
2986017	1	1	1	1	4	1	1
2986018	1	1	1	1	6	1	1
2986019	1	1	1	1	4	1	1
2986020	1	1	1	1	4	1	1
2986021	1	1	1	1	4	1	1
2986022	1	1	3	3	4	2	1
2986023	1	1	1	1	4	1	1
2986024	1	1	1	1	4	1	1
2986025	1	1	3	1	6	2	1
2986026	1	1	1	1	4	1	1
2986027	1	1	1	1	4	1	1
2986028	1	1	1	1	6	1	1
2986029	1	1	1	1	6	1	1
2986030	1	1	2	1	6	2	1
2986031	1	1	2	1	4	1	1
2986032	1	1	1	1	4	1	1
2986033	1	1	1	1	4	1	1
2986034	1	1	1	1	4	1	1
2986035	1	1	1	1	4	2	1
2986036	1	1	1	1	6	1	1
2986037	1	1	3	1	6	2	1
2986038	1	1	1	1	4	1	1
2986039	1	1	3	1	6	2	2
2986040	1	1	2	1	6	1	1
2986041	1	1	1	1	4	1	1
2986042	1	1	1	1	6	1	1
2986043	1	1	1	1	6	1	1
2986044	1	1	2	1	6	1	1
2986045	1	1	1	1	6	1	1
2986046	1	1	1	1	4	1	1
2986047	1	1	1	1	4	1	1
2986048	1	1	1	3	5	2	1
2986049	1	1	1	1	4	1	1
2986050	1	1	1	1	4	1	1
2986051	1	1	1	1	4	1	1
2986052	1	1	1	1	4	1	1
2986053	1	1	1	1	4	1	1
2986054	1	1	1	1	6	1	1
2986055	1	1	1	1	4	1	1
2986056	1	1	1	1	6	1	1
2986057	1	1	1	1	4	1	1
2986058	1	1	1	1	4	1	1
2986059	1	1	1	5	6	2	2
2986060	1	1	1	1	4	1	1
2986061	1	1	1	1	4	1	1
2986062	1	1	2	2	6	1	1
2986063	1	1	2	1	4	1	1
2986064	1	1	1	5	6	2	2
2986065	1	1	1	1	6	1	1
2986066	1	1	3	1	6	2	2
2986067	1	1	1	5	7	1	2
2986068	1	1	3	1	6	2	1
2986069	1	1	3	2	6	2	2
2986070	1	1	3	1	6	2	2
2986071	1	1	1	1	4	1	1
2986072	1	1	2	1	4	2	2
2986073	1	1	1	1	6	1	1
2986074	1	1	3	1	6	2	2
2986075	1	1	3	4	6	2	1
2986076	1	1	3	1	4	2	1
2986077	1	1	3	1	6	2	2
2986078	1	1	2	1	6	1	1
2986079	1	1	1	1	6	1	1
2986080	1	1	2	1	4	1	1
2986081	1	1	1	1	6	1	1
2986082	1	1	2	1	6	1	2
2986083	1	1	1	1	4	1	1
2986084	1	1	2	1	4	1	1
2986086	1	1	1	1	4	1	1
2986087	1	1	1	1	4	1	1
2986088	1	1	1	1	6	1	1
2986089	1	1	2	1	4	1	1
2986090	1	1	1	1	4	2	2
2986091	1	1	1	1	4	1	1
2986092	1	1	3	5	5	2	2
2986093	1	1	3	1	6	2	2
2986094	1	1	2	1	4	1	1
2986095	1	1	3	3	6	2	1
2986096	1	1	1	1	6	2	2
2986097	1	1	1	5	6	2	2
2986098	1	1	3	1	6	2	1
2986099	1	1	1	1	4	1	1
2986100	1	1	3	1	4	2	2
2986101	1	1	3	1	6	2	2
2986102	1	1	1	1	6	1	1
2986103	1	1	1	1	6	1	1
2986104	1	1	1	1	6	1	1
2986105	1	1	1	1	4	1	1
2986106	1	1	3	1	6	2	1
2986107	1	1	3	1	6	2	2
2986108	1	1	1	5	4	1	1
2986111	1	1	1	1	6	1	1
2986112	1	1	1	1	4	1	1
2986113	1	1	3	1	6	2	2
2986114	1	1	3	1	6	2	2
2986116	1	1	2	1	6	1	1
2986117	1	1	1	5	7	2	1
2986118	1	1	1	1	6	2	2
2986119	1	1	3	1	6	2	2
2986120	1	1	1	1	4	1	1
2986121	1	1	2	1	6	1	1
2986122	1	1	1	1	6	1	1
2986123	1	1	1	1	4	1	1
2986124	1	1	3	1	6	2	2
2986125	1	1	1	1	4	1	1
2986126	1	1	2	1	6	1	2
2986127	1	1	1	1	4	1	1
2986128	1	1	1	1	4	1	1
2986129	1	1	1	1	4	1	1
2986130	1	1	1	1	4	1	1
2986131	1	1	2	4	7	2	2
2986132	1	1	1	1	4	1	1
2986133	1	1	1	1	4	1	1
2986134	1	1	3	1	4	2	2
2986135	1	1	1	1	4	1	1
2986137	1	1	3	1	6	2	2
2986138	1	1	1	1	4	1	1
2986140	1	1	1	5	6	2	2
2986141	1	1	2	1	4	1	1
2986142	1	1	1	1	4	1	1
2986144	1	1	1	1	4	1	1
2986145	1	1	1	1	4	1	1
2986146	1	1	1	1	4	1	1
2986147	1	1	1	1	4	1	1
2986148	1	1	1	1	4	1	1
2986149	1	1	1	1	4	1	1
2986150	1	1	2	1	6	1	1
2986151	1	1	1	1	6	1	1
2986152	1	1	1	1	6	1	1
2986153	1	1	1	1	4	1	1
2986154	1	1	1	1	4	1	1
2986155	1	1	1	1	4	1	1
2986156	1	1	1	1	4	1	1
2986157	1	1	1	1	4	1	1
2986158	1	1	1	1	4	1	1
2986159	1	1	1	1	4	1	1
2986160	1	1	1	1	4	2	1
2986161	1	1	1	5	7	2	1
2986162	1	1	1	1	4	1	1
2986163	1	1	1	1	4	1	1
2986164	1	1	1	1	6	1	1
2986165	1	1	1	1	4	1	1
2986166	1	1	1	1	4	1	1
2986167	1	1	3	1	4	2	2
2986168	1	1	1	1	6	1	1
2986169	1	1	1	1	4	1	1
2986170	1	1	3	1	4	1	2
2986171	1	1	1	1	4	1	1
2986172	1	1	1	1	4	1	1
2986173	1	1	3	5	5	2	1
2986174	1	1	1	1	4	1	1
2986175	1	1	1	1	4	1	1
2986176	1	1	1	1	4	1	1
2986177	1	1	1	1	4	1	1
2986178	1	1	1	1	4	1	1
2986179	1	1	1	1	4	1	1
2986180	1	1	1	1	4	1	1
2986181	1	1	1	1	4	1	1
2986182	1	1	1	1	4	1	1
2986183	1	1	1	1	4	1	1
2986184	1	1	1	1	4	2	2
2986185	1	1	1	1	4	1	1
2986186	1	1	1	1	4	2	2
2986187	1	1	1	1	6	1	1
2986188	1	1	1	1	4	1	1
2986189	1	1	1	1	4	1	1
2986190	1	1	1	1	4	1	1
2986191	1	1	1	1	4	1	1
2986192	1	1	2	1	5	2	1
2986193	1	1	1	1	4	1	1
2986194	1	1	1	1	4	1	1
2986195	1	1	1	1	4	1	1
2986196	1	1	1	1	6	1	2
2986199	1	1	1	1	6	2	1
2986201	1	1	2	1	6	1	1
2986204	1	1	1	1	4	1	1
2986205	1	1	3	1	6	2	1
2986206	1	1	3	1	4	2	1
2986207	1	1	3	1	6	2	1
2986208	1	1	3	1	6	2	1
2986209	1	1	1	1	6	2	1
2986210	1	1	1	1	4	1	1
2986211	1	1	1	1	4	1	1
2986212	1	1	1	1	4	1	1
2986213	1	1	1	1	4	1	1
2986214	1	1	1	1	4	1	1
2986251	1	1	1	1	6	1	1
2986252	1	1	1	1	7	1	1
2986253	1	1	1	6	4	1	1
2986254	1	1	1	1	6	1	1
2986255	1	1	1	1	6	1	1
2986257	1	1	1	6	4	1	1
2986258	1	1	1	6	6	1	1
2986259	1	1	1	1	4	1	1
2986260	1	1	1	6	6	1	1
2986261	1	1	1	7	6	1	1
2986262	1	1	1	1	6	2	1
2986270	1	1	1	1	4	1	2
2986275	1	1	1	1	4	1	1
2986276	1	1	1	1	4	1	2
2986277	1	1	1	1	4	1	2
2986279	1	1	1	1	4	1	1
2986281	1	1	1	1	4	1	2
2986284	1	1	1	1	4	1	1
2986286	1	1	1	1	6	1	1
2986287	1	1	1	1	4	1	1
2986289	1	1	1	1	4	1	1
2986290	1	1	3	3	6	2	2
2986291	1	1	3	5	6	2	2
2986292	1	1	1	1	4	1	1
2986293	1	1	1	1	4	1	1
2986294	1	1	3	5	5	2	2
2986295	1	1	1	1	4	1	1
2986296	1	1	1	1	4	1	1
2986297	1	1	1	1	4	1	1
2986298	1	1	1	1	4	1	1
2986299	1	1	1	1	6	2	1
2986300	1	1	1	1	4	1	1
2986301	1	1	1	1	4	1	1
2986302	1	1	1	1	6	1	1
2986304	1	1	1	1	5	1	1
2986305	1	1	1	1	4	1	1
2986306	1	1	2	1	6	1	1
2986307	1	1	1	3	5	1	1
2986308	1	1	2	5	6	1	1
2986310	1	1	1	1	6	1	1
2986312	1	1	1	1	4	1	1
2986313	1	1	1	1	4	1	1
2986314	1	1	1	1	6	1	1
2986315	1	1	1	1	4	1	1
2986316	1	1	1	1	4	1	1
2986317	1	1	2	1	6	1	1
2986318	1	1	1	1	4	1	1
2986319	1	1	1	1	4	1	1
2986320	1	1	1	1	4	1	1
2986321	1	1	1	1	4	1	1
2986322	1	1	1	1	4	1	1
2986323	1	1	1	1	4	1	1
2986324	1	1	1	1	4	1	1
2986325	1	1	1	1	4	2	2
2986326	1	1	1	1	6	1	1
2986327	1	1	1	1	6	1	1
2986328	1	1	2	5	5	1	1
2986329	1	1	1	1	4	1	1
2986330	1	1	1	1	6	1	1
2986331	1	1	1	1	6	1	1
2986332	1	1	1	1	6	1	1
2986333	1	1	1	1	4	1	1
2986334	1	1	1	1	4	1	1
2986335	1	1	1	1	6	1	1
2986337	1	1	1	1	4	1	1
2986338	1	1	1	1	6	2	2
2986339	1	1	1	5	2	2	2
2986340	1	1	1	1	7	2	2
2986341	1	1	1	1	6	2	1
2986342	1	1	1	1	6	1	1
2986343	1	1	1	3	6	1	1
2986344	1	1	3	5	7	2	2
2986345	1	1	1	1	4	1	1
2986346	1	1	1	1	4	1	1
2986347	1	1	1	1	6	1	1
2986348	1	1	1	1	4	1	1
2986349	1	1	1	1	6	1	1
2986350	1	1	1	1	4	1	1
2986351	1	1	3	1	6	2	2
2986352	1	1	1	1	6	1	1
2986353	1	1	1	1	6	1	1
2986355	1	1	1	5	6	1	1
2986356	1	1	1	1	4	1	1
2986358	1	1	1	1	4	1	1
2986359	1	1	1	1	5	1	1
2986360	1	1	1	1	6	1	1
2986361	1	1	3	5	6	2	2
2986362	1	1	1	1	4	1	1
2986363	1	1	1	1	4	1	1
2986364	1	1	1	1	4	1	1
2986365	1	1	1	1	7	1	1
2986366	1	1	1	1	4	1	1
2986367	1	1	1	1	4	1	1
2986368	1	1	1	1	4	1	1
2986369	1	1	1	1	4	1	1
2986370	1	1	1	1	4	1	2
2986371	1	1	1	1	4	1	1
2986372	1	1	1	1	4	1	1
2986373	1	1	1	1	6	1	1
2986374	1	1	1	1	6	1	1
2986375	1	1	1	1	4	1	1
2986376	1	1	1	1	6	1	1
2986377	1	1	1	1	6	1	1
2986378	1	1	1	1	4	1	1
2986379	1	1	1	1	6	1	1
2986380	1	1	1	1	4	1	1
2986381	1	1	1	1	6	1	1
2986382	1	1	1	1	4	1	1
2986383	1	1	1	1	4	1	1
2986384	1	1	1	1	5	1	1
2986385	1	1	1	1	6	1	1
2986386	1	1	1	1	4	1	1
2986387	1	1	1	5	6	2	1
2986388	1	1	1	1	4	1	1
2986389	1	1	1	1	6	1	1
2986390	1	1	1	1	6	1	1
2986392	1	1	1	1	6	2	1
2986393	1	1	1	1	4	1	1
2986394	1	1	1	1	4	1	1
2986395	1	1	1	1	4	1	1
2986396	1	1	1	1	7	2	1
2986397	1	1	1	1	7	1	2
2986398	1	1	1	1	6	1	1
2986399	1	1	1	1	6	1	1
2986401	1	1	1	1	4	1	1
2986402	1	1	1	1	5	1	1
2986403	1	1	1	1	6	1	1
2986404	1	1	1	1	6	1	1
2986405	1	1	1	1	2	1	1
2986406	1	1	1	1	2	1	1
2986407	1	1	1	3	6	1	1
2986408	1	1	1	1	4	1	1
2986409	1	1	1	1	6	1	1
2986410	1	1	1	1	4	1	1
2986411	1	1	1	5	5	2	2
2986412	1	1	1	1	4	2	2
2986413	1	1	1	1	4	1	1
2986414	1	1	1	1	4	1	1
2986415	1	1	1	1	4	1	1
2986416	1	1	1	1	4	1	1
2986417	1	1	1	1	6	1	1
2986418	1	1	1	1	4	1	1
2986419	1	1	1	1	4	1	1
2986420	1	1	1	1	4	1	1
2986421	1	1	1	1	4	1	1
2986422	1	1	1	1	4	1	1
2986423	1	1	1	1	4	1	1
2986424	1	1	1	1	4	1	1
2986425	1	1	1	1	4	1	1
2986426	1	1	1	1	6	1	1
2986427	1	1	1	1	4	2	1
2986428	1	1	1	1	4	1	1
2986429	1	1	1	1	4	1	1
2986430	1	1	1	1	4	1	1
2986431	1	1	1	1	4	1	1
2986432	1	1	1	1	6	1	2
2986433	1	1	1	1	4	1	1
2986434	1	1	1	1	4	1	1
2986435	1	1	1	1	4	1	1
2986436	1	1	1	1	4	1	1
2986437	1	1	1	1	4	1	1
2986438	1	1	1	2	5	1	1
2986439	1	1	1	1	7	2	2
2986440	1	1	1	1	7	2	1
2986441	1	1	1	1	4	1	1
2986443	1	1	1	1	6	1	1
2986444	1	1	1	1	6	1	1
2986445	1	1	3	1	6	2	1
2986446	1	1	1	1	4	1	1
2986448	1	1	1	1	4	1	1
2986449	1	1	1	1	6	1	1
2986450	1	1	1	1	6	1	1
2986451	1	1	1	5	4	1	1
2986452	1	1	1	1	4	1	1
2986453	1	1	1	1	4	1	1
2986454	1	1	1	1	6	1	1
2986455	1	1	1	1	4	1	1
2986456	1	1	1	1	6	1	1
2986457	1	1	1	5	7	2	2
2986458	1	1	1	1	6	1	1
2986459	1	1	1	1	6	1	1
2986460	1	1	1	1	4	1	1
2986461	1	1	1	1	4	1	1
2986462	1	1	3	3	6	2	1
2986463	1	1	1	1	4	1	1
2986465	1	1	1	1	4	1	1
2986466	1	1	1	1	4	1	1
2986467	1	1	1	3	4	1	1
2986468	1	1	1	1	4	1	1
2986469	1	1	1	1	6	2	2
2986470	1	1	1	3	6	1	1
2986471	1	1	1	1	4	1	1
2986472	1	1	1	1	4	1	1
2986473	1	1	3	2	4	2	1
2986474	1	1	1	3	6	1	1
2986475	1	1	1	1	4	1	1
2986476	1	1	1	1	4	1	2
2986477	1	1	1	7	7	2	1
2986478	1	1	1	2	6	1	1
2986479	1	1	1	5	5	2	2
2986480	1	1	1	1	4	1	1
2986481	1	1	1	1	4	1	1
2986482	1	1	1	1	4	1	1
2986483	1	1	3	1	6	2	1
2986484	1	1	1	1	4	1	1
2986485	1	1	1	1	4	1	1
2986486	1	1	1	1	4	1	1
2986489	1	1	1	1	4	1	1
2986491	1	1	1	3	6	1	1
2986492	1	1	1	1	4	1	1
2986493	1	1	1	1	4	1	1
2986494	1	1	1	1	4	1	1
2986495	1	1	1	1	6	1	1
2986496	1	1	1	1	6	2	1
2986497	1	1	1	1	6	1	1
2986498	1	1	1	1	4	1	1
2986501	1	1	1	2	4	1	1
2986502	1	1	2	1	4	1	1
2986503	1	1	1	1	6	1	1
2986504	1	1	1	1	4	1	1
2986505	1	1	1	1	4	1	1
2986506	1	1	1	1	6	1	1
2986507	1	1	1	1	5	1	1
2986508	1	1	1	1	4	1	1
2986509	1	1	1	1	4	1	1
2986510	1	1	1	1	4	1	2
2986511	1	1	1	1	6	1	1
2986512	1	1	1	1	7	1	1
2986513	1	1	1	1	4	1	1
2986514	1	1	1	1	4	1	1
2986515	1	1	1	1	6	1	1
2986516	1	1	1	5	6	1	2
2986517	1	1	1	1	4	1	1
2986518	1	1	1	1	4	1	1
2986521	1	1	3	5	6	2	2
2986523	1	1	1	1	4	1	1
2986524	1	1	3	4	7	2	1
2986525	1	1	3	4	7	2	1
2986526	1	1	2	5	5	2	1
2986527	1	1	2	5	5	2	2
2986529	1	1	2	1	6	1	1
2986530	1	1	1	1	4	1	1
2986531	1	1	1	1	6	1	1
2986532	1	1	1	1	6	1	1
2986533	1	1	3	1	4	1	1
2986534	1	1	3	4	7	2	1
2986536	1	1	1	1	4	1	1
2986540	1	1	1	4	7	2	2
2986541	1	1	1	1	7	2	2
2986543	1	1	3	4	7	2	1
2986544	1	1	3	1	6	2	2
2986545	1	1	3	1	6	2	1
2986546	1	1	1	1	4	1	2
2986547	1	1	1	1	4	1	1
2986548	1	1	1	1	6	1	1
2986549	1	1	2	1	4	1	1
2986550	1	1	1	1	6	1	1
2986552	1	1	1	1	6	1	1
2986554	1	1	1	1	6	1	1
2986555	1	1	1	1	4	1	1
2986556	1	1	1	1	4	1	1
2986557	1	1	1	1	4	1	1
2986558	1	1	1	1	4	1	1
2986559	1	1	1	1	4	1	1
2986560	1	1	1	1	4	1	1
2986561	1	1	2	5	5	2	2
2986562	1	1	1	1	4	1	1
2986563	1	1	1	5	6	2	2
2986564	1	1	1	1	4	1	1
2986565	1	1	3	4	7	2	1
2986566	1	1	3	3	7	2	1
2986567	1	1	1	1	4	1	1
2986568	1	1	1	1	4	1	1
2986569	1	1	1	1	4	1	1
2986570	1	1	1	1	4	1	1
2986571	1	1	1	1	4	1	1
2986574	1	1	1	1	6	1	1
2986575	1	1	3	4	7	2	1
2986576	1	1	3	1	6	2	2
2986577	1	1	3	3	7	2	1
2986578	1	1	3	5	6	2	2
2986579	1	1	1	1	4	1	1
2986580	1	1	3	1	4	2	2
2986582	1	1	1	1	4	1	1
2986583	1	1	1	1	4	1	1
2986586	1	1	1	1	4	1	1
2986587	1	1	1	1	6	1	1
2986588	1	1	1	1	4	1	1
2986589	1	1	1	1	4	1	1
2986590	1	1	3	4	7	2	1
2986592	1	1	1	1	4	1	1
2986593	1	1	1	1	4	1	1
2986594	1	1	3	1	6	2	2
2986595	1	1	1	1	4	1	1
2986596	1	1	1	1	4	1	1
2986597	1	1	1	1	4	1	1
2986598	1	1	1	1	4	1	1
2986601	1	1	1	1	4	1	1
2986602	1	1	1	1	4	1	1
2986603	1	1	1	1	4	1	1
2986604	1	1	1	1	4	1	1
2986606	1	1	1	1	6	1	1
2986607	1	1	1	1	6	1	1
2986609	1	1	1	1	6	1	1
2986610	1	1	1	1	4	2	2
2986611	1	1	1	1	4	1	1
2986613	1	1	1	1	6	1	1
2986614	1	1	1	1	4	1	1
2986615	1	1	1	7	5	1	1
2986616	1	1	1	1	4	1	1
2986617	1	1	1	1	6	1	1
2986618	1	1	1	7	5	1	1
2986619	1	1	1	1	4	1	1
2986620	1	1	1	1	6	1	1
2986621	1	1	1	1	6	1	1
2986622	1	1	1	1	4	1	1
2986624	1	1	1	1	4	1	1
2986625	1	1	1	2	6	1	1
2986626	1	1	1	3	4	1	1
2986627	1	1	1	1	4	1	1
2986628	1	1	1	1	4	1	1
2986629	1	1	3	1	6	2	1
2986630	1	1	1	1	4	1	1
2986631	1	1	1	1	6	1	1
2986632	1	1	1	1	4	1	1
2986633	1	1	1	1	6	1	1
2986634	1	1	1	1	4	1	1
2986635	1	1	1	1	4	1	1
2986636	1	1	1	1	4	1	1
2986637	1	1	1	1	4	1	1
2986638	1	1	1	1	6	1	1
2986639	1	1	1	1	4	1	1
2986640	1	1	3	2	5	2	1
2986641	1	1	1	1	4	1	1
2986642	1	1	1	1	6	1	1
2986643	1	1	1	1	6	1	1
2986644	1	1	1	1	6	1	1
2986645	1	1	1	1	4	1	1
2986646	1	1	1	1	4	1	1
2986647	1	1	1	1	4	1	1
2986648	1	1	1	1	4	1	1
2986649	1	1	2	1	4	1	1
2986650	1	1	1	1	4	1	1
2986651	1	1	1	1	4	1	1
2986652	1	1	1	1	6	1	1
2986654	1	1	1	1	6	1	1
2986655	1	1	1	1	4	1	1
2986656	1	1	1	1	6	1	1
2986658	1	1	1	1	6	1	1
2986659	1	1	1	1	4	2	1
2986660	1	1	1	1	6	1	1
2986661	1	1	1	1	4	1	1
2986662	1	1	1	1	6	1	1
2986663	1	1	1	1	6	1	1
2986664	1	1	1	4	5	1	1
2986665	1	1	1	1	6	1	1
2986666	1	1	1	1	6	1	1
2986667	1	1	2	1	4	1	1
2986668	1	1	1	1	4	1	1
2986669	1	1	1	1	6	1	1
2986671	1	1	1	1	4	1	1
2986672	1	1	1	1	4	1	1
2986673	1	1	1	2	4	1	1
2986674	1	1	1	1	6	2	2
2986675	1	1	1	1	4	1	1
2986676	1	1	1	1	6	1	1
2986677	1	1	1	1	6	1	1
2986678	1	1	1	1	4	2	2
2986679	1	1	1	1	4	1	1
2986680	1	1	2	1	4	1	1
2986681	1	1	1	1	6	1	1
2986682	1	1	1	1	4	1	1
2986683	1	1	1	5	4	2	2
2986684	1	1	1	1	4	1	1
2986685	1	1	1	1	4	1	1
2986686	1	1	1	1	4	1	1
2986687	1	1	1	1	4	1	1
2986688	1	1	1	1	4	1	1
2986689	1	1	1	1	4	1	1
2986690	1	1	1	1	6	1	1
2986691	1	1	1	1	4	2	1
2986694	1	1	1	1	7	1	1
2986695	1	1	1	1	4	1	1
2986696	1	1	1	1	7	1	1
2986697	1	1	1	1	6	1	1
2986698	1	1	1	1	4	1	1
2986699	1	1	1	1	4	1	1
2986701	1	1	1	1	4	1	1
2986702	1	1	1	1	4	1	1
2986703	1	1	1	1	4	1	1
2986704	1	1	1	1	4	1	1
2986705	1	1	1	1	4	1	1
2986706	1	1	3	1	6	2	1
2986707	1	1	1	1	4	1	1
2986708	1	1	3	1	6	2	1
2986709	1	1	1	1	4	1	1
2986710	1	1	1	1	4	1	1
2986711	1	1	3	1	4	2	1
2986712	1	1	1	1	6	1	1
2986714	1	1	1	1	4	1	1
2986715	1	1	1	1	4	1	1
2986716	1	1	1	1	4	1	1
2986717	1	1	1	3	6	1	1
2986718	1	1	1	1	6	1	1
2986719	1	1	1	1	6	1	1
2986720	1	1	1	1	6	2	1
2986722	1	1	1	1	4	1	1
2986723	1	1	1	1	4	1	1
2986724	1	1	1	6	4	1	1
2986725	1	1	1	1	6	1	1
2986726	1	1	1	1	4	1	1
2986727	1	1	1	1	4	1	1
2986728	1	1	1	1	4	1	1
2986729	1	1	1	1	4	1	1
2986730	1	1	1	1	4	1	1
2986731	1	1	1	1	4	1	1
2986732	1	1	1	1	4	1	1
2986733	1	1	3	2	4	2	2
2986734	1	1	3	1	6	2	1
2986735	1	1	3	5	5	2	1
2986736	1	1	1	1	6	1	1
2986737	1	1	1	1	4	1	1
2986738	1	1	1	1	6	1	1
2986739	1	1	1	1	4	2	1
2986740	1	1	1	1	6	1	1
2986741	1	1	1	1	4	1	1
2986742	1	1	1	1	4	1	1
2986743	1	1	3	1	4	2	1
2986744	1	1	1	1	6	1	1
2986745	1	1	1	1	6	1	1
2986746	1	1	1	1	6	1	1
2986749	1	1	1	1	6	1	1
2986750	1	1	1	1	6	1	1
2986751	1	1	1	1	4	1	1
2986752	1	1	3	1	6	2	1
2986753	1	1	1	1	6	1	1
2986754	1	1	2	4	6	1	1
2986755	1	1	1	1	4	1	1
2986756	1	1	1	3	6	1	1
2986757	1	1	1	1	6	1	1
2986758	1	1	1	1	6	1	1
2986759	1	1	3	1	6	2	1
2986760	1	1	1	1	6	1	1
2986762	1	1	1	5	7	1	2
2986763	1	1	1	1	6	1	1
2986764	1	1	1	1	4	1	1
2986765	1	1	1	1	4	1	1
2986766	1	1	1	1	6	1	1
2986767	1	1	1	5	6	1	1
2986768	1	1	1	1	4	1	1
2986769	1	1	1	1	6	1	1
2986770	1	1	1	1	4	2	1
2986771	1	1	1	1	4	1	2
2986772	1	1	1	1	4	1	1
2986773	1	1	2	1	4	1	1
2986774	1	1	1	1	6	1	1
2986775	1	1	1	1	6	1	1
2986776	1	1	1	1	4	1	1
2986777	1	1	3	1	4	2	2
2986778	1	1	2	1	4	1	1
2986779	1	1	1	1	6	2	2
2986780	1	1	1	1	6	1	1
2986781	1	1	1	1	4	1	2
2986783	1	1	1	1	4	1	1
2986784	1	1	1	1	4	1	1
2986785	1	1	1	1	4	1	1
2986786	1	1	1	1	4	1	1
2986787	1	1	1	1	6	1	1
2986788	1	1	1	1	6	1	1
2986789	1	1	1	1	4	1	1
2986790	1	1	1	1	4	1	1
2986791	1	1	1	1	4	1	1
2986792	1	1	1	1	4	1	1
2986793	1	1	2	1	6	1	1
2986794	1	1	1	1	4	1	1
2986795	1	1	1	1	6	1	1
2986796	1	1	1	1	4	1	1
2986797	1	1	1	1	4	1	1
2986798	1	1	1	5	6	2	1
2986799	1	1	1	1	4	1	1
2986800	1	1	1	1	6	2	1
2986801	1	1	1	1	6	2	1
2986802	1	1	1	1	4	1	1
2986803	1	1	1	1	4	1	1
2986804	1	1	1	1	4	1	1
2986805	1	1	1	4	7	1	1
2986806	1	1	1	1	4	1	1
2986807	1	1	1	1	4	1	1
2986808	1	1	1	1	4	1	1
2986809	1	1	1	1	6	1	1
2986810	1	1	1	1	4	1	1
2986811	1	1	1	1	4	1	1
2986812	1	1	1	1	4	1	1
2986813	1	1	1	1	6	1	1
2986814	1	1	1	1	4	1	1
2986815	1	1	1	1	6	1	1
2986817	1	1	1	1	6	2	1
2986818	1	1	1	1	4	2	2
2986819	1	1	1	1	6	1	1
2986820	1	1	1	2	4	1	1
2986821	1	1	1	1	4	1	1
2986822	1	1	1	1	4	1	1
2986823	1	1	1	1	2	1	1
2986824	1	1	1	1	6	1	1
2986825	1	1	1	1	4	1	1
2986826	1	1	1	1	4	1	1
2986827	1	1	1	1	4	1	1
2986828	1	1	1	1	4	1	1
2986829	1	1	1	1	4	1	1
2986830	1	1	1	1	6	1	1
2986831	1	1	1	1	4	1	1
2986832	1	1	1	1	4	1	1
2986833	1	1	3	3	7	2	1
2986834	1	1	3	2	6	2	1
2986836	1	1	3	2	6	2	1
2986837	1	1	1	1	6	2	1
2986838	1	1	1	5	6	1	1
2986839	1	1	1	1	4	1	1
2986840	1	1	1	1	4	1	1
2986841	1	1	3	1	4	2	1
2986842	1	1	3	4	7	2	1
2986843	1	1	2	1	4	2	1
2986844	1	1	1	1	4	1	1
2986845	1	1	1	1	6	1	1
2986846	1	1	1	1	4	1	1
2986847	1	1	1	1	4	1	1
2986848	1	1	1	1	4	1	1
2986849	1	1	3	1	4	2	2
2986850	1	1	1	1	4	1	2
2986851	1	1	1	5	5	1	1
2986852	1	1	1	1	6	1	1
2986853	1	1	1	1	4	1	1
2986854	1	1	1	1	4	1	1
2986855	1	1	1	1	6	1	1
2986856	1	1	1	1	4	1	1
2986857	1	1	1	5	7	1	1
2986858	1	1	1	5	6	2	2
2986860	1	1	1	1	4	1	1
2986861	1	1	1	1	4	1	1
2986862	1	1	1	1	4	1	1
2986863	1	1	1	1	4	1	1
2986864	1	1	2	1	4	1	1
2986865	1	1	3	4	7	2	1
2986866	1	1	1	1	6	1	1
2986867	1	1	1	1	6	1	1
2986868	1	1	1	1	6	1	1
2986869	1	1	1	1	4	1	1
2986870	1	1	1	1	4	1	1
2986871	1	1	1	1	6	1	1
2986872	1	1	2	1	4	1	1
2986873	1	1	1	1	4	1	1
2986874	1	1	1	5	5	2	1
2986875	1	1	1	1	4	1	1
2986876	1	1	1	1	6	2	1
2986877	1	1	2	1	6	1	1
2986878	1	1	1	1	4	1	1
2986879	1	1	1	1	4	1	1
2986880	1	1	1	1	4	1	1
2986881	1	1	1	1	6	1	1
2986882	1	1	1	1	4	1	1
2986883	1	1	1	1	5	1	1
2986884	1	1	1	5	7	2	1
2986885	1	1	3	1	7	2	1
2986886	1	1	2	1	6	1	1
2986887	1	1	1	1	4	1	1
2986888	1	1	1	1	6	2	1
2986889	1	1	2	1	4	1	1
2986890	1	1	1	1	5	1	1
2986891	1	1	3	1	7	2	1
2986892	1	1	1	5	5	2	2
2986893	1	1	3	7	5	2	1
2986894	1	1	1	1	6	2	2
2986895	1	1	1	1	2	1	1
2986896	1	1	1	1	6	2	1
2986897	1	1	3	1	6	2	2
2986898	1	1	1	5	6	1	1
2986899	1	1	1	1	4	1	1
2986900	1	1	3	3	7	2	2
2986901	1	1	1	1	4	1	1
2986902	1	1	3	1	6	2	1
2986903	1	1	1	1	4	1	1
2986904	1	1	1	1	6	1	1
2986905	1	1	2	1	4	2	1
2986906	1	1	3	3	6	2	2
2986907	1	1	1	1	4	1	1
2986908	1	1	1	1	4	1	1
2986909	1	1	1	1	6	2	1
2986910	1	1	1	1	7	2	1
2986911	1	1	1	1	4	2	2
2986912	1	1	1	1	4	1	1
2986913	1	1	1	1	5	1	1
2986914	1	1	1	1	7	2	1
2986915	1	1	3	1	4	2	1
2986916	1	1	3	1	7	2	2
2986917	1	1	1	1	6	1	1
2986918	1	1	1	1	6	1	1
2986919	1	1	1	1	4	1	1
2986920	1	1	1	1	6	2	1
2986921	1	1	2	1	6	1	1
2986922	1	1	3	6	4	2	1
2986923	1	1	1	1	6	1	1
2986924	1	1	1	1	6	1	1
2986925	1	1	3	7	5	2	2
2986926	1	1	1	1	4	1	1
2986927	1	1	1	1	4	1	1
2986928	1	1	3	1	6	2	2
2986930	1	1	1	1	4	1	1
2986931	1	1	3	3	6	2	2
2986932	1	1	1	1	4	1	1
2986933	1	1	1	1	4	1	1
2986934	1	1	1	1	4	1	1
2986935	1	1	1	1	6	1	1
2986936	1	1	2	1	4	1	1
2986937	1	1	1	1	4	1	1
2986938	1	1	2	1	6	1	1
2986939	1	1	1	1	4	1	1
2986940	1	1	3	2	6	2	1
2986941	1	1	3	4	7	2	1
2986942	1	1	3	3	6	2	2
2986943	1	1	1	3	6	1	1
2986944	1	1	3	4	7	2	1
2986945	1	1	3	1	4	2	2
2986946	1	1	1	8	4	1	1
2986947	1	1	2	1	6	1	1
2986948	1	1	1	1	4	1	1
2986949	1	1	3	7	7	2	1
2986950	1	1	2	1	4	1	1
2986951	1	1	1	1	6	1	1
2986952	1	1	1	1	4	1	1
2986953	1	1	1	1	4	1	1
2986954	1	1	1	1	4	1	1
2986955	1	1	3	2	6	2	1
2986956	1	1	3	4	7	2	2
2986957	1	1	1	1	4	1	1
2986958	1	1	3	1	4	2	1
2986959	1	1	1	1	4	1	1
2986960	1	1	1	1	4	1	1
2986961	1	1	1	1	6	1	1
2986962	1	1	1	1	6	1	1
2986963	1	1	1	1	4	1	1
2986964	1	1	1	1	4	1	1
2986965	1	1	3	4	6	2	2
2986966	1	1	3	1	6	2	2
2986968	1	1	1	1	6	1	1
2986969	1	1	1	1	4	1	1
2986970	1	1	1	1	4	1	1
2986971	1	1	3	1	6	2	1
2986972	1	1	1	1	7	2	1
2986973	1	1	1	2	4	1	1
2986974	1	1	1	1	6	2	1
2986975	1	1	1	1	4	1	1
2986976	1	1	3	3	7	2	2
2986977	1	1	1	1	4	1	1
2986978	1	1	1	5	7	2	1
2986979	1	1	1	1	6	1	1
2986980	1	1	3	1	6	2	1
2986981	1	1	1	1	4	1	1
2986982	1	1	1	1	4	1	1
2986983	1	1	1	7	6	2	2
2986984	1	1	1	1	7	2	1
2986985	1	1	1	1	4	1	1
2986986	1	1	2	1	6	2	1
2986987	1	1	1	1	7	2	1
2986988	1	1	1	1	6	1	1
2986989	1	1	1	1	6	1	1
2986990	1	1	1	1	4	1	1
2986991	1	1	1	6	4	1	1
2986992	1	1	2	1	4	1	1
2986993	1	1	1	1	4	1	1
2986994	1	1	1	1	4	1	1
2986995	1	1	1	1	6	1	1
2986996	1	1	1	1	4	1	1
2986997	1	1	1	1	4	1	1
2986999	1	1	1	1	4	1	2
2987000	1	1	3	1	6	2	1
2987001	1	1	1	1	4	1	1
2987003	1	1	1	1	4	1	1
2987004	1	1	1	1	4	1	1
2987005	1	1	1	1	6	1	1
2987006	1	1	1	1	5	1	1
2987007	1	1	1	1	6	1	1
2987008	1	1	1	1	4	1	1
2987009	1	1	1	1	4	1	1
2987010	1	1	1	1	6	1	1
2987011	1	1	2	1	4	1	1
2987012	1	1	1	1	4	1	1
2987013	1	1	1	1	6	1	1
2987014	1	1	1	1	4	2	2
2987015	1	1	2	1	4	1	1
2987016	1	1	1	1	4	1	1
2987017	1	1	1	1	4	1	1
2987018	1	1	1	1	4	1	1
2987019	1	1	1	1	6	1	1
2987020	1	1	1	1	4	1	1
2987021	1	1	1	1	4	1	1
2987022	1	1	1	1	4	1	1
2987023	1	1	1	1	6	1	1
2987024	1	1	2	1	6	2	1
2987025	1	1	2	1	6	2	1
2987026	1	1	2	1	6	2	1
2987027	1	1	1	1	6	1	1
2987028	1	1	2	1	6	1	1
2987030	1	1	2	1	6	2	1
2987031	1	1	1	1	6	1	1
2987032	1	1	3	5	6	2	1
2987033	1	1	2	1	6	2	1
2987034	1	1	3	1	4	2	1
2987035	1	1	1	1	6	1	1
2987036	1	1	1	1	6	1	1
2987037	1	1	1	1	6	1	1
2987038	1	1	1	1	4	1	1
2987039	1	1	3	3	7	2	2
2987040	1	1	2	1	4	1	1
2987041	1	1	1	1	4	1	1
2987042	1	1	2	1	6	1	1
2987043	1	1	1	1	6	1	1
2987044	1	1	2	1	6	1	1
2987045	1	1	3	1	6	2	1
2987046	1	1	3	1	6	2	2
2987048	1	1	1	1	4	1	1
2987049	1	1	1	1	6	1	1
2987050	1	1	1	5	6	1	1
2987051	1	1	2	1	4	2	2
2987052	1	1	1	1	4	1	1
2987053	1	1	1	1	6	1	1
2987054	1	1	1	1	4	1	1
2987055	1	1	3	5	5	2	1
2987056	1	1	3	1	4	2	2
2987057	1	1	1	1	6	1	1
2987058	1	1	1	1	4	1	1
2987059	1	1	1	2	6	1	1
2987060	1	1	1	1	4	1	1
2987061	1	1	1	1	4	1	1
2987062	1	1	1	1	6	2	1
2987063	1	1	2	1	4	2	1
2987064	1	1	3	5	6	2	1
2987065	1	1	1	1	6	1	1
2987066	1	1	1	1	6	1	1
2987067	1	1	2	1	6	2	1
2987068	1	1	3	3	6	2	2
2987069	1	1	2	1	6	1	1
2987070	1	1	1	1	4	1	1
2987071	1	1	2	1	4	1	1
2987072	1	1	1	1	4	1	1
2987073	1	1	1	1	4	1	1
2987074	1	1	3	1	4	2	2
2987075	1	1	3	5	6	2	1
2987076	1	1	1	1	6	1	1
2987077	1	1	1	1	4	1	2
2987078	1	1	1	1	6	2	1
2987079	1	1	1	1	4	1	1
2987080	1	1	1	1	6	1	2
2987081	1	1	2	1	4	1	1
2987082	1	1	1	1	5	1	1
2987083	1	1	1	1	6	1	1
2987084	1	1	2	1	4	1	1
2987086	1	1	2	5	6	2	1
2987087	1	1	1	1	4	1	1
2987088	1	1	1	1	4	1	1
2987089	1	1	1	1	6	2	1
2987090	1	1	1	1	4	1	1
2987091	1	1	1	1	4	1	1
2987092	1	1	1	1	6	1	1
2987093	1	1	1	1	4	1	1
2987094	1	1	3	5	7	2	1
2987095	1	1	2	1	6	2	1
2987096	1	1	1	1	4	2	2
2987097	1	1	2	1	6	1	1
2987098	1	1	2	1	5	1	1
2987099	1	1	1	1	6	2	1
2987101	1	1	1	1	4	1	1
2987102	1	1	1	1	4	1	1
2987103	1	1	1	1	4	2	1
2987104	1	1	1	1	6	2	1
2987105	1	1	1	1	4	2	2
2987106	1	1	1	1	4	1	1
2987107	1	1	2	1	6	1	1
2987109	1	1	1	1	4	1	1
2987110	1	1	1	1	6	2	2
2987111	1	1	1	1	4	1	1
2987112	1	1	3	5	6	2	1
2987113	1	1	1	1	4	1	1
2987114	1	1	1	1	7	2	2
2987115	1	1	1	1	4	1	1
2987116	1	1	2	1	6	1	1
2987117	1	1	3	5	6	2	1
2987118	1	1	3	2	4	2	1
2987120	1	1	1	1	4	1	1
2987121	1	1	1	1	6	1	1
2987122	1	1	1	1	6	2	2
2987123	1	1	1	1	6	2	2
2987124	1	1	1	1	4	2	1
2987125	1	1	1	1	4	1	1
2987126	1	1	1	1	6	1	1
2987127	1	1	3	1	6	2	1
2987128	1	1	1	1	4	1	1
2987129	1	1	2	1	4	1	1
2987130	1	1	1	1	4	1	1
2987131	1	1	1	1	6	2	1
2987132	1	1	1	1	6	2	2
2987133	1	1	3	1	4	2	1
2987134	1	1	2	1	6	1	1
2987135	1	1	3	5	6	2	1
2987136	1	1	1	1	6	2	1
2987137	1	1	1	1	4	1	1
2987138	1	1	1	1	6	2	1
2987139	1	1	1	1	6	2	2
2987140	1	1	1	1	6	1	1
2987141	1	1	1	1	6	2	2
2987142	1	1	1	1	6	1	1
2987143	1	1	1	1	4	1	1
2987144	1	1	3	1	6	2	1
2987145	1	1	1	1	4	1	1
2987146	1	1	1	1	4	1	1
2987147	1	1	1	1	4	1	1
2987148	1	1	1	1	4	1	1
2987149	1	1	1	1	4	2	2
2987150	1	1	1	1	4	1	1
2987151	1	1	1	1	6	2	1
2987152	1	1	1	1	6	1	1
2987153	1	1	1	1	4	1	1
2987154	1	1	1	1	4	1	1
2987156	1	1	3	1	6	2	1
2987157	1	1	3	1	6	2	2
2987158	1	1	1	1	6	1	1
2987159	1	1	3	4	7	2	2
2987160	1	1	3	5	6	2	2
2987161	1	1	3	5	7	2	2
2987162	1	1	1	1	4	1	1
2987163	1	1	2	1	4	1	1
2987164	1	1	1	1	4	1	1
2987165	1	1	1	1	4	2	2
2987166	1	1	1	1	4	1	1
2987168	1	1	1	1	4	1	1
2987169	1	1	1	1	4	2	2
2987170	1	1	1	1	5	2	1
2987171	1	1	2	1	6	2	1
2987172	1	1	1	1	4	1	1
2987173	1	1	1	1	4	1	1
2987174	1	1	3	1	6	2	1
2987175	1	1	1	1	4	1	1
2987176	1	1	1	1	4	1	1
2987177	1	1	2	1	6	2	1
2987178	1	1	1	1	4	1	1
2987179	1	1	1	1	4	1	1
2987180	1	1	1	1	4	2	2
2987181	1	1	1	1	4	1	1
2987182	1	1	1	1	4	1	1
2987184	1	1	1	1	4	1	1
2987185	1	1	3	1	6	2	1
2987186	1	1	1	1	4	1	1
2987187	1	1	3	3	6	2	1
2987188	1	1	1	1	4	1	1
2987189	1	1	1	1	4	1	1
2987190	1	1	3	1	6	2	1
2987191	1	1	2	1	6	2	2
2987192	1	1	1	1	6	2	1
2987193	1	1	1	1	6	1	1
2987194	1	1	2	5	6	2	2
2987195	1	1	2	1	4	2	2
2987196	1	1	1	7	7	1	1
2987198	1	1	2	1	6	1	1
2987199	1	1	1	1	4	2	1
2987201	1	1	1	1	6	2	1
2987202	1	1	3	1	4	2	2
2987203	1	1	1	1	4	1	1
2987204	1	1	1	1	4	1	2
2987205	1	1	1	1	4	1	1
2987206	1	1	2	1	6	1	1
2987207	1	1	1	5	4	1	1
2987208	1	1	1	1	6	2	2
2987209	1	1	3	1	5	2	1
2987211	1	1	3	1	6	1	1
2987212	1	1	1	1	4	1	1
2987213	1	1	1	1	4	1	1
2987214	1	1	1	1	4	1	1
2987215	1	1	1	1	2	1	1
2987216	1	1	3	3	7	2	1
2987217	1	1	1	1	4	1	2
2987218	1	1	1	1	4	1	1
2987219	1	1	1	1	6	2	1
2987220	1	1	2	1	4	1	1
2987221	1	1	1	1	5	2	1
2987222	1	1	2	1	4	1	1
2987223	1	1	1	1	4	1	1
2987224	1	1	1	1	4	1	1
2987225	1	1	1	1	6	1	1
2987226	1	1	1	1	6	2	1
2987227	1	1	1	5	6	2	1
2987228	1	1	1	1	7	1	1
2987230	1	1	1	1	4	2	2
2987231	1	1	1	1	4	1	1
2987232	1	1	3	4	7	2	1
2987233	1	1	1	1	4	1	1
2987234	1	1	1	5	4	1	1
2987235	1	1	1	1	4	1	1
2987236	1	1	2	1	4	1	1
2987237	1	1	1	1	4	1	1
2987238	1	1	1	1	4	1	1
2987239	1	1	1	1	6	2	2
2987240	1	1	1	1	6	1	1
2987241	1	1	1	1	4	1	2
2987242	1	1	1	5	6	2	1
2987243	1	1	1	1	4	1	1
2987244	1	1	1	1	2	1	1
2987245	1	1	1	1	4	1	1
2987246	1	1	1	1	4	1	1
2987247	1	1	1	1	4	1	1
2987248	1	1	1	1	6	1	1
2987249	1	1	3	3	7	2	2
2987251	1	1	1	1	4	1	1
2987252	1	1	1	1	4	1	1
2987254	1	1	3	4	7	2	2
2987255	1	1	2	1	6	2	1
2987256	1	1	3	5	6	2	2
2987257	1	1	1	1	4	1	1
2987258	1	1	3	5	6	2	2
2987259	1	1	2	1	7	2	2
2987260	1	1	3	5	6	2	2
2987261	1	1	3	3	6	2	1
2987262	1	1	1	1	4	1	1
2987263	1	1	2	1	6	2	1
2987264	1	1	3	1	6	2	1
2987265	1	1	3	1	6	2	1
2987266	1	1	3	2	6	2	1
2987267	1	1	3	3	7	2	2
2987268	1	1	1	1	4	1	1
2987269	1	1	3	1	7	2	1
2987270	1	1	1	1	4	1	1
2987271	1	1	1	1	4	1	1
2987272	1	1	3	1	6	2	1
2987273	1	1	1	1	7	2	2
2987274	1	1	1	1	6	1	1
2987275	1	1	1	1	4	2	2
2987276	1	1	2	1	6	2	1
2987277	1	1	3	1	6	2	1
2987278	1	1	1	1	4	1	1
2987279	1	1	1	1	4	1	1
2987280	1	1	1	1	4	1	1
2987281	1	1	1	1	4	1	1
2987282	1	1	2	5	6	2	1
2987283	1	1	3	1	6	2	1
2987284	1	1	2	1	7	2	1
2987285	1	1	2	1	6	1	1
2987286	1	1	1	1	4	1	1
2987287	1	1	3	3	6	2	1
2987288	1	1	1	1	6	1	1
2987289	1	1	2	1	6	2	1
2987290	1	1	2	1	6	2	1
2987291	1	1	2	1	6	2	1
2987292	1	1	1	1	4	1	1
2987293	1	1	3	5	6	2	2
2987294	1	1	2	1	4	2	1
2987295	1	1	3	5	6	2	2
2987296	1	1	3	1	7	2	2
2987297	1	1	2	5	6	1	1
2987298	1	1	3	1	6	2	2
2987299	1	1	2	1	4	2	1
2987300	1	1	3	1	4	2	1
2987301	1	1	1	1	4	1	1
2987302	1	1	3	1	6	2	1
2987303	1	1	3	5	6	2	2
2987304	1	1	3	1	6	2	1
2987305	1	1	3	1	6	2	1
2987306	1	1	1	1	4	1	1
2987307	1	1	1	1	4	1	1
2987308	1	1	3	1	6	2	1
2987309	1	1	3	1	4	2	1
2987310	1	1	1	1	4	1	1
2987311	1	1	2	5	6	2	1
2987312	1	1	2	1	4	1	1
2987313	1	1	1	1	6	1	1
2987314	1	1	3	2	6	2	1
2987315	1	1	1	1	6	1	1
2987317	1	1	2	1	6	2	1
2987318	1	1	3	2	6	2	1
2987319	1	1	1	1	5	1	1
2987320	1	1	2	1	6	2	1
2987321	1	1	2	5	6	1	1
2987322	1	1	2	1	6	2	1
2987323	1	1	2	1	4	1	1
2987324	1	1	1	1	4	1	1
2987326	1	1	1	1	4	1	1
2987327	1	1	2	1	6	2	1
2987328	1	1	2	5	6	2	2
2987329	1	1	2	1	6	2	1
2987330	1	1	2	1	6	2	1
2987331	1	1	1	1	4	1	1
2987332	1	1	2	1	4	1	1
2987333	1	1	3	1	6	2	1
2987334	1	1	2	5	7	2	1
2987335	1	1	1	1	4	1	1
2987336	1	1	2	1	4	1	1
2987337	1	1	1	1	4	2	2
2987338	1	1	2	1	4	1	1
2987339	1	1	3	1	6	2	1
2987340	1	1	2	1	6	2	2
2987341	1	1	2	5	6	2	1
2987342	1	1	1	1	6	1	1
2987343	1	1	2	1	6	2	2
2987344	1	1	2	5	6	2	1
2987345	1	1	2	1	7	1	1
2987346	1	1	3	1	6	2	2
2987347	1	1	2	3	4	1	1
2987348	1	1	3	5	5	2	2
2987349	1	1	2	1	4	1	1
2987350	1	1	2	5	6	2	1
2987351	1	1	3	1	6	2	1
2987352	1	1	3	1	6	2	2
2987353	1	1	3	1	6	2	1
2987354	1	1	2	1	6	2	2
2987355	1	1	1	1	6	1	1
2987356	1	1	3	1	6	2	1
2987357	1	1	2	6	6	1	1
2987358	1	1	3	1	4	2	1
2987359	1	1	3	3	6	2	1
2987360	1	1	3	4	7	2	2
2987362	1	1	1	1	4	1	1
2987363	1	1	1	1	4	1	1
2987364	1	1	1	1	6	1	1
2987365	1	1	1	1	4	1	1
2987366	1	1	1	1	4	1	1
2987367	1	1	2	5	6	2	1
2987368	1	1	2	1	4	2	2
2987369	1	1	1	1	6	1	1
2987370	1	1	1	1	4	1	1
2987371	1	1	2	1	6	2	2
2987372	1	1	3	1	6	2	1
2987374	1	1	3	1	6	2	1
2987375	1	1	3	5	6	2	2
2987377	1	1	2	1	6	2	2
2987378	1	1	1	1	4	1	1
2987379	1	1	3	4	7	2	2
2987381	1	1	3	1	6	2	1
2987382	1	1	1	1	4	1	1
2987383	1	1	3	5	7	2	2
2987384	1	1	3	4	7	2	2
2987385	1	1	2	1	6	2	1
2987386	1	1	1	1	4	1	1
2987387	1	1	1	1	4	1	1
2987388	1	1	2	1	4	1	1
2987389	1	1	2	1	6	2	2
2987390	1	1	2	3	5	2	1
2987391	1	1	3	1	6	2	1
2987392	1	1	1	1	4	1	1
2987393	1	1	3	1	4	1	1
2987394	1	1	1	1	6	1	1
2987395	1	1	1	1	4	1	1
2987396	1	1	1	1	4	1	1
2987397	1	1	1	1	6	1	1
2987398	1	1	1	1	4	1	1
2987400	1	1	1	1	4	1	1
2987401	1	1	3	4	7	2	2
2987402	1	1	1	1	4	1	1
2987403	1	1	3	1	6	2	1
2987404	1	1	1	1	4	1	1
2987405	1	1	2	1	6	1	1
2987406	1	1	1	1	4	1	1
2987407	1	1	3	4	7	2	2
2987408	1	1	3	1	4	2	2
2987409	1	1	1	1	4	1	1
2987410	1	1	1	1	6	2	2
2987411	1	1	1	1	2	1	1
2987412	1	1	1	1	4	1	1
2987413	1	1	1	1	4	1	1
2987414	1	1	1	1	4	1	1
2987415	1	1	1	1	6	1	1
2987416	1	1	1	1	4	2	2
2987417	1	1	1	1	4	1	1
2987419	1	1	2	1	4	1	1
2987420	1	1	1	1	6	1	1
2987422	1	1	1	1	4	1	1
2987423	1	1	1	1	4	1	1
2987424	1	1	1	1	4	1	1
2987425	1	1	1	1	4	1	1
2987426	1	1	1	1	4	1	1
2987428	1	1	1	1	6	1	1
2987429	1	1	1	1	4	1	1
2987430	1	1	1	1	6	1	1
2987431	1	1	3	1	4	2	2
2987432	1	1	1	1	6	1	1
2987433	1	1	1	1	4	1	1
2987434	1	1	1	1	4	1	1
2987435	1	1	1	1	4	1	1
2987436	1	1	1	1	4	2	2
2987437	1	1	1	1	4	2	2
2987438	1	1	1	1	4	1	1
2987439	1	1	1	1	4	1	1
2987440	1	1	1	1	4	1	1
2987441	1	1	1	1	4	1	1
2987442	1	1	1	1	4	1	1
2987443	1	1	1	1	4	2	2
2987444	1	1	1	1	4	1	1
2987445	1	1	1	1	4	1	1
2987446	1	1	1	1	6	1	1
2987447	1	1	1	1	6	2	2
2987448	1	1	1	1	4	2	2
2987449	1	1	1	1	6	1	1
2987450	1	1	1	1	4	1	1
2987451	1	1	1	1	4	1	1
2987452	1	1	1	1	3	1	1
2987453	1	1	1	1	6	1	1
2987454	1	1	1	1	6	1	1
2987455	1	1	1	1	4	1	1
2987456	1	1	1	1	4	2	2
2987457	1	1	1	1	4	1	1
2987458	1	1	1	1	4	1	1
2987459	1	1	1	1	6	1	1
2987460	1	1	1	1	6	1	1
2987461	1	1	1	1	4	1	1
2987462	1	1	3	2	6	2	1
2987463	1	1	3	1	6	2	1
2987464	1	1	3	1	6	2	1
2987465	1	1	3	1	6	2	1
2987466	1	1	1	1	4	2	2
2987467	1	1	3	5	6	2	2
2987468	1	1	3	1	6	2	2
2987469	1	1	3	1	6	2	2
2987470	1	1	3	4	7	2	2
2987471	1	1	1	1	6	1	1
2987473	1	1	3	1	6	2	1
2987474	1	1	3	3	7	2	1
2987475	1	1	1	1	4	1	1
2987476	1	1	3	3	7	2	2
2987477	1	1	2	1	6	1	1
2987478	1	1	3	5	7	2	2
2987480	1	1	3	1	6	2	2
2987481	1	1	3	1	6	2	2
2987482	1	1	2	1	4	1	1
2987483	1	1	3	1	6	2	2
2987484	1	1	1	1	6	1	1
2987485	1	1	2	1	6	2	1
2987486	1	1	1	1	6	1	1
2987487	1	1	1	1	6	1	1
2987488	1	1	2	5	7	2	1
2987489	1	1	3	1	6	2	2
2987490	1	1	3	1	4	2	1
2987491	1	1	3	1	6	2	1
2987492	1	1	1	1	6	1	1
2987493	1	1	2	5	7	2	1
2987494	1	1	1	1	4	1	1
2987495	1	1	3	1	6	2	2
2987496	1	1	3	3	7	2	1
2987497	1	1	3	1	6	2	1
2987498	1	1	1	1	6	1	1
2987499	1	1	3	5	5	2	1
2987500	1	1	3	4	7	2	2
2987501	1	1	1	1	6	1	1
2987502	1	1	1	1	4	1	1
2987503	1	1	1	1	4	1	1
2987504	1	1	1	1	4	1	1
2987505	1	1	1	1	4	1	1
2987506	1	1	1	1	6	1	1
2987507	1	1	3	7	6	2	2
2987508	1	1	1	1	6	2	1
2987509	1	1	2	1	6	1	1
2987510	1	1	3	4	2	2	1
2987511	1	1	1	1	4	1	1
2987512	1	1	1	1	4	1	1
2987513	1	1	3	5	6	2	2
2987514	1	1	1	1	6	1	1
2987516	1	1	1	1	4	1	1
2987517	1	1	3	3	7	2	2
2987518	1	1	3	1	6	2	1
2987520	1	1	3	1	6	2	1
2987521	1	1	1	1	6	1	1
2987522	1	1	2	1	6	2	1
2987523	1	1	1	1	6	1	1
2987524	1	1	3	1	5	2	1
2987525	1	1	1	4	7	1	2
2987526	1	1	3	1	4	2	2
2987527	1	1	3	1	6	2	2
2987528	1	1	1	1	4	1	1
2987529	1	1	1	1	4	1	1
2987530	1	1	1	2	6	1	1
2987532	1	1	1	1	4	1	1
2987534	1	1	1	1	4	1	1
2987535	1	1	1	2	4	1	1
2987536	1	1	1	1	4	1	1
2987537	1	1	2	5	7	2	1
2987538	1	1	1	1	6	1	1
2987540	1	1	1	1	6	1	1
2987541	1	1	1	1	6	1	1
2987542	1	1	1	1	6	1	1
2987543	1	1	2	1	6	2	1
2987544	1	1	3	1	4	2	2
2987545	1	1	3	1	6	2	1
2987546	1	1	1	1	4	1	1
2987547	1	1	3	5	6	2	2
2987549	1	1	1	1	6	1	1
2987550	1	1	2	5	7	2	1
2987552	1	1	3	5	6	2	1
2987553	1	1	3	1	6	2	2
2987554	1	1	2	1	6	2	2
2987555	1	1	3	3	7	2	2
2987556	1	1	3	5	7	2	1
2987557	1	1	1	1	4	1	1
2987558	1	1	3	1	4	2	1
2987559	1	1	3	5	6	2	1
2987560	1	1	3	1	6	2	1
2987561	1	1	3	5	6	2	2
2987562	1	1	1	1	6	1	1
2987563	1	1	1	1	4	1	1
2987564	1	1	1	1	4	1	1
2987565	1	1	1	1	6	1	1
2987566	1	1	2	5	7	2	1
2987567	1	1	3	5	7	2	2
2987568	1	1	3	3	4	2	2
2987569	1	1	3	4	7	2	1
2987570	1	1	1	1	4	1	1
2987571	1	1	1	1	4	1	1
2987572	1	1	3	1	6	2	2
2987573	1	1	3	5	7	2	2
2987574	1	1	1	1	6	1	1
2987575	1	1	1	1	4	1	1
2987576	1	1	1	1	4	2	2
2987577	1	1	3	1	6	2	1
2987578	1	1	3	1	6	2	2
2987579	1	1	1	1	4	1	1
2987580	1	1	1	1	4	1	1
2987581	1	1	1	1	4	1	1
2987582	1	1	1	1	4	1	1
2987583	1	1	1	1	6	1	1
2987584	1	1	1	1	6	1	1
2987585	1	1	3	1	4	2	2
2987587	1	1	3	1	6	2	2
2987588	1	1	1	1	4	1	1
2987590	1	1	3	1	6	2	1
2987591	1	1	1	1	4	1	1
2987593	1	1	1	2	6	1	1
2987594	1	1	1	1	4	1	1
2987595	1	1	1	7	7	2	1
2987596	1	1	1	1	6	1	1
2987597	1	1	1	7	7	1	1
2987598	1	1	1	1	6	1	1
2987599	1	1	2	1	4	1	1
2987600	1	1	1	1	4	1	1
2987601	1	1	1	5	7	2	1
2987603	1	1	1	1	6	1	1
2987604	1	1	1	1	7	1	1
2987605	1	1	1	1	4	1	1
2987606	1	1	1	1	6	1	1
2987607	1	1	1	1	6	1	1
2987608	1	1	2	1	6	1	1
2987609	1	1	1	1	4	1	1
2987610	1	1	1	1	6	1	1
2987611	1	1	2	1	4	2	1
2987612	1	1	1	1	4	1	1
2987613	1	1	1	1	6	1	1
2987614	1	1	1	1	4	1	1
2987615	1	1	3	3	7	2	2
2987616	1	1	1	1	4	1	1
2987617	1	1	3	4	7	2	2
2987618	1	1	2	1	6	2	1
2987619	1	1	3	1	4	2	1
2987622	1	1	2	1	6	1	1
2987623	1	1	2	4	6	1	1
2987624	1	1	1	1	4	1	1
2987625	1	1	1	1	4	1	1
2987626	1	1	1	1	4	1	1
2987627	1	1	2	1	6	2	1
2987628	1	1	1	1	4	1	1
2987629	1	1	1	1	6	2	1
2987630	1	1	1	1	4	1	1
2987631	1	1	1	1	4	1	1
2987633	1	1	1	1	6	2	1
2987634	1	1	1	1	4	1	1
2987635	1	1	1	1	4	2	2
2987637	1	1	1	1	4	1	1
2987639	1	1	1	1	4	2	2
2987640	1	1	3	4	7	2	2
2987641	1	1	3	3	6	2	1
2987642	1	1	1	1	4	1	1
2987643	1	1	3	1	6	2	2
2987644	1	1	1	1	6	2	1
2987645	1	1	3	5	6	2	2
2987646	1	1	1	1	4	1	1
2987647	1	1	3	3	7	2	1
2987648	1	1	3	5	6	2	2
2987649	1	1	3	1	6	2	2
2987650	1	1	1	1	4	1	1
2987651	1	1	3	5	6	2	2
2987653	1	1	1	1	4	1	1
2987654	1	1	3	5	6	2	2
2987655	1	1	3	1	7	2	1
2987656	1	1	1	1	6	1	1
2987657	1	1	1	1	4	1	1
2987658	1	1	1	1	4	1	1
2987659	1	1	1	1	4	1	1
2987660	1	1	1	1	6	2	2
2987661	1	1	3	3	2	2	1
2987662	1	1	3	1	6	1	1
2987663	1	1	1	1	6	2	1
2987664	1	1	1	1	4	1	1
2987665	1	1	1	1	4	1	1
2987666	1	1	3	1	7	1	1
2987667	1	1	3	4	6	1	1
2987668	1	1	1	1	4	2	1
2987669	1	1	3	5	6	2	2
2987670	1	1	3	1	4	2	2
2987671	1	1	1	1	4	1	1
2987672	1	1	1	1	4	1	1
2987673	1	1	3	3	6	2	1
2987674	1	1	1	1	4	1	1
2987675	1	1	1	1	4	1	1
2987677	1	1	3	1	4	1	1
2987678	1	1	3	1	6	2	1
2987679	1	1	3	5	6	2	2
2987681	1	1	3	1	6	2	2
2987682	1	1	3	1	6	2	1
2987683	1	1	3	1	6	2	1
2987684	1	1	1	1	4	1	1
2987685	1	1	3	1	6	2	2
2987686	1	1	1	1	4	1	1
2987687	1	1	3	5	7	2	2
2987688	1	1	3	4	6	2	1
2987689	1	1	3	5	6	2	2
2987690	1	1	3	1	3	1	1
2987691	1	1	3	1	6	2	1
2987692	1	1	3	2	6	2	1
2987693	1	1	3	1	4	2	1
2987694	1	1	1	1	4	1	1
2987695	1	1	3	1	4	2	1
2987696	1	1	1	1	6	1	1
2987698	1	1	3	3	6	2	1
2987700	1	1	1	1	4	1	1
2987701	1	1	1	1	4	1	1
2987702	1	1	3	5	6	2	2
2987703	1	1	3	5	7	2	2
2987704	1	1	1	1	4	2	2
2987705	1	1	3	1	6	2	1
2987706	1	1	3	1	6	2	2
2987707	1	1	3	1	4	2	1
2987708	1	1	3	3	6	2	1
2987709	1	1	3	1	6	2	1
2987710	1	1	1	1	4	1	1
2987711	1	1	3	1	6	2	1
2987712	1	1	1	1	4	1	1
2987713	1	1	1	1	6	2	2
2987714	1	1	3	1	6	2	1
2987715	1	1	1	1	4	1	1
2987716	1	1	1	1	4	1	1
2987717	1	1	1	1	4	1	1
2987718	1	1	3	5	6	2	2
2987719	1	1	1	1	4	1	2
2987720	1	1	1	1	4	1	1
2987721	1	1	1	1	6	1	1
2987722	1	1	1	1	4	1	1
2987723	1	1	3	4	6	2	1
2987724	1	1	2	5	6	2	1
2987726	1	1	1	1	4	1	1
2987727	1	1	3	1	6	2	1
2987728	1	1	1	1	4	1	1
2987729	1	1	3	1	6	2	1
2987730	1	1	1	1	4	1	1
2987731	1	1	1	1	6	1	1
2987732	1	1	3	1	6	2	1
2987733	1	1	1	1	6	1	1
2987734	1	1	1	1	6	1	1
2987735	1	1	3	1	6	2	1
2987737	1	1	1	1	4	1	1
2987738	1	1	3	1	6	2	1
2987739	1	1	1	1	4	1	1
2987740	1	1	1	1	4	1	1
2987741	1	1	1	1	4	1	1
2987742	1	1	1	1	4	1	1
2987743	1	1	3	1	4	2	1
2987744	1	1	3	1	7	2	1
2987745	1	1	1	1	4	1	1
2987746	1	1	1	1	4	1	1
2987747	1	1	1	3	6	1	1
2987748	1	1	1	1	4	1	1
2987749	1	1	1	1	4	1	1
2987750	1	1	3	4	7	2	1
2987751	1	1	2	1	4	1	1
2987752	1	1	1	1	4	1	1
2987753	1	1	1	1	4	1	1
2987754	1	1	1	1	6	1	1
2987755	1	1	3	3	7	2	1
2987756	1	1	3	4	6	2	1
2987757	1	1	1	1	6	1	1
2987758	1	1	1	1	6	1	1
2987759	1	1	1	7	5	2	1
2987760	1	1	3	5	7	2	2
2987761	1	1	1	1	4	2	2
2987762	1	1	3	1	6	2	1
2987763	1	1	3	3	6	2	1
2987764	1	1	3	4	7	2	2
2987765	1	1	1	1	4	1	1
2987766	1	1	1	1	4	1	1
2987767	1	1	1	1	4	1	1
2987768	1	1	3	3	6	2	1
2987769	1	1	1	4	6	1	1
2987770	1	1	1	1	4	1	1
2987771	1	1	3	4	7	2	1
2987772	1	1	3	3	7	2	1
2987773	1	1	1	1	4	1	1
2987774	1	1	1	1	6	2	1
2987775	1	1	1	1	4	1	1
2987776	1	1	1	1	4	1	1
2987777	1	1	1	1	4	1	1
2987778	1	1	3	3	7	2	1
2987779	1	1	1	1	4	1	1
2987780	1	1	3	6	6	2	1
2987781	1	1	3	1	6	2	1
2987783	1	1	3	1	6	2	1
2987784	1	1	3	1	7	2	1
2987785	1	1	3	1	6	2	1
2987786	1	1	3	3	6	2	1
2987787	1	1	3	3	6	2	1
2987788	1	1	1	1	4	1	1
2987789	1	1	1	1	7	1	1
2987790	1	1	1	1	6	1	1
2987792	1	1	1	1	4	1	1
2987793	1	1	1	1	4	1	1
2987795	1	1	3	3	6	2	1
2987796	1	1	1	3	6	2	1
2987797	1	1	1	1	4	1	1
2987798	1	1	1	1	4	1	1
2987799	1	1	1	1	4	1	1
2987800	1	1	3	1	6	2	1
2987801	1	1	3	1	6	2	1
2987802	1	1	3	1	6	2	1
2987803	1	1	3	1	6	2	1
2987804	1	1	3	1	5	2	1
2987805	1	1	3	1	6	2	1
2987806	1	1	1	1	4	1	2
2987807	1	1	3	1	6	2	2
2987808	1	1	3	5	5	2	2
2987809	1	1	1	1	4	1	1
2987810	1	1	1	1	6	1	1
2987811	1	1	2	2	4	2	1
2987812	1	1	1	1	4	1	1
2987813	1	1	3	1	6	2	1
2987814	1	1	2	1	4	2	2
2987815	1	1	1	1	6	1	1
2987816	1	1	2	1	4	2	1
2987817	1	1	2	1	6	2	1
2987818	1	1	1	1	6	1	1
2987819	1	1	1	1	6	1	1
2987820	1	1	1	1	6	1	1
2987821	1	1	2	1	4	2	2
2987822	1	1	2	1	6	2	2
2987823	1	1	3	3	6	2	1
2987824	1	1	3	5	6	2	2
2987825	1	1	1	1	4	1	1
2987826	1	1	1	1	4	1	1
2987827	1	1	3	1	5	2	2
2987828	1	1	1	1	4	1	1
2987829	1	1	1	1	4	1	1
2987830	1	1	3	2	6	2	2
2987831	1	1	2	1	6	1	2
2987832	1	1	1	1	4	1	1
2987833	1	1	3	1	6	1	2
2987834	1	1	3	5	5	2	2
2987835	1	1	3	1	6	2	1
2987836	1	1	2	1	6	1	1
2987837	1	1	3	5	6	2	2
2987838	1	1	1	1	4	2	1
2987839	1	1	1	1	4	1	1
2987840	1	1	1	1	4	1	1
2987841	1	1	1	1	4	1	1
2987842	1	1	1	1	4	1	1
2987843	1	1	1	1	4	1	1
2987844	1	1	1	1	4	1	1
2987845	1	1	1	1	6	1	1
2987846	1	1	1	1	4	1	1
2987847	1	1	1	1	4	1	1
2987848	1	1	1	1	4	1	1
2987849	1	1	1	1	4	1	1
2987850	1	1	1	1	4	1	1
2987851	1	1	3	1	6	2	1
2987852	1	1	3	1	4	2	1
2987853	1	1	2	1	4	1	1
2987854	1	1	1	1	4	1	1
2987855	1	1	1	1	4	1	1
2987856	1	1	1	1	4	1	1
2987857	1	1	3	2	6	2	2
2987858	1	1	3	1	6	1	1
2987860	1	1	1	1	6	1	1
2987861	1	1	3	5	5	2	2
2987862	1	1	3	5	5	2	1
2987863	1	1	3	1	6	2	1
2987864	1	1	1	1	4	1	1
2987865	1	1	1	1	4	1	1
2987866	1	1	1	1	4	1	1
2987867	1	1	3	3	7	2	1
2987868	1	1	1	1	4	1	1
2987869	1	1	3	1	6	2	1
2987870	1	1	1	1	6	1	1
2987871	1	1	1	1	6	1	1
2987872	1	1	1	1	6	1	1
2987873	1	1	1	1	4	1	1
2987874	1	1	2	1	4	2	2
2987875	1	1	3	1	6	2	1
2987876	1	1	1	1	4	1	1
2987877	1	1	3	1	6	2	1
2987878	1	1	1	1	4	1	1
2987879	1	1	3	1	6	2	1
2987880	1	1	3	1	6	2	2
2987881	1	1	1	1	4	1	1
2987882	1	1	3	3	6	2	2
2987883	1	1	3	5	6	2	2
2987884	1	1	1	1	4	1	1
2987885	1	1	3	5	5	2	2
2987886	1	1	1	1	4	1	1
2987887	1	1	2	1	4	1	1
2987888	1	1	3	5	6	2	2
2987889	1	1	3	1	6	2	2
2987890	1	1	3	4	7	2	2
2987891	1	1	3	1	6	2	2
2987892	1	1	1	1	3	1	1
2987893	1	1	3	1	6	2	2
2987894	1	1	1	1	4	1	1
2987895	1	1	3	1	6	2	1
2987896	1	1	3	1	6	2	2
2987897	1	1	3	3	6	2	2
2987898	1	1	1	5	6	1	1
2987899	1	1	1	1	4	1	1
2987900	1	1	3	1	6	2	1
2987901	1	1	1	1	4	1	1
2987902	1	1	1	1	4	1	1
2987903	1	1	1	1	6	1	1
2987904	1	1	3	1	6	2	2
2987905	1	1	3	1	6	2	1
2987907	1	1	1	1	6	1	1
2987908	1	1	3	1	6	2	2
2987909	1	1	1	1	6	1	1
2987910	1	1	1	1	6	1	1
2987911	1	1	1	5	6	1	1
2987912	1	1	3	1	7	2	2
2987913	1	1	1	1	4	1	1
2987914	1	1	3	2	6	2	2
2987915	1	1	3	1	4	2	2
2987916	1	1	3	1	4	2	1
2987917	1	1	1	1	4	1	1
2987918	1	1	1	1	6	2	1
2987919	1	1	1	1	4	1	1
2987920	1	1	3	1	7	2	1
2987921	1	1	3	1	6	2	1
2987922	1	1	1	1	4	1	1
2987923	1	1	1	1	4	1	1
2987924	1	1	3	1	6	2	1
2987925	1	1	3	1	4	2	1
2987926	1	1	3	1	6	2	2
2987927	1	1	1	1	4	1	1
2987928	1	1	3	5	7	2	1
2987929	1	1	3	1	6	1	1
2987930	1	1	3	1	6	2	1
2987931	1	1	3	3	6	2	1
2987932	1	1	3	1	6	2	1
2987933	1	1	1	1	4	1	1
2987934	1	1	1	1	4	1	1
2987935	1	1	3	5	7	2	2
2987936	1	1	3	1	6	2	2
2987937	1	1	3	2	6	2	1
2987938	1	1	1	1	4	1	1
2987939	1	1	2	5	7	2	2
2987940	1	1	1	1	4	1	1
2987941	1	1	2	1	6	2	2
2987942	1	1	3	1	6	2	1
2987943	1	1	3	1	4	2	2
2987944	1	1	1	1	4	1	1
2987946	1	1	1	1	4	1	1
2987947	1	1	3	3	6	2	1
2987948	1	1	3	1	7	2	1
2987949	1	1	3	1	4	2	2
2987950	1	1	1	1	4	2	2
2987951	1	1	1	1	4	1	1
2987952	1	1	3	1	7	2	1
2987953	1	1	1	1	4	1	1
2987954	1	1	3	5	5	2	2
2987955	1	1	3	1	6	2	2
2987956	1	1	3	3	7	2	1
2987957	1	1	1	1	4	1	1
2987958	1	1	3	2	6	2	2
2987959	1	1	3	1	6	2	1
2987960	1	1	1	1	7	1	1
2987961	1	1	3	1	6	2	1
2987962	1	1	1	1	6	1	1
2987963	1	1	1	1	4	1	1
2987964	1	1	1	2	2	1	1
2987966	1	1	1	1	4	1	1
2987967	1	1	3	1	6	2	2
2987968	1	1	3	1	4	2	2
2987969	1	1	1	1	6	1	2
2987970	1	1	3	1	6	2	1
2987971	1	1	1	1	4	1	1
2987972	1	1	1	1	4	1	1
2987973	1	1	2	1	4	1	1
2987975	1	1	1	1	4	1	1
2987976	1	1	1	1	6	1	1
2987977	1	1	1	1	6	1	1
2987978	1	1	1	1	4	1	1
2987979	1	1	3	3	6	2	1
2987980	1	1	1	1	4	1	1
2987984	1	1	1	1	4	1	1
2987985	1	1	1	1	4	1	1
2987986	1	1	2	1	4	1	1
2987987	1	1	3	1	6	2	1
2987988	1	1	2	1	4	1	1
2987989	1	1	3	5	6	2	1
2987990	1	1	3	1	6	2	1
2987991	1	1	3	5	7	2	1
2987992	1	1	3	1	6	2	1
2987993	1	1	3	1	4	2	2
2987994	1	1	1	1	4	1	1
2987995	1	1	3	1	6	2	1
2987996	1	1	2	5	5	1	1
2987997	1	1	2	4	6	1	1
2987998	1	1	1	1	3	1	1
2987999	1	1	1	1	4	1	1
2988000	1	1	3	1	4	2	2
2988001	1	1	1	1	4	1	1
2988002	1	1	1	1	4	1	1
2988003	1	1	1	1	4	1	1
2988004	1	1	1	1	4	1	1
2988005	1	1	1	1	4	1	1
2988006	1	1	3	1	6	2	1
2988007	1	1	2	1	4	2	1
2988008	1	1	1	1	4	1	1
2988009	1	1	1	2	4	1	1
2988010	1	1	1	1	4	1	1
2988011	1	1	2	1	4	1	1
2988013	1	1	3	1	6	2	1
2988014	1	1	3	1	6	2	1
2988016	1	1	1	1	6	1	1
2988017	1	1	1	1	6	1	1
2988018	1	1	1	1	6	1	1
2988020	1	1	1	1	4	1	1
2988021	1	1	2	1	4	1	1
2988022	1	1	1	1	4	1	1
2988023	1	1	1	1	4	1	1
2988024	1	1	2	1	4	1	1
2988025	1	1	1	1	4	1	1
2988026	1	1	1	1	6	1	1
2988027	1	1	1	1	4	1	1
2988028	1	1	1	1	6	1	1
2988029	1	1	1	1	4	1	2
2988030	1	1	1	1	6	1	2
2988031	1	1	2	1	6	1	1
2988032	1	1	1	1	4	1	1
2988033	1	1	2	1	4	1	1
2988034	1	1	1	1	6	1	1
2988035	1	1	1	1	4	1	1
2988036	1	1	1	1	6	1	1
2988037	1	1	1	1	4	1	1
2988038	1	1	1	1	6	1	1
2988039	1	1	1	1	6	1	1
2988040	1	1	1	1	6	1	1
2988041	1	1	1	1	4	1	1
2988042	1	1	1	1	4	1	1
2988043	1	1	1	1	6	1	1
2988044	1	1	1	1	4	1	1
2988045	1	1	1	1	4	1	1
2988046	1	1	1	1	1	1	1
2988047	1	1	2	4	6	2	1
2988048	1	1	1	1	4	1	1
2988049	1	1	2	1	4	1	1
2988050	1	1	1	1	4	1	1
2988051	1	1	1	1	7	1	1
2988052	1	1	1	1	4	1	1
2988053	1	1	1	4	6	1	1
2988054	1	1	1	1	4	1	1
2988055	1	1	2	1	4	1	1
2988056	1	1	1	1	4	1	1
2988057	1	1	1	1	4	1	1
2988058	1	1	2	1	4	1	1
2988059	1	1	1	1	6	1	2
2988060	1	1	1	1	4	1	1
2988062	1	1	1	1	4	1	1
2988063	1	1	1	1	6	1	1
2988064	1	1	1	1	6	1	1
2988065	1	1	1	1	4	1	1
2988066	1	1	1	1	6	1	1
2988068	1	1	2	1	4	1	1
2988069	1	1	1	1	4	1	1
2988070	1	1	1	1	4	1	1
2988071	1	1	3	1	6	2	2
2988072	1	1	3	1	6	2	2
2988073	1	1	3	1	4	2	2
2988074	1	1	2	4	7	2	2
2988075	1	1	3	2	7	2	1
2988076	1	1	3	2	6	2	1
2988077	1	1	3	2	6	2	2
2988078	1	1	1	1	4	1	1
2988079	1	1	3	1	6	2	1
2988080	1	1	2	1	6	2	1
2988081	1	1	1	1	4	1	1
2988082	1	1	2	1	4	1	1
2988083	1	1	1	1	6	1	1
2988084	1	1	3	1	7	2	1
2988085	1	1	2	1	4	1	1
2988086	1	1	1	1	6	1	1
2988087	1	1	1	1	4	1	1
2988088	1	1	1	1	4	1	1
2988089	1	1	1	1	4	1	1
2988090	1	1	3	1	7	2	1
2988091	1	1	1	1	4	1	1
2988092	1	1	1	1	4	1	1
2988093	1	1	2	1	4	1	1
2988094	1	1	1	1	5	1	1
2988095	1	1	1	1	4	1	1
2988096	1	1	2	3	6	1	1
2988097	1	1	2	3	5	1	1
2988098	1	1	3	1	6	2	2
2988099	1	1	1	2	4	1	1
2988101	1	1	3	2	6	2	1
2988102	1	1	3	5	5	2	2
2988103	1	1	1	1	4	1	1
2988104	1	1	1	1	4	1	1
2988105	1	1	3	5	5	2	2
2988106	1	1	3	1	4	2	1
2988108	1	1	1	1	4	1	1
2988109	1	1	3	1	6	2	1
2988110	1	1	1	1	4	1	1
2988111	1	1	3	1	6	2	2
2988112	1	1	1	1	4	1	1
2988113	1	1	2	1	6	2	2
2988114	1	1	2	1	4	1	1
2988115	1	1	3	1	4	2	2
2988116	1	1	3	2	6	2	2
2988117	1	1	1	1	6	1	1
2988119	1	1	3	4	6	2	2
2988120	1	1	3	1	6	2	1
2988121	1	1	3	1	6	2	1
2988122	1	1	1	1	4	1	1
2988123	1	1	3	2	5	2	2
2988124	1	1	3	3	6	2	1
2988125	1	1	1	1	4	1	1
2988126	1	1	1	2	4	1	1
2988127	1	1	1	1	4	1	1
2988128	1	1	1	1	3	1	1
2988129	1	1	3	1	4	2	1
2988130	1	1	2	1	4	1	1
2988131	1	1	3	1	6	2	2
2988133	1	1	1	1	4	1	1
2988134	1	1	3	4	6	2	2
2988135	1	1	3	2	7	2	1
2988136	1	1	1	1	4	1	1
2988137	1	1	1	1	4	1	1
2988138	1	1	1	1	4	1	1
2988139	1	1	3	1	6	2	1
2988140	1	1	1	1	4	1	1
2988141	1	1	1	1	4	1	1
2988142	1	1	3	1	6	2	1
2988143	1	1	2	6	6	1	1
2988144	1	1	3	1	6	2	1
2988145	1	1	1	1	4	1	1
2988146	1	1	3	1	6	2	2
2988147	1	1	3	1	6	2	1
2988149	1	1	3	2	4	2	1
2988150	1	1	1	1	6	1	1
2988151	1	1	2	3	6	2	1
2988152	1	1	1	1	4	1	1
2988153	1	1	1	1	4	1	1
2988154	1	1	3	1	6	2	1
2988155	1	1	2	1	4	1	1
2988156	1	1	1	1	4	1	1
2988157	1	1	3	1	4	2	1
2988158	1	1	3	1	4	2	1
2988159	1	1	2	1	6	1	1
2988160	1	1	1	1	4	1	1
2988161	1	1	2	1	6	2	1
2988162	1	1	3	1	4	2	1
2988163	1	1	1	1	6	1	1
2988164	1	1	3	1	6	2	2
2988165	1	1	3	3	7	2	2
2988166	1	1	2	1	6	1	1
2988167	1	1	1	1	4	1	1
2988168	1	1	2	1	6	1	1
2988169	1	1	3	1	6	2	2
2988171	1	1	3	1	6	2	2
2988172	1	1	3	1	6	2	2
2988173	1	1	2	1	6	1	1
2988174	1	1	2	5	6	1	1
2988175	1	1	1	1	4	1	1
2988176	1	1	1	1	4	1	1
2988177	1	1	3	1	4	2	1
2988178	1	1	3	1	6	2	2
2988179	1	1	3	3	7	2	2
2988180	1	1	3	1	6	2	1
2988181	1	1	3	4	7	2	2
2988182	1	1	3	2	6	2	2
2988183	1	1	2	3	5	1	1
2988184	1	1	3	1	4	2	1
2988185	1	1	3	1	7	2	1
2988186	1	1	3	3	4	2	1
2988187	1	1	3	1	6	2	1
2988188	1	1	3	1	4	2	1
2988189	1	1	1	1	4	1	1
2988190	1	1	1	1	4	1	1
2988191	1	1	1	1	6	1	1
2988192	1	1	3	4	6	2	1
2988193	1	1	2	1	4	1	1
2988194	1	1	3	1	6	2	1
2988195	1	1	1	1	6	1	1
2988196	1	1	3	1	5	2	2
2988197	1	1	2	8	6	1	1
2988198	1	1	3	1	6	2	1
2988199	1	1	3	1	6	2	1
2988200	1	1	2	7	6	1	1
2988201	1	1	2	3	5	1	1
2988202	1	1	1	1	6	1	1
2988203	1	1	1	1	4	1	1
2988204	1	1	2	3	6	2	1
2988205	1	1	3	5	6	2	2
2988206	1	1	1	1	4	1	1
2988207	1	1	1	1	4	1	1
2988209	1	1	2	1	6	2	1
2988210	1	1	2	1	4	1	1
2988211	1	1	1	1	3	1	1
2988212	1	1	3	1	6	2	1
2988213	1	1	3	1	6	2	1
2988214	1	1	3	4	6	2	1
2988215	1	1	2	1	6	1	1
2988216	1	1	3	3	6	2	1
2988217	1	1	3	2	5	2	2
2988219	1	1	3	1	6	2	1
2988220	1	1	2	1	4	1	1
2988221	1	1	3	1	6	2	1
2988222	1	1	3	1	4	2	1
2988223	1	1	1	1	4	1	1
2988224	1	1	2	1	6	1	1
2988225	1	1	3	1	6	2	2
2988226	1	1	1	1	4	1	1
2988227	1	1	3	1	6	2	1
2988228	1	1	3	3	6	2	1
2988229	1	1	3	5	5	2	2
2988230	1	1	3	5	5	2	2
2988231	1	1	3	1	4	2	1
2988232	1	1	3	1	4	2	1
2988233	1	1	2	1	6	1	1
2988234	1	1	2	1	4	2	1
2988235	1	1	3	1	6	2	2
2988236	1	1	3	2	6	2	1
2988237	1	1	1	1	4	1	1
2988238	1	1	1	1	4	1	1
2988239	1	1	3	1	6	2	1
2988240	1	1	1	1	6	1	1
2988241	1	1	2	1	6	1	1
2988242	1	1	1	1	4	1	1
2988243	1	1	1	1	4	1	1
2988244	1	1	1	1	4	1	1
2988245	1	1	3	3	7	2	2
2988246	1	1	1	1	4	1	1
2988247	1	1	1	1	4	1	1
2988248	1	1	1	1	4	1	1
2988249	1	1	1	1	3	1	2
2988250	1	1	3	1	6	2	1
2988251	1	1	3	1	6	2	2
2988252	1	1	1	1	4	1	1
2988253	1	1	3	1	6	2	1
2988254	1	1	1	1	4	1	2
2988255	1	1	3	1	4	2	1
2988256	1	1	3	4	7	2	1
2988257	1	1	3	1	7	2	2
2988258	1	1	3	2	4	2	2
2988259	1	1	1	1	6	1	1
2988260	1	1	1	1	4	1	1
2988261	1	1	3	1	6	2	1
2988262	1	1	3	1	6	2	2
2988263	1	1	3	4	7	2	1
2988264	1	1	3	1	6	2	1
2988265	1	1	3	1	4	2	1
2988266	1	1	1	1	6	1	2
2988267	1	1	3	1	4	2	1
2988268	1	1	2	1	6	1	1
2988269	1	1	1	1	6	1	1
2988270	1	1	3	1	6	2	1
2988271	1	1	3	1	6	2	1
2988272	1	1	2	1	4	1	1
2988273	1	1	1	5	6	1	1
2988274	1	1	3	1	6	2	1
2988275	1	1	3	2	6	2	1
2988276	1	1	2	3	7	2	1
2988277	1	1	2	1	5	2	1
2988278	1	1	3	1	6	2	1
2988279	1	1	1	1	6	1	2
2988280	1	1	3	1	4	2	1
2988281	1	1	2	1	6	1	1
2988282	1	1	2	3	7	2	1
2988283	1	1	1	5	4	2	1
2988284	1	1	1	1	4	1	1
2988285	1	1	1	1	4	1	1
2988286	1	1	1	1	4	1	1
2988287	1	1	3	1	6	2	1
2988288	1	1	1	1	6	1	2
2988289	1	1	1	1	6	1	1
2988290	1	1	3	1	6	2	2
2988291	1	1	3	1	4	2	1
2988292	1	1	3	1	6	2	1
2988293	1	1	1	1	4	1	1
2988294	1	1	1	5	6	2	1
2988295	1	1	1	5	6	2	2
2988296	1	1	1	1	3	1	1
2988297	1	1	3	1	4	2	1
2988298	1	1	2	1	6	1	1
2988300	1	1	3	2	6	2	1
2988301	1	1	3	1	7	2	2
2988302	1	1	3	1	6	2	1
2988303	1	1	1	1	3	1	1
2988304	1	1	2	7	5	2	1
2988305	1	1	1	1	4	1	1
2988306	1	1	1	1	4	1	1
2988307	1	1	3	3	6	2	1
2988308	1	1	1	1	4	1	1
2988309	1	1	3	1	4	2	1
2988310	1	1	3	1	6	2	1
2988311	1	1	3	1	6	2	2
2988312	1	1	3	1	6	2	2
2988313	1	1	1	1	6	1	2
2988314	1	1	2	7	5	1	1
2988315	1	1	3	1	6	2	2
2988316	1	1	2	1	6	1	1
2988317	1	1	3	1	4	2	1
2988318	1	1	2	1	6	1	1
2988319	1	1	3	1	4	2	1
2988320	1	1	3	1	4	2	1
2988321	1	1	1	1	4	1	1
2988322	1	1	3	1	6	2	1
2988323	1	1	3	1	4	2	1
2988324	1	1	3	1	6	2	1
2988325	1	1	2	1	6	2	1
2988326	1	1	1	1	4	1	1
2988327	1	1	3	1	4	2	1
2988328	1	1	1	1	4	1	1
2988329	1	1	3	1	6	2	1
2988330	1	1	1	1	4	1	1
2988331	1	1	1	1	4	1	1
2988332	1	1	3	1	4	2	2
2988335	1	1	1	1	6	1	1
2988336	1	1	1	1	4	1	1
2988337	1	1	2	3	6	2	1
2988338	1	1	3	1	4	2	2
2988339	1	1	3	1	7	2	1
2988340	1	1	1	1	4	1	1
2988341	1	1	3	1	4	2	2
2988342	1	1	2	1	6	1	1
2988343	1	1	3	1	4	2	1
2988344	1	1	3	1	6	2	1
2988345	1	1	1	1	4	1	1
2988346	1	1	3	1	6	2	2
2988347	1	1	2	1	4	1	1
2988348	1	1	3	1	6	2	1
2988349	1	1	3	1	4	2	1
2988350	1	1	1	1	4	1	1
2988351	1	1	1	1	4	1	1
2988352	1	1	1	1	6	1	1
2988353	1	1	1	2	6	1	1
2988354	1	1	1	1	6	1	1
2988355	1	1	3	1	6	2	1
2988356	1	1	2	1	4	1	1
2988357	1	1	1	7	7	1	1
2988358	1	1	1	1	4	1	1
2988359	1	1	2	1	7	2	2
2988360	1	1	1	1	4	1	1
2988361	1	1	1	1	4	1	1
2988362	1	1	3	1	7	2	1
2988363	1	1	1	1	4	1	1
2988364	1	1	1	1	3	1	1
2988365	1	1	3	1	6	2	2
2988366	1	1	1	1	4	1	1
2988367	1	1	3	1	7	2	1
2988368	1	1	3	1	4	2	1
2988369	1	1	2	7	5	2	1
2988370	1	1	1	1	4	1	1
2988371	1	1	3	1	4	2	1
2988372	1	1	3	3	7	2	1
2988373	1	1	3	1	4	2	1
2988374	1	1	3	1	6	2	1
2988375	1	1	1	1	4	1	1
2988376	1	1	1	1	6	1	1
2988377	1	1	1	1	4	1	1
2988378	1	1	2	1	4	1	1
2988379	1	1	1	1	4	1	1
2988380	1	1	2	1	6	2	1
2988381	1	1	3	1	4	2	1
2988382	1	1	3	1	4	2	2
2988383	1	1	3	5	5	2	1
2988384	1	1	1	1	4	1	1
2988385	1	1	2	1	4	1	1
2988386	1	1	3	1	4	1	1
2988387	1	1	1	1	6	1	1
2988388	1	1	3	7	7	2	2
2988389	1	1	3	5	5	2	2
2988390	1	1	1	1	4	1	1
2988391	1	1	1	1	6	1	1
2988392	1	1	2	1	4	1	1
2988393	1	1	1	1	4	1	1
2988394	1	1	1	1	4	1	1
2988395	1	1	3	2	6	2	1
2988396	1	1	3	1	6	2	1
2988397	1	1	1	1	4	2	2
2988398	1	1	1	1	4	1	2
2988399	1	1	2	1	6	2	1
2988400	1	1	1	1	4	2	1
2988401	1	1	3	1	4	2	1
2988402	1	1	1	1	4	1	1
2988403	1	1	3	3	6	2	1
2988404	1	1	1	1	4	2	1
2988405	1	1	3	1	6	2	1
2988406	1	1	1	1	6	1	1
2988407	1	1	3	2	6	2	1
2988408	1	1	1	1	6	1	1
2988409	1	1	2	1	6	2	1
2988410	1	1	1	1	6	1	1
2988411	1	1	1	1	6	1	1
2988412	1	1	3	2	7	2	1
2988413	1	1	1	1	4	2	2
2988414	1	1	3	1	4	2	2
2988415	1	1	1	1	4	1	1
2988416	1	1	3	1	6	2	1
2988417	1	1	2	4	7	2	1
2988418	1	1	1	1	4	1	1
2988419	1	1	1	1	4	1	1
2988420	1	1	3	1	6	2	1
2988421	1	1	1	1	6	1	1
2988422	1	1	3	1	4	2	1
2988424	1	1	1	1	4	1	1
2988425	1	1	1	1	4	1	1
2988426	1	1	1	1	4	2	2
2988427	1	1	3	1	4	1	1
2988428	1	1	1	1	4	1	1
2988429	1	1	1	1	5	1	1
2988431	1	1	1	1	4	1	1
2988433	1	1	2	1	4	1	1
2988434	1	1	1	1	4	1	1
2988435	1	1	3	1	4	2	1
2988436	1	1	2	3	4	2	1
2988437	1	1	1	1	6	1	1
2988438	1	1	1	1	4	1	1
2988439	1	1	2	3	6	2	1
2988440	1	1	2	3	6	2	1
2988442	1	1	3	1	6	2	1
2988443	1	1	3	1	4	2	1
2988444	1	1	3	1	4	2	1
2988445	1	1	1	1	4	1	2
2988446	1	1	1	1	6	1	1
2988447	1	1	1	1	3	1	1
2988448	1	1	1	1	4	1	1
2988449	1	1	1	1	6	1	1
2988450	1	1	3	3	6	2	1
2988451	1	1	2	3	7	2	1
2988452	1	1	1	1	4	1	1
2988453	1	1	3	1	6	2	1
2988454	1	1	3	1	6	2	2
2988455	1	1	3	1	6	2	2
2988456	1	1	1	1	6	1	1
2988457	1	1	3	1	4	2	1
2988458	1	1	3	4	6	2	2
2988459	1	1	3	1	6	2	2
2988460	1	1	1	1	6	2	1
2988461	1	1	2	4	7	2	2
2988462	1	1	1	1	4	1	1
2988463	1	1	3	1	4	2	2
2988464	1	1	1	2	6	1	1
2988465	1	1	2	8	7	2	2
2988466	1	1	3	3	4	2	1
2988467	1	1	1	5	6	1	1
2988468	1	1	3	1	6	2	1
2988469	1	1	3	1	4	2	1
2988470	1	1	1	1	4	1	1
2988471	1	1	1	1	4	2	2
2988472	1	1	3	1	6	2	1
2988473	1	1	3	1	6	2	1
2988474	1	1	1	1	4	1	1
2988476	1	1	1	1	4	1	1
2988478	1	1	3	1	6	2	2
2988479	1	1	2	1	4	1	1
2988480	1	1	3	1	6	2	2
2988481	1	1	2	1	6	1	1
2988482	1	1	1	1	6	1	1
2988483	1	1	2	3	7	2	1
2988484	1	1	1	1	4	2	2
2988485	1	1	3	1	6	1	1
2988486	1	1	3	1	6	1	1
2988487	1	1	3	2	6	2	1
2988488	1	1	3	1	6	2	1
2988489	1	1	2	1	7	2	2
2988490	1	1	1	1	4	1	1
2988491	1	1	2	4	7	2	2
2988492	1	1	1	1	4	1	2
2988493	1	1	2	1	4	1	1
2988494	1	1	1	1	4	1	1
2988495	1	1	3	1	4	2	2
2988496	1	1	3	3	4	1	2
2988497	1	1	2	1	6	2	2
2988498	1	1	1	1	4	1	1
2988499	1	1	1	1	4	1	2
2988500	1	1	1	1	6	1	1
2988501	1	1	2	1	6	2	2
2988502	1	1	3	1	6	2	1
2988503	1	1	2	1	4	1	1
2988504	1	1	3	1	6	2	1
2988505	1	1	1	5	6	2	2
2988506	1	1	3	4	6	2	1
2988507	1	1	1	1	6	1	1
2988508	1	1	2	1	4	2	2
2988509	1	1	3	3	4	2	1
2988510	1	1	1	1	6	2	1
2988511	1	1	2	5	7	2	2
2988512	1	1	2	1	4	1	1
2988513	1	1	3	1	6	2	2
2988514	1	1	3	1	6	2	1
2988515	1	1	3	1	4	2	1
2988516	1	1	3	1	6	2	1
2988517	1	1	2	1	6	2	2
2988518	1	1	3	1	6	2	1
2988519	1	1	1	1	4	1	1
2988520	1	1	3	3	6	2	1
2988521	1	1	3	1	6	2	1
2988522	1	1	3	4	6	2	2
2988524	1	1	3	1	6	2	1
2988525	1	1	3	1	7	2	1
2988526	1	1	1	1	4	1	1
2988527	1	1	1	1	4	1	1
2988528	1	1	3	1	6	2	1
2988529	1	1	2	7	7	2	1
2988530	1	1	3	1	4	2	1
2988531	1	1	1	1	4	1	1
2988532	1	1	3	1	4	2	1
2988533	1	1	3	1	4	2	1
2988534	1	1	2	1	4	1	1
2988537	1	1	2	7	6	2	1
2988538	1	1	3	1	6	2	1
2988539	1	1	2	1	4	2	2
2988540	1	1	2	7	5	2	1
2988541	1	1	3	1	6	2	1
2988542	1	1	3	3	5	2	1
2988543	1	1	3	1	6	2	2
2988544	1	1	3	1	6	2	2
2988545	1	1	2	1	7	2	2
2988546	1	1	2	5	6	2	2
2988547	1	1	3	1	4	2	1
2988548	1	1	3	1	6	2	1
2988549	1	1	1	1	4	1	1
2988550	1	1	1	1	4	1	1
2988551	1	1	3	1	6	2	2
2988552	1	1	3	2	5	2	2
2988553	1	1	3	1	6	2	1
2988554	1	1	3	1	6	2	1
2988555	1	1	3	5	6	2	2
2988556	1	1	3	3	6	2	1
2988557	1	1	1	1	4	1	1
2988558	1	1	1	1	4	1	1
2988559	1	1	2	1	4	1	1
2988560	1	1	3	1	6	2	2
2988561	1	1	2	1	6	1	2
2988562	1	1	3	1	6	2	2
2988563	1	1	1	1	4	1	1
2988564	1	1	2	4	7	2	1
2988565	1	1	2	1	4	1	1
2988566	1	1	3	1	6	2	2
2988567	1	1	3	1	6	2	2
2988568	1	1	3	3	6	2	2
2988569	1	1	3	5	6	1	1
2988570	1	1	3	1	4	2	1
2988571	1	1	3	1	4	2	1
2988572	1	1	1	1	6	1	1
2988573	1	1	3	2	7	2	1
2988574	1	1	3	1	4	2	1
2988575	1	1	3	1	6	2	1
2988576	1	1	1	1	4	1	2
2988577	1	1	3	5	7	2	2
2988578	1	1	2	1	4	1	1
2988579	1	1	3	1	6	2	1
2988580	1	1	2	7	5	2	1
2988582	1	1	2	4	7	2	2
2988583	1	1	3	1	6	1	1
2988584	1	1	2	5	7	2	2
2988585	1	1	1	1	4	1	1
2988586	1	1	3	1	4	2	1
2988587	1	1	3	1	6	2	2
2988588	1	1	2	1	4	1	1
2988589	1	1	2	5	7	2	2
2988590	1	1	1	1	4	1	1
2988591	1	1	2	5	7	2	2
2988592	1	1	3	1	4	2	2
2988593	1	1	3	4	7	2	2
2988594	1	1	2	1	4	1	1
2988595	1	1	3	1	6	1	2
2988596	1	1	2	7	5	2	1
2988597	1	1	1	1	6	1	1
2988598	1	1	3	1	6	2	1
2988599	1	1	2	1	6	2	2
2988600	1	1	3	1	6	2	1
2988601	1	1	1	1	4	1	1
2988602	1	1	3	1	6	2	1
2988603	1	1	3	3	6	2	2
2988604	1	1	3	5	5	2	2
2988605	1	1	2	5	7	2	2
2988606	1	1	3	1	6	2	1
2988607	1	1	2	1	4	1	2
2988608	1	1	2	1	6	2	2
2988609	1	1	1	1	4	1	1
2988610	1	1	1	1	6	1	1
2988611	1	1	3	1	4	2	1
2988612	1	1	2	1	6	2	2
2988613	1	1	3	2	6	2	1
2988614	1	1	1	1	6	2	2
2988615	1	1	3	1	6	2	2
2988616	1	1	3	4	6	2	1
2988617	1	1	3	1	4	2	1
2988618	1	1	3	4	6	2	2
2988620	1	1	3	1	6	2	1
2988623	1	1	2	1	4	1	2
2988624	1	1	1	1	4	1	1
2988625	1	1	2	1	6	1	1
2988626	1	1	3	1	6	2	1
2988627	1	1	2	1	6	2	2
2988628	1	1	2	7	5	2	1
2988629	1	1	3	1	4	2	1
2988630	1	1	2	3	7	2	2
2988631	1	1	3	3	7	2	2
2988632	1	1	3	1	6	2	2
2988633	1	1	3	1	4	2	1
2988634	1	1	3	1	4	2	1
2988635	1	1	1	1	6	1	1
2988636	1	1	1	1	6	2	2
2988637	1	1	3	3	6	2	1
2988638	1	1	2	1	4	1	1
2988639	1	1	3	5	6	2	1
2988640	1	1	3	7	7	2	1
2988641	1	1	2	4	7	2	1
2988642	1	1	3	3	6	2	1
2988643	1	1	2	1	4	1	1
2988644	1	1	1	1	6	2	2
2988645	1	1	3	1	6	2	1
2988646	1	1	1	1	4	1	1
2988647	1	1	3	1	4	1	1
2988648	1	1	3	1	4	2	1
2988649	1	1	3	1	6	2	2
2988650	1	1	3	1	6	1	1
2988651	1	1	3	1	6	2	1
2988652	1	1	2	4	7	2	2
2988653	1	1	2	1	6	2	1
2988654	1	1	1	2	6	2	2
2988655	1	1	3	8	5	2	1
2988656	1	1	3	7	6	2	1
2988657	1	1	3	1	6	2	1
2988658	1	1	3	3	6	2	1
2988659	1	1	1	1	4	1	1
2988660	1	1	3	2	5	2	1
2988661	1	1	2	1	5	2	1
2988662	1	1	3	1	6	1	1
2988663	1	1	3	1	4	2	1
2988664	1	1	3	1	6	2	2
2988665	1	1	3	1	4	2	1
2988666	1	1	3	1	6	2	2
2988667	1	1	3	1	4	2	2
2988669	1	1	3	1	6	2	1
2988670	1	1	2	5	7	2	2
2988671	1	1	3	4	7	2	2
2988672	1	1	3	1	6	2	2
2988673	1	1	3	1	6	2	1
2988674	1	1	2	1	6	2	2
2988675	1	1	3	2	7	2	1
2988676	1	1	3	4	6	2	2
2988677	1	1	3	2	7	2	1
2988678	1	1	2	5	6	2	2
2988679	1	1	3	1	6	2	2
2988680	1	1	2	3	6	2	2
2988681	1	1	3	2	7	2	2
2988682	1	1	3	3	6	2	2
2988683	1	1	3	1	4	2	2
2988684	1	1	3	1	6	2	1
2988685	1	1	3	1	4	2	1
2988686	1	1	3	7	7	2	2
2988687	1	1	3	4	6	2	1
2988688	1	1	2	1	6	2	2
2988689	1	1	2	1	4	2	2
2988690	1	1	2	1	7	2	1
2988691	1	1	3	1	6	2	2
2988692	1	1	3	1	6	2	1
2988693	1	1	3	3	6	2	2
2988694	1	1	2	1	6	2	2
2988695	1	1	1	1	6	1	1
2988696	1	1	3	1	6	2	2
2988697	1	1	3	1	4	2	1
2988698	1	1	3	1	5	1	1
2988699	1	1	1	1	4	1	1
2988700	1	1	3	1	6	1	1
2988701	1	1	3	1	6	2	1
2988702	1	1	2	1	7	2	2
2988703	1	1	2	1	4	1	1
2988704	1	1	2	1	4	1	1
2988705	1	1	1	1	4	1	1
2988706	1	1	3	1	6	2	1
2988707	1	1	1	1	4	1	1
2988708	1	1	3	1	6	2	1
2988709	1	1	3	1	6	2	2
2988710	1	1	1	1	6	1	1
2988711	1	1	3	5	6	2	2
2988712	1	1	1	5	6	2	1
2988713	1	1	3	3	6	2	1
2988714	1	1	3	1	6	2	2
2988715	1	1	2	1	4	2	1
2988716	1	1	3	1	6	2	1
2988717	1	1	3	1	6	2	1
2988718	1	1	3	4	6	2	2
2988720	1	1	3	4	6	2	2
2988721	1	1	3	1	7	2	2
2988722	1	1	2	1	4	1	2
2988723	1	1	2	1	4	1	2
2988724	1	1	1	1	4	1	1
2988725	1	1	1	5	6	2	2
2988726	1	1	1	1	4	1	1
2988727	1	1	2	3	4	1	1
2988728	1	1	2	1	6	2	2
2988729	1	1	3	7	6	2	2
2988730	1	1	3	1	6	2	1
2988731	1	1	1	1	4	1	1
2988732	1	1	3	1	6	1	1
2988733	1	1	3	1	6	2	1
2988734	1	1	2	1	6	2	1
2988735	1	1	3	3	7	2	1
2988737	1	1	3	1	6	2	1
2988739	1	1	1	1	4	1	1
2988740	1	1	1	1	6	2	1
2988741	1	1	1	1	6	2	2
2988742	1	1	3	1	4	2	1
2988743	1	1	2	3	7	2	1
2988744	1	1	1	1	4	2	2
2988745	1	1	3	3	6	2	1
2988746	1	1	1	1	4	1	1
2988747	1	1	1	1	4	1	1
2988748	1	1	1	3	6	2	1
2988749	1	1	1	1	6	1	1
2988750	1	1	1	1	4	1	1
2988751	1	1	3	1	6	1	1
2988752	1	1	1	1	4	2	1
2988753	1	1	3	1	6	2	1
2988754	1	1	1	1	6	1	1
2988755	1	1	3	1	6	2	2
2988756	1	1	1	3	7	2	1
2988757	1	1	3	3	6	2	1
2988758	1	1	1	1	6	1	1
2988759	1	1	1	3	6	1	1
2988760	1	1	1	1	6	1	1
2988762	1	1	3	1	6	2	2
2988763	1	1	2	1	4	1	1
2988764	1	1	1	1	6	1	1
2988765	1	1	1	1	4	1	1
2988767	1	1	2	1	6	2	2
2988768	1	1	1	1	4	1	1
2988769	1	1	2	1	4	1	1
2988770	1	1	2	1	6	2	2
2988771	1	1	1	1	4	1	1
2988772	1	1	3	2	6	2	1
2988773	1	1	3	1	6	2	2
2988774	1	1	3	1	6	2	1
2988775	1	1	1	1	4	1	1
2988776	1	1	3	1	4	2	1
2988777	1	1	2	3	6	2	1
2988778	1	1	3	3	5	2	2
2988779	1	1	1	1	4	1	1
2988780	1	1	1	1	6	1	1
2988781	1	1	3	1	4	2	1
2988782	1	1	2	1	4	1	1
2988783	1	1	2	3	4	1	1
2988784	1	1	3	5	5	2	2
2988785	1	1	3	1	6	2	2
2988786	1	1	1	1	4	1	1
2988787	1	1	1	1	4	1	1
2988788	1	1	2	1	4	2	2
2988789	1	1	1	1	4	1	1
2988790	1	1	1	1	6	1	1
2988791	1	1	1	1	4	2	2
2988792	1	1	2	7	5	2	1
2988793	1	1	1	1	4	1	1
2988794	1	1	3	2	6	2	1
2988795	1	1	2	1	6	2	2
2988796	1	1	3	1	6	2	2
2988797	1	1	2	1	6	1	2
2988798	1	1	3	1	6	2	1
2988799	1	1	1	1	4	1	1
2988800	1	1	1	1	4	1	1
2988801	1	1	3	1	6	2	1
2988802	1	1	3	1	6	2	2
2988803	1	1	3	1	4	2	1
2988804	1	1	3	3	5	2	2
2988805	1	1	3	3	6	2	1
2988806	1	1	2	1	4	1	1
2988807	1	1	1	1	6	1	1
2988808	1	1	1	1	4	1	1
2988809	1	1	3	1	5	2	2
2988810	1	1	1	1	6	1	1
2988811	1	1	1	1	6	1	1
2988812	1	1	2	3	6	2	2
2988813	1	1	3	1	6	2	1
2988814	1	1	1	1	6	1	1
2988815	1	1	1	1	6	1	1
2988816	1	1	1	1	4	2	1
2988817	1	1	1	1	6	1	1
2988818	1	1	1	1	4	1	1
2988819	1	1	1	1	6	1	1
2988820	1	1	1	1	4	1	1
2988821	1	1	1	1	4	1	1
2988822	1	1	1	1	6	2	2
2988823	1	1	3	7	6	2	2
2988824	1	1	3	1	4	2	2
2988825	1	1	1	1	4	1	1
2988826	1	1	3	2	6	2	1
2988827	1	1	3	1	6	2	1
2988828	1	1	3	3	6	2	2
2988829	1	1	1	1	4	1	1
2988830	1	1	1	5	7	1	1
2988831	1	1	2	1	6	2	1
2988832	1	1	1	1	4	1	1
2988833	1	1	3	3	5	2	2
2988834	1	1	3	1	6	1	1
2988835	1	1	2	3	4	1	1
2988836	1	1	3	4	6	1	1
2988837	1	1	3	1	6	2	1
2988838	1	1	1	1	4	1	1
2988839	1	1	2	1	4	1	1
2988840	1	1	3	1	4	2	1
2988841	1	1	1	1	6	1	1
2988842	1	1	3	1	6	2	1
2988843	1	1	1	1	4	1	1
2988844	1	1	3	1	6	2	1
2988845	1	1	3	4	5	2	2
2988846	1	1	3	1	6	2	2
2988847	1	1	2	1	4	1	1
2988848	1	1	3	1	4	2	1
2988849	1	1	3	7	5	2	2
2988850	1	1	1	1	2	1	1
2988851	1	1	1	1	4	1	1
2988853	1	1	1	1	4	1	1
2988854	1	1	1	1	6	1	1
2988855	1	1	2	1	6	2	1
2988856	1	1	3	1	6	2	2
2988857	1	1	1	1	4	1	1
2988858	1	1	1	1	4	1	1
2988859	1	1	1	1	4	1	1
2988860	1	1	1	1	4	1	1
2988861	1	1	1	1	6	1	1
2988862	1	1	1	1	3	1	1
2988863	1	1	1	1	6	1	1
2988864	1	1	1	2	6	1	1
2988865	1	1	1	1	4	1	1
2988866	1	1	1	1	4	1	1
2988867	1	1	1	1	4	1	1
2988868	1	1	1	1	4	1	1
2988869	1	1	1	1	4	1	1
2988870	1	1	3	7	5	2	2
2988871	1	1	1	1	6	1	1
2988872	1	1	3	1	6	1	1
2988873	1	1	1	2	6	1	1
2988874	1	1	3	1	6	2	1
2988875	1	1	1	1	4	1	1
2988876	1	1	2	3	6	1	1
2988877	1	1	1	5	6	1	1
2988878	1	1	1	1	4	1	1
2988879	1	1	1	1	6	1	1
2988880	1	1	1	1	4	1	1
2988881	1	1	1	1	4	1	1
2988882	1	1	3	1	6	2	2
2988883	1	1	1	1	6	1	1
2988884	1	1	1	1	4	1	1
2988885	1	1	1	1	4	1	1
2988886	1	1	1	1	4	1	1
2988887	1	1	3	3	6	2	2
2988888	1	1	2	1	4	1	1
2988889	1	1	2	1	6	1	1
2988891	1	1	2	1	4	1	1
2988892	1	1	3	4	4	2	1
2988893	1	1	3	3	6	2	1
2988894	1	1	3	1	7	2	2
2988895	1	1	1	1	4	1	1
2988896	1	1	2	1	4	1	1
2988898	1	1	3	1	6	2	2
2988899	1	1	1	1	4	1	2
2988900	1	1	3	1	6	2	2
2988901	1	1	3	1	4	2	1
2988902	1	1	1	1	4	1	1
2988903	1	1	3	1	4	2	1
2988904	1	1	3	1	4	2	2
2988905	1	1	3	1	6	2	2
2988906	1	1	3	1	6	2	1
2988907	1	1	1	1	7	1	1
2988908	1	1	1	1	6	1	1
2988909	1	1	1	1	6	1	1
2988910	1	1	1	1	4	1	1
2988911	1	1	3	1	6	2	1
2988912	1	1	3	1	6	2	1
2988913	1	1	1	1	4	1	1
2988914	1	1	3	2	6	2	1
2988915	1	1	3	1	6	2	1
2988916	1	1	1	1	6	1	1
2988917	1	1	1	1	6	1	1
2988918	1	1	2	5	7	2	2
2988919	1	1	2	1	7	2	2
2988920	1	1	2	1	6	2	2
2988921	1	1	3	1	6	2	2
2988922	1	1	2	5	7	2	2
2988923	1	1	3	1	4	2	1
2988924	1	1	3	1	7	2	2
2988925	1	1	3	2	7	2	1
2988926	1	1	3	4	7	2	2
2988927	1	1	3	1	6	2	2
2988928	1	1	3	1	6	2	1
2988930	1	1	3	1	6	2	2
2988931	1	1	2	1	4	1	1
2988932	1	1	3	1	6	2	2
2988933	1	1	2	1	4	1	1
2988934	1	1	3	1	2	2	1
2988935	1	1	3	1	6	2	2
2988936	1	1	3	1	4	2	1
2988937	1	1	3	1	6	2	2
2988938	1	1	3	1	6	2	2
2988939	1	1	1	1	6	1	1
2988940	1	1	2	1	6	2	1
2988941	1	1	3	1	4	2	1
2988942	1	1	1	1	6	1	1
2988943	1	1	3	1	4	2	1
2988944	1	1	1	1	6	1	1
2988945	1	1	1	1	4	1	1
2988946	1	1	2	1	4	1	1
2988947	1	1	3	1	6	2	1
2988948	1	1	2	1	6	2	2
2988949	1	1	2	1	4	2	1
2988950	1	1	3	2	6	2	1
2988951	1	1	3	2	4	2	1
2988952	1	1	2	1	4	1	1
2988953	1	1	3	1	4	2	1
2988954	1	1	3	1	6	2	2
2988955	1	1	3	1	7	2	1
2988956	1	1	1	1	4	1	1
2988957	1	1	1	1	6	1	1
2988958	1	1	3	1	6	2	1
2988959	1	1	3	4	6	2	2
2988960	1	1	1	1	4	1	1
2988961	1	1	2	1	6	1	1
2988962	1	1	2	1	4	2	1
2988963	1	1	3	1	6	2	2
2988964	1	1	3	1	6	2	1
2988965	1	1	3	1	4	2	1
2988966	1	1	1	1	4	1	1
2988967	1	1	3	1	4	2	1
2988968	1	1	3	1	4	2	1
2988969	1	1	1	1	6	1	1
2988970	1	1	2	1	4	1	1
2988971	1	1	3	1	4	2	1
2988973	1	1	3	1	4	2	2
2988974	1	1	2	1	6	2	2
2988975	1	1	3	1	6	2	1
2988976	1	1	2	1	6	2	2
2988977	1	1	3	1	6	2	1
2988978	1	1	2	1	4	1	1
2988979	1	1	3	1	4	2	1
2988980	1	1	2	5	7	1	1
2988981	1	1	1	1	4	1	1
2988982	1	1	3	3	6	2	2
2988983	1	1	1	1	4	1	1
2988984	1	1	3	1	6	2	2
2988985	1	1	1	1	4	1	1
2988986	1	1	2	1	6	2	1
2988987	1	1	1	1	6	1	1
2988988	1	1	3	1	4	2	1
2988989	1	1	3	1	6	2	1
2988990	1	1	1	1	4	1	1
2988991	1	1	3	1	6	2	2
2988993	1	1	1	1	6	1	1
2988994	1	1	1	1	4	1	1
2988995	1	1	2	1	7	2	2
2988996	1	1	1	1	4	1	1
2988997	1	1	3	2	4	2	1
2988998	1	1	1	1	4	1	1
2988999	1	1	2	1	6	2	1
2989000	1	1	1	1	6	1	1
2989001	1	1	3	1	4	2	1
2989002	1	1	3	1	4	2	1
2989003	1	1	1	1	4	1	1
2989004	1	1	1	1	6	2	2
2989005	1	1	3	5	5	2	1
2989006	1	1	3	1	4	2	1
2989007	1	1	1	1	4	1	1
2989008	1	1	3	1	4	2	1
2989009	1	1	3	1	6	2	1
2989010	1	1	3	1	4	2	1
2989011	1	1	3	1	6	2	1
2989012	1	1	2	5	7	2	2
2989013	1	1	3	1	6	2	1
2989014	1	1	1	1	6	1	1
2989015	1	1	1	1	4	1	1
2989016	1	1	2	1	6	2	2
2989017	1	1	1	1	6	1	1
2989018	1	1	2	1	6	1	1
2989019	1	1	1	1	4	1	1
2989020	1	1	3	1	4	2	1
2989021	1	1	2	1	4	1	1
2989022	1	1	2	1	4	1	1
2989023	1	1	1	1	4	1	1
2989024	1	1	3	1	6	2	1
2989025	1	1	3	1	6	2	1
2989026	1	1	1	1	6	1	1
2989027	1	1	3	4	6	2	2
2989028	1	1	2	1	6	2	1
2989029	1	1	2	1	4	1	1
2989030	1	1	2	1	6	2	2
2989031	1	1	1	1	6	1	1
2989032	1	1	3	1	6	2	2
2989033	1	1	2	5	7	2	2
2989034	1	1	1	1	6	1	1
2989035	1	1	2	1	6	1	2
2989036	1	1	1	1	4	1	1
2989037	1	1	3	1	4	2	1
2989038	1	1	1	1	4	1	1
2989039	1	1	3	1	6	2	1
2989040	1	1	2	5	7	2	1
2989041	1	1	1	1	6	1	1
2989042	1	1	3	1	6	2	2
2989043	1	1	3	2	7	2	1
2989044	1	1	3	6	6	2	2
2989046	1	1	3	1	6	2	1
2989047	1	1	3	1	4	2	1
2989048	1	1	3	1	6	2	1
2989049	1	1	3	1	6	2	1
2989050	1	1	3	4	6	2	2
2989051	1	1	2	5	6	2	2
2989052	1	1	3	1	4	2	1
2989053	1	1	3	5	6	2	1
2989054	1	1	3	2	6	2	1
2989055	1	1	1	1	6	1	1
2989056	1	1	1	1	4	1	1
2989057	1	1	2	1	4	1	1
2989058	1	1	1	1	6	1	1
2989059	1	1	3	1	4	2	1
2989060	1	1	3	1	6	2	1
2989061	1	1	3	2	6	2	1
2989062	1	1	3	1	6	2	1
2989063	1	1	1	1	4	1	1
2989064	1	1	3	4	5	2	1
2989065	1	1	1	1	4	1	1
2989067	1	1	1	1	5	1	1
2989068	1	1	1	1	4	1	1
2989069	1	1	1	1	6	2	2
2989070	1	1	1	1	4	1	1
2989071	1	1	1	1	4	1	1
2989074	1	1	3	1	6	2	1
2989076	1	1	3	1	4	2	1
2989077	1	1	2	1	4	1	1
2989078	1	1	1	1	4	1	1
2989079	1	1	2	1	4	1	1
2989080	1	1	2	1	6	2	1
2989081	1	1	3	1	6	2	1
2989082	1	1	1	4	7	2	2
2989083	1	1	1	1	6	1	1
2989084	1	1	2	1	4	2	1
2989085	1	1	3	3	5	2	1
2989086	1	1	1	1	4	1	1
2989087	1	1	1	1	6	1	1
2989088	1	1	2	1	4	1	1
2989090	1	1	2	1	4	1	1
2989091	1	1	1	1	4	1	1
2989092	1	1	1	4	7	2	2
2989093	1	1	3	1	6	2	2
2989094	1	1	1	1	4	1	1
2989095	1	1	1	1	4	1	1
2989096	1	1	1	1	4	1	1
2989097	1	1	3	1	4	2	1
2989098	1	1	1	1	4	1	1
2989099	1	1	3	1	7	2	1
2989100	1	1	3	1	4	2	1
2989101	1	1	1	1	6	1	1
2989102	1	1	2	1	6	2	2
2989103	1	1	2	1	6	2	2
2989104	1	1	3	3	5	2	2
2989105	1	1	3	1	4	2	1
2989106	1	1	3	1	6	2	1
2989107	1	1	1	1	4	2	2
2989108	1	1	1	1	6	1	1
2989109	1	1	2	1	4	1	1
2989110	1	1	3	1	4	2	1
2989113	1	1	1	1	4	1	1
2989114	1	1	2	1	4	1	1
2989115	1	1	3	1	4	2	2
2989116	1	1	3	1	6	2	2
2989118	1	1	3	1	4	2	1
2989119	1	1	1	1	4	1	1
2989120	1	1	3	3	2	2	1
2989121	1	1	1	4	7	2	2
2989122	1	1	1	1	4	1	2
2989123	1	1	1	4	7	2	2
2989124	1	1	2	1	6	2	1
2989125	1	1	2	1	4	1	1
2989126	1	1	2	1	4	1	1
2989127	1	1	1	1	6	1	1
2989128	1	1	2	1	6	1	1
2989129	1	1	1	1	4	1	1
2989130	1	1	1	1	6	1	2
2989131	1	1	2	1	4	1	1
2989132	1	1	2	5	7	2	2
2989133	1	1	3	1	4	2	2
2989134	1	1	1	4	7	2	2
2989136	1	1	3	1	6	2	1
2989137	1	1	1	1	4	1	1
2989138	1	1	1	1	4	1	1
2989139	1	1	3	2	6	2	1
2989140	1	1	3	1	4	2	2
2989141	1	1	2	1	4	1	1
2989142	1	1	3	1	6	2	2
2989144	1	1	1	1	2	2	2
2989145	1	1	3	7	5	2	2
2989146	1	1	1	1	4	1	1
2989147	1	1	3	1	4	2	2
2989148	1	1	3	1	6	2	2
2989149	1	1	3	1	4	2	1
2989150	1	1	1	1	6	2	2
2989151	1	1	1	1	4	2	2
2989152	1	1	2	1	4	1	1
2989153	1	1	1	1	6	1	1
2989155	1	1	1	1	4	1	1
2989156	1	1	2	5	6	2	2
2989157	1	1	1	1	4	1	1
2989161	1	1	3	1	6	2	2
2989162	1	1	1	1	6	2	1
2989163	1	1	2	7	7	1	1
2989164	1	1	2	1	4	1	1
2989165	1	1	2	1	6	1	1
2989166	1	1	1	1	4	1	1
2989167	1	1	1	1	4	1	1
2989168	1	1	3	3	6	2	1
2989169	1	1	3	1	6	2	1
2989170	1	1	2	1	6	1	1
2989171	1	1	2	1	6	1	1
2989172	1	1	1	1	4	1	1
2989173	1	1	1	1	6	1	1
2989174	1	1	1	1	6	1	1
2989175	1	1	1	1	4	1	1
2989176	1	1	1	1	4	1	1
2989177	1	1	3	1	6	2	2
2989178	1	1	1	5	6	1	2
2989179	1	1	1	5	6	2	2
2989180	1	1	2	1	6	1	1
2989181	1	1	2	3	7	2	1
2989182	1	1	2	5	6	1	1
2989183	1	1	1	4	7	2	2
2989184	1	1	2	4	6	1	1
2989185	1	1	1	1	6	1	2
2989186	1	1	1	1	4	1	1
2989187	1	1	3	1	6	2	1
2989188	1	1	2	1	5	1	1
2989189	1	1	3	5	6	2	1
2989190	1	1	1	1	4	1	1
2989191	1	1	2	5	6	1	1
2989192	1	1	1	4	7	2	2
2989193	1	1	2	1	6	1	1
2989194	1	1	1	5	2	2	2
2989195	1	1	2	1	4	1	1
2989196	1	1	1	1	6	1	1
2989197	1	1	1	1	4	1	1
2989198	1	1	2	1	6	1	1
2989199	1	1	1	1	4	1	1
2989200	1	1	1	1	4	1	1
2989201	1	1	1	1	7	2	2
2989202	1	1	1	1	4	1	1
2989203	1	1	1	1	4	1	1
2989204	1	1	1	1	4	1	1
2989205	1	1	1	1	6	1	1
2989206	1	1	1	1	4	1	1
2989207	1	1	2	1	4	1	1
2989208	1	1	2	1	4	1	1
2989209	1	1	2	1	4	1	1
2989210	1	1	2	1	5	1	1
2989211	1	1	2	1	4	1	1
2989212	1	1	1	1	6	1	1
2989213	1	1	1	1	4	1	1
2989214	1	1	1	1	4	1	1
2989215	1	1	1	1	4	1	1
2989216	1	1	2	1	6	1	1
2989217	1	1	1	1	6	1	1
2989219	1	1	2	1	6	1	1
2989220	1	1	3	1	7	2	1
2989221	1	1	1	1	4	1	1
2989222	1	1	1	1	4	1	1
2989223	1	1	3	3	7	2	2
2989228	1	1	1	1	4	1	1
2989229	1	1	3	1	6	2	2
2989230	1	1	3	3	6	2	1
2989231	1	1	3	4	7	2	2
2989232	1	1	1	1	4	1	1
2989233	1	1	1	1	4	1	1
2989234	1	1	1	1	4	1	1
2989236	1	1	1	1	4	1	2
2989237	1	1	1	1	4	1	1
2989238	1	1	3	1	7	2	2
2989240	1	1	1	1	6	1	1
2989241	1	1	1	1	6	1	1
2989242	1	1	1	1	6	1	1
2989243	1	1	3	1	6	2	2
2989244	1	1	3	1	4	2	2
2989245	1	1	1	1	3	1	1
2989246	1	1	1	1	4	1	1
2989247	1	1	1	1	6	1	1
2989248	1	1	2	1	6	1	1
2989249	1	1	3	1	7	2	2
2989250	1	1	1	1	4	1	1
2989251	1	1	1	1	4	1	1
2989252	1	1	3	1	5	2	1
2989253	1	1	1	1	6	1	2
2989254	1	1	1	1	4	1	1
2989255	1	1	1	1	6	1	1
2989256	1	1	1	1	4	1	1
2989257	1	1	3	1	6	2	2
2989258	1	1	2	1	4	1	1
2989259	1	1	3	7	7	2	2
2989261	1	1	1	1	4	1	1
2989262	1	1	1	1	6	1	1
2989263	1	1	1	1	4	1	1
2989264	1	1	1	1	6	1	1
2989265	1	1	1	1	4	1	1
2989266	1	1	1	1	6	1	1
2989267	1	1	1	1	6	1	1
2989268	1	1	1	1	4	1	1
2989269	1	1	1	1	4	1	1
2989270	1	1	3	1	4	2	2
2989271	1	1	1	1	4	1	1
2989272	1	1	3	4	7	2	2
2989273	1	1	2	1	4	1	1
2989274	1	1	2	1	4	1	1
2989275	1	1	2	1	4	1	1
2989276	1	1	1	1	6	1	2
2989277	1	1	1	1	4	1	2
2989278	1	1	3	1	6	2	1
2989279	1	1	1	1	6	1	1
2989280	1	1	3	1	6	2	2
2989281	1	1	1	1	4	1	1
2989282	1	1	1	1	6	1	1
2989283	1	1	3	5	6	2	2
2989284	1	1	1	1	3	1	1
2989285	1	1	3	1	6	2	2
2989286	1	1	3	1	4	2	1
2989287	1	1	1	8	7	1	1
2989288	1	1	1	5	7	1	1
2989289	1	1	1	1	4	1	1
2989290	1	1	1	1	4	1	1
2989291	1	1	1	1	6	1	1
2989292	1	1	1	1	6	1	1
2989293	1	1	1	1	4	1	1
2989294	1	1	1	1	4	1	1
2989295	1	1	1	1	4	1	1
2989296	1	1	3	1	6	2	2
2989297	1	1	1	1	4	1	1
2989298	1	1	1	1	4	1	1
2989299	1	1	1	1	6	1	1
2989300	1	1	1	1	4	1	1
2989301	1	1	1	6	6	1	1
2989302	1	1	3	1	6	2	2
2989303	1	1	1	5	7	1	1
2989304	1	1	2	1	7	2	1
2989305	1	1	2	1	4	1	1
2989306	1	1	3	5	7	2	2
2989307	1	1	3	7	7	2	2
2989308	1	1	3	2	7	2	2
2989309	1	1	3	1	6	2	1
2989310	1	1	3	5	6	2	2
2989311	1	1	3	1	6	2	1
2989312	1	1	2	3	6	1	1
2989313	1	1	3	1	6	2	1
2989314	1	1	2	1	6	1	1
2989315	1	1	3	1	6	2	1
2989316	1	1	3	2	7	2	2
2989317	1	1	1	1	4	1	1
2989318	1	1	3	2	6	2	2
2989319	1	1	1	1	6	1	1
2989320	1	1	1	1	4	1	1
2989321	1	1	1	1	4	1	1
2989322	1	1	3	1	6	2	2
2989323	1	1	1	1	6	1	2
2989324	1	1	1	1	6	2	2
2989325	1	1	1	1	6	1	1
2989326	1	1	2	1	6	2	1
2989327	1	1	1	1	4	2	1
2989328	1	1	1	1	4	1	1
2989329	1	1	2	1	6	2	1
2989330	1	1	3	1	7	2	2
2989331	1	1	3	1	4	2	1
2989332	1	1	2	1	6	2	1
2989333	1	1	2	1	4	2	1
2989334	1	1	1	1	6	2	2
2989335	1	1	3	1	6	2	2
2989336	1	1	3	6	6	2	2
2989338	1	1	3	1	4	2	1
2989339	1	1	2	5	6	1	2
2989340	1	1	2	1	6	1	1
2989341	1	1	3	1	6	2	1
2989342	1	1	3	1	4	2	1
2989343	1	1	2	1	6	2	1
2989344	1	1	1	1	4	1	1
2989345	1	1	3	1	4	2	1
2989346	1	1	1	1	4	1	1
2989347	1	1	3	2	4	2	1
2989348	1	1	3	1	6	2	2
2989349	1	1	3	1	4	2	1
2989350	1	1	3	1	4	2	1
2989351	1	1	3	1	6	2	1
2989352	1	1	1	1	6	1	1
2989353	1	1	1	1	6	2	1
2989354	1	1	3	1	7	2	2
2989355	1	1	3	1	6	2	2
2989356	1	1	3	1	7	2	2
2989357	1	1	3	1	4	2	1
2989358	1	1	1	4	7	2	2
2989359	1	1	1	1	4	1	1
2989360	1	1	1	1	4	1	1
2989361	1	1	3	1	6	2	1
2989362	1	1	1	1	4	1	1
2989364	1	1	2	4	6	2	1
2989365	1	1	3	1	6	2	2
2989366	1	1	3	1	4	2	1
2989367	1	1	2	1	6	1	2
2989368	1	1	2	1	6	2	1
2989369	1	1	2	1	6	1	1
2989370	1	1	2	3	7	2	1
2989371	1	1	2	4	7	2	1
2989372	1	1	3	5	7	2	1
2989373	1	1	2	1	4	1	1
2989374	1	1	1	1	7	2	1
2989375	1	1	2	1	4	2	1
2989376	1	1	1	2	4	1	1
2989377	1	1	1	1	6	2	2
2989379	1	1	1	1	5	1	1
2989380	1	1	1	1	6	1	1
2989381	1	1	1	1	4	1	1
2989383	1	1	1	1	4	1	1
2989384	1	1	2	1	6	2	1
2989385	1	1	2	1	6	2	1
2989386	1	1	1	1	6	1	1
2989387	1	1	1	1	4	1	1
2989389	1	1	3	5	7	2	2
2989391	1	1	1	1	4	1	1
2989394	1	1	1	1	6	1	1
2989395	1	1	1	1	4	1	1
2989396	1	1	2	3	4	1	1
2989397	1	1	1	1	4	1	1
2989398	1	1	1	1	4	2	2
2989399	1	1	2	3	5	1	1
2989400	1	1	1	1	4	1	1
2989401	1	1	2	1	6	2	1
2989402	1	1	1	1	6	1	1
2989403	1	1	1	1	4	1	1
2989404	1	1	2	7	5	2	1
2989405	1	1	1	1	6	1	1
2989406	1	1	1	1	6	1	1
2989407	1	1	1	1	7	1	1
2989408	1	1	1	1	4	1	1
2989409	1	1	1	1	4	1	1
2989410	1	1	1	1	4	1	1
2989411	1	1	1	1	4	1	1
2989412	1	1	1	1	6	1	1
2989414	1	1	3	5	7	2	2
2989415	1	1	1	1	4	1	1
2989416	1	1	1	1	6	1	1
2989417	1	1	1	1	4	1	1
2989418	1	1	1	1	6	1	1
2989419	1	1	1	1	6	1	1
2989420	1	1	2	1	6	1	1
2989421	1	1	1	1	4	1	1
2989422	1	1	3	1	6	2	2
2989423	1	1	3	1	7	2	2
2989424	1	1	1	1	4	1	1
2989425	1	1	1	1	4	1	1
2989426	1	1	1	1	6	1	1
2989427	1	1	1	1	4	1	1
2989428	1	1	1	1	4	1	1
2989429	1	1	1	1	6	1	1
2989430	1	1	1	1	6	1	1
2989431	1	1	1	1	4	1	1
2989432	1	1	1	1	4	1	1
2989433	1	1	1	1	4	1	1
2989434	1	1	2	1	6	2	1
2989435	1	1	3	3	7	2	2
2989436	1	1	1	1	6	1	1
2989437	1	1	1	1	4	1	1
2989438	1	1	1	1	6	1	1
2989439	1	1	1	1	4	1	1
2989440	1	1	1	1	4	1	1
2989441	1	1	1	1	4	1	1
2989442	1	1	2	1	4	1	1
2989443	1	1	1	1	4	1	1
2989444	1	1	3	1	7	2	2
2989445	1	1	1	1	4	1	1
2989446	1	1	1	1	4	1	1
2989447	1	1	1	1	6	1	1
2989448	1	1	3	1	7	2	2
2989449	1	1	1	1	4	1	1
2989450	1	1	1	1	6	1	1
2989451	1	1	2	1	6	2	1
2989452	1	1	1	1	4	1	2
2989453	1	1	1	1	3	1	1
2989454	1	1	1	1	6	1	1
2989455	1	1	1	1	4	1	2
2989456	1	1	3	1	6	2	2
2989457	1	1	3	1	6	2	2
2989458	1	1	3	5	7	2	2
2989459	1	1	2	4	7	1	2
2989460	1	1	1	1	4	1	1
2989461	1	1	1	1	4	1	1
2989462	1	1	1	1	4	1	1
2989463	1	1	1	1	4	1	1
2989464	1	1	1	1	4	1	1
2989465	1	1	3	4	7	2	1
2989466	1	1	1	1	4	1	1
2989467	1	1	1	1	4	1	1
2989468	1	1	1	1	4	1	1
2989469	1	1	1	1	6	1	2
2989470	1	1	1	1	4	1	1
2989471	1	1	3	1	6	2	1
2989472	1	1	1	1	6	1	1
2989474	1	1	1	1	4	1	1
2989475	1	1	1	1	4	1	1
2989476	1	1	1	1	4	1	1
2989477	1	1	1	1	6	1	1
2989478	1	1	1	1	4	1	1
2989479	1	1	1	1	4	1	1
2989480	1	1	1	1	6	1	1
2989481	1	1	1	1	4	1	1
2989482	1	1	1	1	6	1	2
2989483	1	1	2	1	4	1	1
2989484	1	1	2	1	4	1	1
2989485	1	1	1	1	4	1	1
2989486	1	1	1	1	6	1	1
2989487	1	1	1	1	4	1	2
2989488	1	1	3	3	6	2	2
2989489	1	1	3	1	4	2	1
2989490	1	1	3	3	7	2	2
2989491	1	1	1	1	4	1	1
2989492	1	1	1	1	3	1	1
2989494	1	1	1	1	4	1	1
2989495	1	1	2	1	4	1	1
2989496	1	1	1	1	6	1	1
2989497	1	1	1	1	6	1	1
2989498	1	1	1	1	4	1	1
2989499	1	1	1	1	6	1	1
2989500	1	1	1	1	6	1	1
2989502	1	1	1	1	4	1	1
2989504	1	1	1	1	6	1	1
2989509	1	1	1	1	4	2	2
2989511	1	1	3	1	4	1	1
2989512	1	1	1	5	6	2	2
2989513	1	1	1	1	4	1	1
2989514	1	1	1	1	6	1	1
2989515	1	1	1	1	4	1	1
2989516	1	1	1	1	4	1	1
2989517	1	1	1	1	4	1	1
2989518	1	1	1	1	4	1	1
2989519	1	1	1	1	4	1	1
2989520	1	1	1	1	6	1	1
2989539	1	1	3	1	5	2	2
2989540	1	1	1	1	4	1	1
2989541	1	1	3	3	2	2	2
2989542	1	1	1	1	6	1	1
2989543	1	1	3	3	6	2	1
2989544	1	1	3	1	6	2	1
2989546	1	1	1	1	6	1	1
2989551	1	1	2	1	4	1	1
2989552	1	1	3	1	6	2	1
2989553	1	1	3	1	6	2	2
2989554	1	1	3	1	6	2	1
2989555	1	1	2	3	7	2	2
2989556	1	1	2	5	7	2	2
2989562	1	1	1	1	4	1	1
2989563	1	1	1	1	4	1	1
2989898	1	1	1	1	4	1	1
2989901	1	1	1	1	4	1	1
2989903	1	1	1	1	4	1	1
2989904	1	1	1	1	4	1	1
2989905	1	1	1	1	4	1	1
2989908	1	1	1	1	4	1	1
2989909	1	1	1	1	3	1	1
2989910	1	1	1	1	4	1	1
2989911	1	1	1	1	4	1	1
2989912	1	1	1	1	6	1	1
2989913	1	1	1	2	5	1	1
2989914	1	1	1	1	6	2	1
2989915	1	1	1	1	4	2	2
2989918	1	1	1	1	4	1	1
2989919	1	1	1	1	4	1	1
2989920	1	1	1	6	4	1	1
2989921	1	1	2	1	4	2	1
2989922	1	1	1	1	4	2	1
2989923	1	1	1	1	2	1	1
2989924	1	1	1	1	4	1	1
2989926	1	1	1	1	4	1	1
2989927	1	1	2	1	4	1	1
2989928	1	1	2	1	4	2	1
2989929	1	1	1	1	4	2	1
2989930	1	1	1	2	4	1	1
2989932	1	1	1	1	6	1	1
2989934	1	1	1	1	4	1	1
2989935	1	1	1	1	4	1	1
2989936	1	1	1	1	4	1	1
2989937	1	1	1	1	5	1	1
2989939	1	1	1	1	4	2	2
2989940	1	1	1	1	4	1	1
2989942	1	1	1	2	4	1	1
2989944	1	1	1	1	4	1	1
2989945	1	1	1	1	6	1	1
2989946	1	1	1	1	4	1	1
2989947	1	1	1	1	4	2	1
2989948	1	1	2	1	6	2	1
2989949	1	1	1	1	4	1	1
2989952	1	1	1	1	4	1	1
2989953	1	1	1	1	4	1	1
2989954	1	1	1	1	4	1	1
2989956	1	1	1	1	4	1	1
2989957	1	1	1	1	4	1	1
2989958	1	1	1	1	4	1	1
2989959	1	1	2	1	6	2	1
2989962	1	1	1	2	6	1	1
2989964	1	1	3	2	7	2	1
2989965	1	1	1	1	4	1	1
2989966	1	1	1	1	4	1	1
2989967	1	1	1	1	4	1	1
2989968	1	1	1	1	4	1	1
2989969	1	1	2	1	6	1	1
2989970	1	1	1	1	4	1	1
2989971	1	1	1	1	4	1	1
2989972	1	1	1	1	2	1	1
2989973	1	1	1	1	4	1	1
2989974	1	1	1	1	4	1	1
2989975	1	1	1	1	4	1	1
2989976	1	1	1	1	4	1	1
2989979	1	1	1	1	4	1	1
2989980	1	1	1	1	4	1	1
2989981	1	1	1	1	6	1	1
2989982	1	1	1	1	4	1	1
2989983	1	1	1	1	4	1	1
2989984	1	1	1	1	4	1	1
2989986	1	1	1	1	4	1	1
2989987	1	1	1	1	4	1	1
2989988	1	1	1	1	4	1	1
2989989	1	1	1	1	4	1	1
2989990	1	1	1	1	4	1	1
2989991	1	1	1	1	4	1	1
2989992	1	1	2	1	4	2	1
2989993	1	1	2	1	6	2	1
2989994	1	1	2	1	4	2	1
2989995	1	1	1	1	6	1	1
2989996	1	1	1	1	4	1	1
2989997	1	1	1	1	4	1	1
2989999	1	1	1	1	4	1	1
2990000	1	1	1	1	6	1	2
2990001	1	1	1	1	6	1	2
2990002	1	1	1	1	4	1	1
2990003	1	1	1	1	4	1	2
2990004	1	1	1	1	6	1	1
2990005	1	1	1	1	4	1	1
2990006	1	1	1	1	6	1	1
2990007	1	1	2	1	4	1	1
2990008	1	1	1	1	4	1	1
2990010	1	1	1	1	4	1	1
2990011	1	1	2	1	4	1	2
2990012	1	1	1	1	5	1	1
2990013	1	1	1	1	4	1	1
2990014	1	1	1	1	6	1	2
2990015	1	1	3	1	4	2	1
2990016	1	1	1	1	4	1	1
2990018	1	1	1	1	4	1	1
2990019	1	1	1	1	6	1	2
2990020	1	1	1	1	4	1	1
2990021	1	1	1	1	4	1	1
2990022	1	1	1	1	4	1	1
2990023	1	1	1	1	4	1	1
2990024	1	1	1	1	4	1	1
2990025	1	1	1	1	4	1	1
2990026	1	1	1	1	4	2	2
2990028	1	1	1	1	4	1	1
2990031	1	1	1	1	6	1	2
2990032	1	1	1	1	7	1	2
2990034	1	1	1	1	4	1	1
2990035	1	1	1	1	4	1	1
2990036	1	1	1	1	6	1	2
2990037	1	1	1	1	4	1	1
2990039	1	1	1	1	4	1	2
2990040	1	1	1	1	4	1	1
2990041	1	1	1	1	4	1	2
2990042	1	1	1	1	4	1	2
2990047	1	1	1	1	4	1	1
2990048	1	1	1	1	4	1	1
2990050	1	1	1	1	4	1	1
2990051	1	1	1	1	6	1	1
2990052	1	1	3	1	4	2	2
2990053	1	1	1	1	4	1	1
2990054	1	1	1	1	4	1	1
2990055	1	1	1	1	6	1	1
2990058	1	1	3	1	6	2	2
2990059	1	1	1	1	6	1	1
2990060	1	1	2	1	4	1	1
2990061	1	1	1	1	4	1	1
2990062	1	1	1	1	4	1	1
2990064	1	1	1	1	4	1	1
2990066	1	1	1	2	6	1	1
2990067	1	1	2	1	6	1	1
2990068	1	1	1	1	4	1	1
2990069	1	1	1	1	6	1	1
2990070	1	1	1	1	6	1	1
2990071	1	1	1	1	4	1	1
2990072	1	1	1	1	6	1	1
2990073	1	1	2	1	6	2	1
2990074	1	1	1	1	4	1	1
2990075	1	1	3	1	6	2	1
2990076	1	1	1	1	4	1	1
2990077	1	1	1	1	4	1	1
2990078	1	1	1	1	4	1	1
2990079	1	1	1	1	4	1	1
2990080	1	1	1	1	4	1	1
2990081	1	1	1	1	3	1	1
2990083	1	1	2	5	7	1	1
2990084	1	1	1	1	4	1	1
2990085	1	1	2	3	6	1	1
2990087	1	1	1	1	4	1	1
2990088	1	1	2	7	6	1	1
2990089	1	1	1	1	6	1	1
2990090	1	1	1	1	4	1	1
2990092	1	1	1	1	4	1	1
2990093	1	1	1	1	4	1	1
2990094	1	1	1	1	4	1	1
2990095	1	1	1	1	4	1	1
2990096	1	1	1	1	4	1	1
2990097	1	1	1	1	4	1	1
2990098	1	1	1	1	2	1	1
2990099	1	1	1	1	4	1	1
2990100	1	1	1	1	4	1	1
2990101	1	1	1	1	6	1	1
2990103	1	1	1	1	6	1	1
2990104	1	1	1	1	6	1	1
2990105	1	1	1	1	4	1	1
2990106	1	1	1	1	4	1	1
2990107	1	1	1	1	6	1	1
2990108	1	1	1	1	4	1	1
2990110	1	1	3	1	6	2	2
2990111	1	1	1	1	4	1	1
2990112	1	1	1	1	4	1	1
2990114	1	1	1	1	4	1	1
2990115	1	1	1	1	4	1	1
2990116	1	1	1	1	4	1	1
2990117	1	1	1	1	4	1	1
2990119	1	1	3	1	6	2	1
2990120	1	1	1	1	4	1	1
2990121	1	1	2	1	4	1	1
2990122	1	1	1	1	4	1	1
2990123	1	1	1	1	6	1	1
2990125	1	1	3	1	4	2	1
2990126	1	1	1	1	4	1	1
2990128	1	1	2	1	6	1	1
2990129	1	1	1	1	4	1	1
2990132	1	1	1	1	4	1	1
2990135	1	1	1	1	4	1	1
2990137	1	1	1	1	4	1	1
2990138	1	1	2	1	6	1	1
2990139	1	1	3	5	7	2	2
2990140	1	1	1	1	6	1	1
2990141	1	1	1	1	4	1	1
2990142	1	1	1	1	6	1	2
2990143	1	1	1	1	6	1	1
2990147	1	1	3	1	4	2	1
2990148	1	1	2	1	6	1	1
2990149	1	1	1	1	4	1	1
2990150	1	1	1	1	4	1	1
2990151	1	1	3	1	6	2	1
2990154	1	1	1	1	6	1	1
2990155	1	1	1	1	4	1	1
2990157	1	1	1	1	6	1	1
2990159	1	1	1	1	6	1	1
2990160	1	1	3	1	4	2	2
2990161	1	1	1	1	4	1	1
2990162	1	1	1	1	4	1	1
2990163	1	1	1	1	6	1	1
2990164	1	1	1	1	4	1	1
2990165	1	1	1	1	4	1	1
2990166	1	1	1	1	4	1	1
2990167	1	1	1	1	4	1	1
2990168	1	1	1	1	4	1	1
2990169	1	1	1	1	4	1	1
2990170	1	1	1	1	4	1	1
2990171	1	1	1	1	4	1	1
2990172	1	1	1	1	4	1	1
2990173	1	1	1	1	4	1	1
2990174	1	1	1	1	7	1	1
2990177	1	1	3	5	6	2	2
2990180	1	1	3	1	6	2	1
2990181	1	1	3	1	6	2	1
2990183	1	1	1	1	4	1	1
2990185	1	1	1	1	4	1	1
2990187	1	1	1	1	6	1	1
2990188	1	1	1	1	4	1	1
2990189	1	1	3	5	6	2	2
2990192	1	1	1	1	4	1	1
2990193	1	1	1	1	4	1	1
2990194	1	1	1	1	6	1	1
2990195	1	1	2	1	4	1	1
2990196	1	1	1	1	6	1	1
2990198	1	1	3	5	7	2	2
2990199	1	1	1	1	6	1	1
2990200	1	1	1	1	4	1	1
2990202	1	1	1	1	4	1	1
2990203	1	1	3	1	6	2	1
2990204	1	1	1	1	4	1	1
2990205	1	1	3	5	6	2	1
2990206	1	1	1	1	6	1	1
2990207	1	1	1	1	6	2	1
2990208	1	1	1	1	4	1	1
2990209	1	1	1	1	4	1	1
2990210	1	1	1	1	4	1	1
2990211	1	1	1	1	4	1	1
2990212	1	1	1	1	4	2	1
2990213	1	1	3	2	6	2	1
2990214	1	1	3	1	4	2	1
2990215	1	1	1	1	4	1	1
2990216	1	1	1	1	6	1	1
2990217	1	1	1	1	4	1	1
2990218	1	1	1	1	4	1	1
2990219	1	1	1	1	4	1	1
2990220	1	1	1	1	6	1	1
2990221	1	1	3	1	6	2	1
2990222	1	1	1	1	6	2	1
2990223	1	1	1	1	6	2	1
2990224	1	1	1	1	4	1	1
2990225	1	1	1	1	4	1	1
2990226	1	1	3	1	7	2	2
2990227	1	1	3	2	6	2	1
2990228	1	1	1	1	4	2	1
2990229	1	1	1	1	6	1	1
2990230	1	1	3	1	6	2	2
2990231	1	1	1	1	4	2	1
2990232	1	1	1	1	6	1	1
2990234	1	1	1	1	6	1	1
2990235	1	1	3	1	6	2	1
2990236	1	1	1	1	4	1	1
2990237	1	1	1	1	4	1	1
2990238	1	1	1	1	4	1	1
2990239	1	1	3	5	6	2	1
2990243	1	1	1	1	4	1	1
2990244	1	1	1	1	4	2	1
2990245	1	1	1	1	4	1	1
2990246	1	1	3	1	6	2	1
2990247	1	1	3	1	6	2	1
2990248	1	1	1	1	6	1	1
2990249	1	1	1	1	6	1	1
2990250	1	1	1	5	6	1	1
2990251	1	1	1	1	4	1	1
2990252	1	1	1	1	4	1	1
2990253	1	1	1	1	4	1	1
2990254	1	1	1	1	6	1	1
2990255	1	1	1	5	7	1	1
2990257	1	1	1	1	6	1	1
2990258	1	1	1	1	4	1	1
2990259	1	1	1	1	4	1	1
2990260	1	1	1	1	4	1	1
2990261	1	1	1	1	6	1	1
2990262	1	1	1	1	4	1	1
2990263	1	1	1	1	4	2	2
2990264	1	1	1	1	4	1	1
2990265	1	1	1	1	6	1	1
2990266	1	1	1	1	4	1	1
2990267	1	1	1	1	4	1	1
2990268	1	1	3	1	6	1	1
2990269	1	1	3	1	6	2	1
2990270	1	1	1	1	6	1	1
2990271	1	1	1	1	4	1	1
2990272	1	1	3	1	6	1	1
2990273	1	1	3	1	6	2	1
2990274	1	1	1	1	4	1	1
2990275	1	1	1	1	6	1	1
2990277	1	1	3	1	6	2	1
2990278	1	1	1	1	6	1	1
2990279	1	1	1	1	4	1	1
2990280	1	1	1	1	4	1	1
2990281	1	1	3	1	4	1	1
2990282	1	1	3	1	4	1	1
2990283	1	1	3	1	6	2	1
2990284	1	1	3	3	6	1	1
2990285	1	1	3	1	6	2	1
2990286	1	1	1	1	4	1	1
2990287	1	1	1	1	4	1	1
2990288	1	1	3	1	6	2	1
2990289	1	1	1	1	6	1	1
2990290	1	1	3	1	4	1	1
2990291	1	1	1	1	4	1	1
2990292	1	1	1	1	4	1	1
2990293	1	1	2	1	6	1	1
2990294	1	1	3	1	4	1	1
2990295	1	1	1	1	6	1	1
2990296	1	1	3	2	6	1	1
2990297	1	1	3	1	6	2	1
2990298	1	1	3	1	6	2	1
2990299	1	1	1	1	6	1	1
2990300	1	1	1	1	6	1	1
2990302	1	1	3	2	4	1	1
2990303	1	1	1	1	4	1	1
2990304	1	1	1	1	6	1	1
2990305	1	1	1	1	4	1	1
2990306	1	1	1	1	4	1	1
2990307	1	1	1	1	4	1	1
2990308	1	1	1	1	6	1	1
2990309	1	1	1	1	6	1	1
2990310	1	1	1	1	4	1	1
2990312	1	1	1	1	4	1	1
2990313	1	1	1	1	6	1	1
2990315	1	1	1	1	6	1	1
2990316	1	1	1	1	6	1	1
2990317	1	1	1	1	6	1	1
2990318	1	1	1	1	6	1	1
2990319	1	1	1	1	6	1	1
2990320	1	1	1	1	6	1	1
2990321	1	1	1	1	6	1	1
2990322	1	1	1	1	4	1	1
2990323	1	1	1	1	6	2	1
2990324	1	1	1	1	4	2	1
2990325	1	1	1	1	6	1	1
2990326	1	1	1	1	4	1	1
2990327	1	1	1	1	6	1	1
2990328	1	1	1	1	4	1	1
2990329	1	1	1	1	4	1	1
2990330	1	1	2	1	4	1	1
2990331	1	1	2	1	4	1	1
2990332	1	1	2	1	4	1	1
2990333	1	1	3	1	6	2	1
2990334	1	1	3	1	6	2	1
2990335	1	1	1	1	6	2	1
2990336	1	1	1	1	6	2	1
2990337	1	1	1	1	6	1	1
2990338	1	1	1	1	4	1	1
2990339	1	1	3	1	4	2	1
2990340	1	1	3	1	6	2	1
2990341	1	1	2	1	4	1	1
2990342	1	1	3	1	4	2	1
2990343	1	1	2	1	4	1	1
2990344	1	1	3	1	6	2	1
2990345	1	1	3	1	4	2	1
2990346	1	1	3	2	6	2	1
2990347	1	1	2	1	4	1	1
2990349	1	1	3	1	4	2	1
2990350	1	1	2	1	4	1	1
2990351	1	1	3	2	6	2	1
2990352	1	1	3	2	4	2	1
2990353	1	1	1	1	6	2	1
2990354	1	1	1	1	4	2	1
2990355	1	1	1	1	6	1	1
2990356	1	1	3	2	7	2	1
2990357	1	1	2	1	4	1	1
2990358	1	1	2	1	4	1	1
2990359	1	1	2	1	4	1	1
2990360	1	1	3	2	6	2	1
2990361	1	1	1	1	4	1	1
2990363	1	1	3	1	6	2	1
2990364	1	1	3	1	6	2	1
2990365	1	1	3	2	5	2	1
2990366	1	1	3	2	6	2	1
2990367	1	1	3	1	6	2	1
2990368	1	1	3	1	6	2	2
2990369	1	1	3	2	6	2	1
2990372	1	1	1	1	6	1	1
2990373	1	1	3	1	6	2	1
2990374	1	1	2	1	4	1	1
2990375	1	1	3	4	6	2	2
2990379	1	1	2	1	6	1	1
2990380	1	1	2	1	6	1	1
2990381	1	1	3	5	7	2	2
2990382	1	1	1	1	4	1	1
2990383	1	1	3	1	6	2	1
2990384	1	1	1	1	6	1	1
2990385	1	1	2	1	6	1	1
2990386	1	1	3	1	6	2	2
2990387	1	1	2	1	6	1	1
2990388	1	1	2	8	6	1	1
2990389	1	1	1	5	7	1	1
2990390	1	1	2	1	6	1	1
2990392	1	1	1	1	4	1	1
2990393	1	1	3	1	6	2	1
2990394	1	1	3	2	6	2	1
2990395	1	1	1	1	4	1	1
2990396	1	1	1	1	4	1	1
2990397	1	1	1	1	4	1	1
2990398	1	1	1	5	6	1	1
2990399	1	1	1	1	6	1	1
2990400	1	1	1	1	4	1	1
2990402	1	1	1	1	4	1	1
2990407	1	1	3	1	6	2	1
2990408	1	1	3	1	7	2	1
2990409	1	1	1	1	4	2	2
2990410	1	1	3	1	4	2	1
2990411	1	1	3	1	4	2	1
2990412	1	1	3	1	4	1	1
2990413	1	1	3	1	6	2	1
2990414	1	1	3	1	6	2	1
2990415	1	1	1	2	6	1	1
2990416	1	1	3	2	7	2	1
2990417	1	1	1	1	6	1	1
2990418	1	1	3	1	4	2	1
2990419	1	1	1	2	6	1	1
2990420	1	1	3	1	4	2	1
2990421	1	1	3	1	6	2	1
2990422	1	1	3	1	6	2	1
2990423	1	1	3	1	4	2	1
2990424	1	1	3	1	6	2	1
2990425	1	1	1	1	6	1	1
2990426	1	1	3	1	4	2	1
2990427	1	1	3	1	4	2	1
2990428	1	1	3	2	7	2	1
2990429	1	1	3	2	7	2	1
2990430	1	1	3	2	6	2	1
2990431	1	1	2	1	6	1	1
2990432	1	1	1	1	4	1	1
2990433	1	1	1	1	4	1	1
2990434	1	1	3	2	6	2	1
2990435	1	1	1	1	4	1	1
2990436	1	1	2	1	4	1	1
2990437	1	1	2	1	6	1	1
2990438	1	1	1	1	4	1	1
2990439	1	1	3	2	7	2	1
2990440	1	1	1	1	4	1	1
2990441	1	1	1	1	4	1	1
2990442	1	1	1	1	4	1	1
2990443	1	1	1	1	6	1	1
2990444	1	1	1	1	4	1	1
2990445	1	1	3	2	6	2	1
2990446	1	1	1	1	4	1	1
2990447	1	1	1	1	4	1	1
2990448	1	1	1	1	6	1	1
2990449	1	1	1	1	6	1	1
2990450	1	1	3	1	4	2	1
2990451	1	1	3	1	4	2	1
2990452	1	1	1	1	4	1	1
2990453	1	1	1	1	4	1	1
2990455	1	1	1	1	4	1	1
2990456	1	1	1	1	4	1	1
2990457	1	1	1	2	6	1	1
2990458	1	1	1	1	4	1	1
2990459	1	1	1	1	6	1	1
2990460	1	1	1	1	4	1	1
2990461	1	1	1	1	4	1	1
2990462	1	1	1	1	4	1	1
2990463	1	1	1	1	4	1	1
2990464	1	1	1	1	4	1	1
2990468	1	1	1	1	4	1	1
2990469	1	1	1	1	4	1	1
2990470	1	1	1	1	6	1	1
2990472	1	1	1	1	4	1	1
2990478	1	1	1	1	4	1	1
2990480	1	1	2	1	6	1	1
2990481	1	1	2	1	6	1	1
2990482	1	1	1	1	4	1	1
2990483	1	1	2	1	6	1	1
2990484	1	1	1	2	6	1	1
2990485	1	1	2	1	6	2	1
2990486	1	1	2	1	6	1	1
2990487	1	1	2	1	6	1	1
2990488	1	1	1	1	4	1	1
2990489	1	1	1	1	6	1	1
2990490	1	1	1	1	2	1	1
2990491	1	1	1	1	6	1	1
2990492	1	1	1	1	4	1	1
2990493	1	1	1	1	4	1	1
2990494	1	1	1	1	4	1	1
2990495	1	1	1	1	4	1	1
2990496	1	1	1	1	4	1	1
2990497	1	1	1	1	6	1	1
2990498	1	1	1	1	4	1	1
2990499	1	1	2	1	4	1	1
2990500	1	1	1	1	4	1	1
2990501	1	1	1	1	4	1	1
2990502	1	1	1	1	6	1	1
2990503	1	1	3	5	6	2	2
2990504	1	1	1	1	4	1	1
2990505	1	1	1	1	4	1	1
2990506	1	1	1	1	4	1	1
2990507	1	1	2	1	4	1	1
2990508	1	1	1	1	6	2	1
2990509	1	1	2	1	4	1	1
2990510	1	1	1	1	6	1	1
2990511	1	1	1	1	4	1	1
2990512	1	1	2	1	6	1	1
2990513	1	1	2	1	4	1	1
2990514	1	1	1	1	4	1	1
2990515	1	1	2	1	4	1	1
2990516	1	1	1	1	4	1	1
2990517	1	1	1	1	4	1	1
2990518	1	1	1	1	4	1	1
2990519	1	1	3	1	4	1	1
2990520	1	1	3	1	4	1	1
2990521	1	1	3	1	4	1	1
2990522	1	1	1	1	4	1	1
2990523	1	1	2	1	6	1	1
2990524	1	1	2	1	4	1	1
2990525	1	1	2	1	6	1	1
2990526	1	1	2	1	4	1	1
2990527	1	1	2	1	4	1	1
2990528	1	1	1	1	4	1	1
2990529	1	1	2	1	6	1	1
2990530	1	1	3	1	6	2	1
2990531	1	1	3	1	4	2	1
2990532	1	1	2	1	4	1	1
2990533	1	1	3	1	4	2	2
2990534	1	1	1	1	4	1	1
2990535	1	1	3	1	6	2	1
2990536	1	1	1	1	4	1	1
2990537	1	1	2	1	4	1	1
2990538	1	1	2	1	4	1	1
2990539	1	1	1	1	4	1	1
2990540	1	1	2	1	4	1	1
2990541	1	1	1	1	4	1	1
2990542	1	1	1	1	4	1	1
2990543	1	1	1	1	4	1	1
2990544	1	1	2	1	4	1	1
2990545	1	1	2	1	4	1	1
2990546	1	1	2	1	4	1	1
2990547	1	1	2	1	4	1	1
2990548	1	1	2	1	4	1	1
2990549	1	1	2	1	4	1	1
2990550	1	1	1	1	4	1	1
2990551	1	1	1	1	4	1	1
2990552	1	1	1	1	4	1	1
2990553	1	1	1	1	3	1	1
2990554	1	1	1	1	4	1	1
2990555	1	1	2	1	4	1	1
2990556	1	1	1	1	4	1	1
2990557	1	1	2	1	4	1	1
2990558	1	1	1	1	4	1	1
2990559	1	1	1	1	4	1	1
2990560	1	1	2	1	4	1	1
2990561	1	1	2	1	4	1	1
2990562	1	1	2	1	4	1	1
2990563	1	1	3	1	4	1	1
2990564	1	1	2	1	4	1	1
2990565	1	1	3	1	2	2	1
2990566	1	1	1	1	7	1	1
2990567	1	1	3	1	6	1	1
2990568	1	1	3	1	6	2	1
2990569	1	1	3	1	6	2	1
2990570	1	1	3	1	4	2	1
2990571	1	1	3	1	6	1	1
2990572	1	1	3	1	6	1	1
2990573	1	1	1	1	4	1	1
2990574	1	1	1	1	4	1	1
2990575	1	1	3	1	6	1	1
2990576	1	1	3	1	6	1	1
2990577	1	1	3	1	4	2	1
2990578	1	1	3	1	4	1	1
2990579	1	1	3	3	6	2	1
2990580	1	1	3	1	4	1	1
2990581	1	1	1	1	4	1	1
2990582	1	1	1	1	4	1	1
2990583	1	1	1	1	4	1	1
2990584	1	1	1	1	4	1	1
2990585	1	1	3	1	4	1	1
2990586	1	1	2	1	6	1	1
2990587	1	1	1	1	4	1	1
2990588	1	1	3	2	4	2	2
2990589	1	1	2	1	4	1	1
2990590	1	1	3	1	7	2	1
2990591	1	1	2	1	4	2	1
2990592	1	1	1	1	4	1	1
2990593	1	1	3	1	7	2	2
2990594	1	1	3	1	7	1	1
2990595	1	1	3	1	4	1	1
2990596	1	1	1	5	7	1	1
2990597	1	1	3	2	7	2	2
2990598	1	1	1	1	4	1	1
2990599	1	1	3	1	6	2	1
2990600	1	1	1	5	6	1	1
2990601	1	1	3	4	6	2	1
2990602	1	1	2	1	4	1	1
2990603	1	1	3	1	6	2	1
2990604	1	1	3	1	6	1	1
2990605	1	1	3	1	6	1	1
2990606	1	1	1	1	4	1	1
2990607	1	1	2	1	6	1	2
2990608	1	1	3	1	6	2	1
2990609	1	1	1	1	4	1	1
2990610	1	1	3	1	4	2	1
2990611	1	1	3	1	6	2	1
2990612	1	1	1	1	4	1	1
2990613	1	1	1	1	4	1	1
2990614	1	1	3	1	6	2	2
2990615	1	1	1	1	4	1	1
2990616	1	1	2	1	4	1	1
2990617	1	1	1	5	5	1	1
2990618	1	1	1	1	4	1	1
2990619	1	1	1	1	6	1	1
2990620	1	1	1	1	4	1	1
2990621	1	1	2	1	4	1	1
2990622	1	1	3	1	6	2	1
2990623	1	1	1	1	6	1	1
2990624	1	1	1	1	4	1	1
2990625	1	1	1	1	4	1	1
2990626	1	1	1	1	3	1	1
2990627	1	1	1	1	4	1	1
2990628	1	1	1	1	4	1	1
2990629	1	1	1	1	4	1	1
2990630	1	1	1	1	4	1	1
2990631	1	1	1	1	6	1	1
2990632	1	1	1	1	5	1	1
2990633	1	1	1	3	6	1	1
2990634	1	1	1	1	4	1	1
2990635	1	1	1	1	6	1	1
2990636	1	1	1	1	6	1	1
2990637	1	1	1	1	4	1	1
2990638	1	1	1	1	4	1	1
2990640	1	1	1	1	4	1	1
2990641	1	1	1	1	4	1	1
2990642	1	1	1	1	4	1	1
2990643	1	1	2	3	6	1	1
2990644	1	1	2	1	4	2	1
2990645	1	1	2	1	6	2	1
2990646	1	1	1	1	4	1	1
2990647	1	1	2	2	6	1	1
2990648	1	1	3	1	6	2	2
2990649	1	1	3	1	6	2	1
2990650	1	1	3	3	6	2	1
2990651	1	1	3	1	6	2	1
2990654	1	1	1	1	4	1	2
2990657	1	1	1	1	6	1	1
2990658	1	1	1	1	4	1	1
2990660	1	1	1	1	6	1	1
2990661	1	1	1	1	4	1	1
2990662	1	1	1	1	4	1	1
2990663	1	1	2	1	4	1	2
2990664	1	1	2	1	4	1	2
2990666	1	1	1	1	6	1	1
2990667	1	1	2	1	4	1	1
2990668	1	1	1	1	4	1	1
2990671	1	1	2	1	4	1	1
2990672	1	1	3	1	4	2	1
2990673	1	1	1	1	4	1	1
2990674	1	1	2	1	4	1	1
2990675	1	1	1	1	4	1	1
2990676	1	1	1	1	4	1	1
2990678	1	1	1	1	4	1	1
2990679	1	1	1	1	6	1	1
2990681	1	1	1	1	4	1	1
2990682	1	1	1	1	4	1	1
2990683	1	1	1	1	4	1	1
2990684	1	1	1	1	4	1	1
2990686	1	1	2	1	4	1	1
2990687	1	1	1	1	4	1	1
2990688	1	1	1	1	4	1	1
2990689	1	1	2	1	4	1	1
2990690	1	1	1	1	4	1	1
2990691	1	1	1	1	4	1	1
2990692	1	1	1	1	4	1	1
2990693	1	1	1	1	4	1	1
2990694	1	1	1	1	4	1	1
2990695	1	1	1	1	4	1	1
2990696	1	1	1	1	4	1	1
2990699	1	1	2	1	4	1	1
2990700	1	1	2	1	4	1	1
2990701	1	1	2	1	4	1	1
2990702	1	1	1	1	4	1	1
2990703	1	1	1	1	4	1	1
2990704	1	1	1	1	4	1	1
2990705	1	1	1	1	4	1	1
2990706	1	1	2	1	4	1	1
2990707	1	1	2	1	4	2	1
2990709	1	1	2	1	4	1	1
2990710	1	1	3	1	4	2	2
2990711	1	1	2	1	4	2	1
2990712	1	1	2	1	4	1	1
2990714	1	1	1	1	4	1	1
2990716	1	1	2	1	4	1	1
2990717	1	1	2	1	4	1	1
2990718	1	1	1	1	4	1	1
2990719	1	1	2	1	4	1	1
2990720	1	1	1	1	4	1	1
2990721	1	1	1	1	4	1	1
2990722	1	1	1	1	4	1	1
2990724	1	1	1	1	4	1	1
2990725	1	1	2	1	4	2	1
2990726	1	1	1	1	4	1	1
2990727	1	1	1	1	4	1	1
2990728	1	1	2	1	4	1	1
2990729	1	1	2	1	4	1	1
2990730	1	1	1	1	6	1	1
2990732	1	1	1	1	4	1	1
2990733	1	1	1	1	4	1	1
2990736	1	1	1	1	4	1	1
2990737	1	1	1	1	4	1	2
2990738	1	1	1	1	4	1	1
2990739	1	1	1	1	4	1	1
2990740	1	1	3	1	4	2	1
2990741	1	1	1	1	6	1	1
2990742	1	1	2	1	4	1	1
2990743	1	1	1	1	4	1	2
2990744	1	1	3	1	4	2	1
2990745	1	1	1	1	4	1	1
2990746	1	1	2	1	4	1	1
2990747	1	1	1	1	4	1	1
2990748	1	1	3	1	4	2	1
2990749	1	1	3	1	4	2	1
2990750	1	1	3	1	4	2	1
2990751	1	1	3	1	4	2	1
2990753	1	1	3	1	6	2	1
2990754	1	1	2	1	4	1	2
2990755	1	1	1	1	4	1	1
2990756	1	1	1	1	4	1	1
2990757	1	1	1	1	4	1	1
2990758	1	1	3	1	4	2	1
2990759	1	1	3	1	4	2	1
2990760	1	1	3	1	4	2	1
2990761	1	1	3	1	4	2	1
2990762	1	1	1	1	4	1	1
2990763	1	1	1	1	4	1	1
2990764	1	1	1	1	4	1	1
2990765	1	1	1	1	4	1	1
2990767	1	1	3	5	6	2	2
2990768	1	1	3	5	7	2	2
2990769	1	1	3	8	7	2	2
2990770	1	1	1	1	4	1	1
2990771	1	1	3	8	7	2	2
2990772	1	1	2	1	4	1	2
2990773	1	1	3	1	6	2	2
2990774	1	1	3	1	6	2	2
2990775	1	1	3	5	6	2	2
2990776	1	1	1	3	7	2	2
2990777	1	1	3	1	6	2	2
2990778	1	1	3	1	4	2	2
2990779	1	1	3	1	5	2	2
2990781	1	1	1	1	4	2	1
2990782	1	1	3	1	4	2	2
2990784	1	1	2	1	4	1	1
2990785	1	1	2	1	4	1	2
2990786	1	1	2	1	4	1	1
2990787	1	1	3	5	6	2	2
2990788	1	1	1	1	6	1	1
2990789	1	1	2	1	6	2	1
2990790	1	1	1	1	4	1	1
2990791	1	1	3	1	4	2	2
2990792	1	1	1	1	6	1	1
2990793	1	1	1	1	6	1	1
2990794	1	1	1	5	6	2	2
2990795	1	1	1	1	6	1	1
2990796	1	1	1	1	4	2	2
2990797	1	1	1	1	4	1	1
2990798	1	1	1	1	6	1	1
2990799	1	1	1	1	6	2	1
2990800	1	1	1	1	4	1	1
2990801	1	1	1	5	6	2	2
2990802	1	1	2	1	6	1	1
2990803	1	1	2	1	6	1	1
2990804	1	1	2	1	6	1	1
2990805	1	1	1	1	4	1	1
2990806	1	1	2	1	6	1	1
2990807	1	1	1	1	6	1	1
2990808	1	1	1	1	4	1	1
2990810	1	1	2	1	6	1	1
2990811	1	1	1	1	4	1	1
2990812	1	1	2	1	6	1	1
2990813	1	1	2	1	6	1	1
2990815	1	1	1	1	4	1	1
2990816	1	1	1	1	4	2	2
2990817	1	1	1	1	4	1	1
2990818	1	1	2	1	6	2	2
2990819	1	1	1	1	4	1	1
2990820	1	1	2	1	6	1	1
2990821	1	1	1	1	4	1	1
2990822	1	1	2	1	6	1	1
2990823	1	1	1	1	6	2	1
2990824	1	1	2	1	6	1	1
2990825	1	1	2	1	6	1	1
2990826	1	1	1	5	4	2	2
2990827	1	1	1	1	4	1	1
2990828	1	1	2	1	4	1	1
2990829	1	1	2	1	4	1	1
2990830	1	1	2	1	4	1	1
2990831	1	1	3	1	6	2	2
2990832	1	1	1	1	4	1	1
2990833	1	1	1	1	4	1	1
2990834	1	1	1	1	4	2	2
2990835	1	1	1	1	6	1	1
2990836	1	1	3	8	7	2	2
2990837	1	1	1	1	4	1	1
2990838	1	1	3	1	4	2	2
2990839	1	1	1	1	4	1	1
2990841	1	1	3	6	4	2	1
2990842	1	1	2	1	4	1	1
2990843	1	1	2	1	4	1	1
2990844	1	1	3	1	4	2	1
2990845	1	1	2	1	4	1	1
2990846	1	1	2	1	6	1	1
2990847	1	1	3	1	4	2	1
2990848	1	1	2	1	4	1	1
2990849	1	1	2	1	6	2	1
2990850	1	1	2	1	4	1	1
2990851	1	1	1	1	4	2	2
2990853	1	1	2	1	6	2	2
2990854	1	1	2	1	6	2	2
2990855	1	1	2	1	6	2	2
2990856	1	1	2	1	4	2	2
2990857	1	1	2	1	4	2	2
2990858	1	1	2	1	6	2	1
2990859	1	1	1	1	4	1	2
2990860	1	1	2	1	6	1	1
2990861	1	1	2	1	6	2	2
2990862	1	1	2	1	6	2	2
2990863	1	1	2	1	6	1	1
2990864	1	1	2	1	6	2	2
2990865	1	1	2	1	6	1	1
2990866	1	1	2	1	6	1	1
2990867	1	1	2	1	6	2	2
2990868	1	1	2	1	6	2	2
2990869	1	1	2	5	7	1	1
2990870	1	1	2	1	6	1	1
2990871	1	1	2	1	6	2	2
2990872	1	1	2	1	6	2	2
2990873	1	1	2	5	6	2	1
2990874	1	1	2	1	6	2	2
2990875	1	1	2	1	6	2	2
2990876	1	1	2	1	6	2	2
2990877	1	1	2	1	4	2	2
2990878	1	1	2	1	6	1	1
2990879	1	1	2	1	6	1	1
2990881	1	1	2	1	4	1	1
2990882	1	1	2	1	4	1	1
2990883	1	1	3	1	6	2	2
2990884	1	1	2	1	6	2	2
2990885	1	1	3	1	6	2	2
2990886	1	1	3	1	6	2	2
2990887	1	1	2	1	6	1	1
2990888	1	1	1	1	4	1	1
2990889	1	1	1	1	4	1	1
2990890	1	1	2	3	7	2	2
2990891	1	1	1	1	4	1	1
2990892	1	1	1	1	6	1	1
2990893	1	1	1	1	6	1	1
2990894	1	1	3	1	6	2	2
2990895	1	1	1	1	6	1	1
2990896	1	1	1	1	4	1	1
2990897	1	1	1	1	4	1	1
2990898	1	1	1	1	4	1	1
2990899	1	1	2	1	6	2	1
2990900	1	1	3	1	6	2	2
2990901	1	1	2	1	6	1	1
2990903	1	1	2	1	4	1	1
2990904	1	1	1	1	4	1	1
2990906	1	1	2	1	6	2	1
2990907	1	1	2	1	6	2	2
2990908	1	1	1	1	4	1	1
2990909	1	1	2	1	6	1	1
2990910	1	1	1	1	4	1	1
2990911	1	1	1	1	4	1	1
2990912	1	1	1	1	4	1	1
2990913	1	1	1	1	4	1	1
2990914	1	1	2	1	4	1	1
2990915	1	1	3	1	6	2	2
2990916	1	1	2	1	6	2	2
2990917	1	1	1	1	4	1	1
2990918	1	1	2	4	6	2	1
2990919	1	1	1	1	4	1	1
2990920	1	1	2	1	6	1	2
2990921	1	1	1	1	4	1	1
2990922	1	1	1	1	4	1	1
2990923	1	1	3	1	6	2	2
2990924	1	1	1	3	4	1	1
2990925	1	1	2	1	6	2	1
2990926	1	1	1	1	4	1	1
2990927	1	1	1	1	4	1	1
2990929	1	1	2	1	6	2	2
2990930	1	1	2	1	6	1	1
2990931	1	1	1	1	4	1	1
2990932	1	1	2	1	6	1	1
2990933	1	1	1	1	4	1	1
2990934	1	1	1	3	4	1	1
2990935	1	1	1	1	4	1	1
2990936	1	1	1	1	4	1	1
2990937	1	1	2	1	6	2	1
2990938	1	1	1	2	4	1	1
2990939	1	1	1	1	4	1	1
2990940	1	1	2	1	4	2	1
2990941	1	1	1	4	6	1	1
2990942	1	1	1	1	4	1	1
2990943	1	1	2	1	4	1	1
2990944	1	1	1	1	6	1	1
2990945	1	1	2	1	4	1	1
2990946	1	1	1	1	4	2	2
2990947	1	1	1	1	6	2	2
2990948	1	1	1	1	6	1	1
2990949	1	1	2	1	4	1	1
2990950	1	1	1	1	6	1	1
2990951	1	1	1	1	6	1	1
2990952	1	1	2	1	6	1	1
2990953	1	1	1	1	4	1	1
2990954	1	1	2	1	6	2	2
2990955	1	1	2	1	4	1	1
2990956	1	1	2	1	4	1	1
2990957	1	1	1	1	6	2	1
2990958	1	1	1	1	4	2	1
2990959	1	1	1	1	4	2	2
2990960	1	1	1	1	4	1	1
2990961	1	1	2	1	6	1	1
2990962	1	1	1	1	4	1	1
2990963	1	1	1	1	4	2	2
2990964	1	1	1	1	6	2	2
2990965	1	1	1	1	4	1	1
2990966	1	1	1	1	4	2	2
2990967	1	1	2	1	6	2	1
2990968	1	1	1	1	4	1	1
2990969	1	1	1	1	4	1	1
2990970	1	1	3	1	4	2	1
2990971	1	1	1	1	4	1	1
2990972	1	1	3	1	6	2	1
2990973	1	1	3	1	6	2	2
2990974	1	1	3	1	6	2	2
2990975	1	1	3	1	6	2	2
2990976	1	1	1	1	5	1	1
2990977	1	1	3	1	6	2	2
2990978	1	1	1	1	4	1	1
2990979	1	1	1	2	4	1	1
2990980	1	1	1	1	4	1	1
2990981	1	1	3	1	4	2	1
2990982	1	1	2	1	4	1	1
2990983	1	1	1	1	4	1	1
2990984	1	1	1	1	4	1	1
2990985	1	1	2	3	6	1	1
2990986	1	1	2	1	6	1	1
2990987	1	1	3	1	6	2	2
2990988	1	1	1	1	4	1	1
2990989	1	1	1	1	4	1	1
2990990	1	1	1	1	4	1	1
2990991	1	1	1	1	4	1	1
2990992	1	1	3	1	6	2	2
2990993	1	1	1	1	4	1	1
2990994	1	1	2	1	4	1	1
2990995	1	1	2	1	6	2	2
2990996	1	1	3	1	5	2	1
2990998	1	1	1	1	7	1	1
2990999	1	1	1	1	6	1	1
2991000	1	1	2	1	6	1	1
2991001	1	1	1	1	4	1	1
2991002	1	1	2	1	6	1	1
2991003	1	1	1	1	7	1	1
2991004	1	1	3	1	6	2	2
2991005	1	1	3	5	7	2	2
2991006	1	1	1	1	4	1	1
2991007	1	1	2	1	6	1	1
2991008	1	1	3	5	7	2	2
2991009	1	1	3	5	7	2	2
2991010	1	1	2	3	4	1	1
2991011	1	1	2	1	6	1	1
2991012	1	1	1	1	4	1	1
2991013	1	1	2	1	6	2	2
2991014	1	1	1	1	4	1	2
2991015	1	1	3	1	4	2	2
2991016	1	1	3	1	4	2	1
2991017	1	1	1	1	4	1	1
2991018	1	1	2	1	4	1	1
2991019	1	1	3	1	4	2	1
2991020	1	1	3	1	6	1	1
2991021	1	1	3	1	4	2	1
2991022	1	1	2	1	6	1	1
2991023	1	1	2	1	4	2	1
2991024	1	1	1	1	4	1	1
2991025	1	1	2	1	6	1	1
2991026	1	1	1	1	4	1	1
2991027	1	1	3	1	6	2	2
2991028	1	1	1	1	4	1	1
2991029	1	1	3	1	6	2	1
2991030	1	1	2	1	6	2	1
2991031	1	1	1	1	6	1	1
2991032	1	1	1	1	4	1	1
2991033	1	1	3	1	4	2	1
2991034	1	1	1	1	4	2	2
2991036	1	1	3	1	6	2	1
2991037	1	1	2	1	6	1	1
2991038	1	1	1	1	4	1	1
2991039	1	1	2	1	6	2	1
2991040	1	1	2	1	6	2	1
2991041	1	1	2	1	6	2	1
2991042	1	1	2	1	6	2	1
2991043	1	1	2	1	4	2	1
2991045	1	1	3	1	6	2	1
2991046	1	1	2	1	6	1	1
2991047	1	1	2	2	6	2	1
2991048	1	1	3	1	7	2	2
2991049	1	1	1	1	4	1	1
2991050	1	1	1	1	4	2	2
2991051	1	1	1	1	4	2	2
2991052	1	1	2	1	6	2	2
2991053	1	1	2	1	6	1	1
2991054	1	1	3	1	6	2	1
2991055	1	1	3	1	6	2	1
2991056	1	1	2	5	6	2	1
2991057	1	1	2	1	6	1	1
2991058	1	1	1	4	7	2	2
2991059	1	1	2	1	4	1	1
2991060	1	1	1	1	6	1	1
2991061	1	1	3	5	6	2	2
2991062	1	1	2	1	6	2	1
2991063	1	1	1	1	4	1	1
2991064	1	1	1	1	4	1	1
2991065	1	1	1	1	4	2	2
2991066	1	1	2	1	4	1	1
2991067	1	1	3	1	6	2	1
2991068	1	1	2	1	4	1	1
2991069	1	1	3	1	6	2	2
2991070	1	1	2	1	6	1	1
2991071	1	1	1	1	4	1	1
2991072	1	1	2	1	6	2	2
2991073	1	1	1	1	4	1	1
2991074	1	1	3	5	7	2	1
2991075	1	1	1	1	4	1	1
2991076	1	1	3	1	6	1	1
2991077	1	1	1	1	4	1	1
2991078	1	1	3	1	4	2	1
2991079	1	1	1	1	6	1	1
2991080	1	1	1	1	4	1	1
2991081	1	1	1	1	7	1	1
2991082	1	1	3	1	6	2	1
2991083	1	1	3	1	6	2	1
2991084	1	1	3	1	4	2	2
2991086	1	1	1	1	4	2	2
2991087	1	1	3	1	6	2	2
2991089	1	1	1	1	4	1	1
2991090	1	1	2	1	6	2	1
2991091	1	1	2	5	6	2	1
2991092	1	1	1	4	6	1	2
2991094	1	1	1	1	4	1	1
2991095	1	1	1	1	4	2	1
2991096	1	1	2	1	6	1	1
2991097	1	1	2	1	4	1	1
2991098	1	1	1	1	4	1	1
2991099	1	1	1	1	4	1	1
2991100	1	1	3	2	4	2	2
2991101	1	1	1	1	4	1	1
2991102	1	1	1	1	4	1	1
2991103	1	1	3	1	6	2	1
2991104	1	1	2	1	6	2	1
2991105	1	1	1	1	4	1	1
2991106	1	1	2	1	6	2	2
2991107	1	1	2	1	6	2	1
2991108	1	1	2	2	4	2	1
2991109	1	1	3	2	6	2	1
2991110	1	1	2	1	6	2	2
2991111	1	1	2	5	6	2	2
2991112	1	1	2	5	6	2	1
2991114	1	1	2	2	6	2	1
2991116	1	1	3	1	7	2	1
2991117	1	1	3	1	6	2	1
2991118	1	1	1	1	4	1	1
2991119	1	1	2	1	6	2	1
2991120	1	1	1	1	4	1	1
2991121	1	1	2	1	4	1	1
2991122	1	1	2	1	6	2	2
2991123	1	1	2	1	6	1	1
2991124	1	1	2	1	4	2	1
2991125	1	1	1	1	4	1	1
2991126	1	1	2	1	4	1	1
2991127	1	1	2	1	4	1	1
2991128	1	1	1	1	4	1	1
2991129	1	1	2	1	4	2	1
2991130	1	1	3	4	6	2	1
2991131	1	1	2	1	6	2	1
2991132	1	1	3	1	6	2	1
2991133	1	1	1	1	4	1	1
2991134	1	1	2	1	4	1	1
2991135	1	1	2	1	6	2	2
2991136	1	1	2	1	6	2	1
2991137	1	1	3	1	6	2	1
2991138	1	1	1	1	4	2	2
2991139	1	1	2	1	6	1	1
2991140	1	1	1	1	5	1	1
2991141	1	1	1	1	4	1	1
2991142	1	1	1	2	4	1	1
2991143	1	1	2	5	7	2	1
2991145	1	1	1	1	4	1	1
2991147	1	1	1	1	6	2	2
2991148	1	1	1	1	4	1	1
2991149	1	1	1	1	4	1	1
2991150	1	1	2	5	7	2	2
2991151	1	1	2	1	6	2	2
2991152	1	1	2	1	6	1	1
2991153	1	1	1	1	4	1	2
2991155	1	1	1	1	4	1	1
2991156	1	1	2	1	6	1	1
2991157	1	1	2	1	4	2	1
2991158	1	1	1	1	4	2	1
2991159	1	1	1	1	4	1	1
2991160	1	1	2	1	6	2	2
2991161	1	1	1	1	4	1	2
2991162	1	1	2	1	6	2	1
2991163	1	1	2	1	4	2	1
2991164	1	1	1	1	4	1	1
2991174	1	1	3	3	6	2	1
2991175	1	1	1	1	4	1	1
2991176	1	1	3	1	6	2	1
2991177	1	1	3	1	6	2	1
2991178	1	1	3	1	4	1	1
2991179	1	1	3	5	7	2	2
2991180	1	1	1	1	4	1	1
2991181	1	1	3	1	4	1	1
2991182	1	1	3	1	6	2	1
2991183	1	1	1	1	4	1	1
2991184	1	1	3	5	5	2	2
2991185	1	1	3	1	7	2	2
2991186	1	1	1	1	6	2	1
2991187	1	1	3	1	6	1	1
2991188	1	1	3	1	6	2	2
2991189	1	1	2	4	7	2	2
2991190	1	1	1	1	6	2	1
2991191	1	1	1	1	6	2	1
2991192	1	1	1	1	4	1	1
2991193	1	1	2	3	6	2	2
2991194	1	1	3	1	7	2	1
2991195	1	1	1	1	6	1	1
2991196	1	1	1	1	6	1	1
2991197	1	1	1	1	6	1	1
2991198	1	1	3	1	6	2	1
2991199	1	1	1	1	4	1	2
2991200	1	1	3	1	4	2	1
2991201	1	1	1	1	4	1	1
2991202	1	1	3	1	6	2	1
2991203	1	1	3	1	6	1	1
2991204	1	1	3	2	6	2	1
2991205	1	1	2	1	6	2	2
2991206	1	1	1	1	6	2	1
2991207	1	1	1	1	4	1	1
2991208	1	1	1	2	2	1	1
2991209	1	1	1	1	6	1	1
2991210	1	1	3	1	5	2	1
2991211	1	1	1	1	4	1	1
2991212	1	1	1	1	4	1	1
2991213	1	1	3	1	4	1	1
2991214	1	1	3	2	6	2	1
2991215	1	1	1	1	4	1	1
2991216	1	1	1	1	1	1	1
2991217	1	1	1	1	4	1	1
2991218	1	1	1	1	4	1	1
2991219	1	1	2	1	6	2	2
2991220	1	1	1	1	6	1	1
2991221	1	1	1	1	6	2	1
2991222	1	1	1	1	7	2	1
2991223	1	1	3	2	6	2	1
2991224	1	1	1	1	6	2	1
2991225	1	1	1	1	4	1	1
2991226	1	1	3	1	6	2	1
2991227	1	1	3	1	4	2	1
2991228	1	1	1	1	3	1	1
2991229	1	1	3	3	6	2	1
2991230	1	1	3	1	6	2	1
2991231	1	1	1	1	6	2	1
2991232	1	1	2	1	4	1	1
2991233	1	1	3	4	7	2	2
2991234	1	1	2	1	6	2	2
2991235	1	1	3	5	6	2	1
2991236	1	1	2	1	6	1	1
2991237	1	1	3	5	7	2	2
2991238	1	1	1	1	6	2	2
2991239	1	1	1	1	4	1	1
2991240	1	1	1	1	4	1	1
2991241	1	1	1	1	7	1	1
2991242	1	1	3	1	4	2	1
2991243	1	1	1	1	4	1	1
2991244	1	1	3	1	6	2	1
2991245	1	1	1	1	6	1	1
2991246	1	1	1	1	6	2	1
2991247	1	1	1	1	4	1	1
2991248	1	1	3	2	5	2	1
2991249	1	1	3	1	4	1	1
2991250	1	1	1	1	4	1	1
2991251	1	1	1	1	4	1	1
2991252	1	1	1	1	4	1	1
2991253	1	1	1	1	4	1	1
2991254	1	1	2	1	4	1	1
2991255	1	1	2	1	4	1	1
2991256	1	1	3	1	4	2	2
2991257	1	1	1	1	6	2	1
2991259	1	1	2	1	6	1	1
2991260	1	1	2	1	4	1	1
2991261	1	1	2	1	6	2	1
2991262	1	1	2	1	4	1	1
2991263	1	1	2	3	6	2	1
2991264	1	1	2	1	3	1	1
2991265	1	1	3	1	4	1	1
2991266	1	1	3	1	6	2	1
2991267	1	1	1	1	6	2	2
2991268	1	1	1	1	6	1	1
2991269	1	1	3	1	6	2	1
2991270	1	1	3	1	4	2	1
2991271	1	1	2	3	6	2	2
2991272	1	1	1	1	6	1	1
2991273	1	1	3	5	7	2	2
2991274	1	1	1	1	4	1	1
2991275	1	1	3	1	6	2	1
2991276	1	1	3	1	6	1	1
2991277	1	1	3	1	6	2	1
2991278	1	1	1	1	6	1	1
2991279	1	1	1	1	4	1	1
2991280	1	1	3	4	7	2	2
2991281	1	1	1	1	4	1	1
2991282	1	1	3	1	6	2	1
2991283	1	1	1	1	6	2	1
2991285	1	1	3	2	6	2	2
2991286	1	1	1	1	6	1	1
2991287	1	1	2	4	7	2	1
2991288	1	1	2	1	6	2	2
2991289	1	1	3	2	7	2	1
2991290	1	1	1	1	4	1	1
2991292	1	1	1	1	4	1	1
2991293	1	1	1	1	6	2	1
2991294	1	1	3	1	4	2	1
2991295	1	1	3	5	6	2	2
2991296	1	1	1	1	4	1	1
2991297	1	1	2	1	4	2	1
2991298	1	1	3	1	6	2	1
2991299	1	1	1	1	6	1	1
2991300	1	1	1	1	6	1	1
2991301	1	1	3	1	6	2	1
2991302	1	1	3	1	6	2	1
2991303	1	1	3	1	4	2	1
2991304	1	1	2	1	6	1	1
2991305	1	1	3	4	6	1	1
2991306	1	1	2	1	6	1	1
2991307	1	1	2	4	7	2	1
2991309	1	1	3	1	6	2	1
2991311	1	1	1	1	4	2	2
2991312	1	1	1	1	6	1	1
2991313	1	1	1	1	4	1	1
2991314	1	1	3	5	5	2	2
2991315	1	1	1	1	4	1	1
2991316	1	1	1	1	6	1	2
2991318	1	1	3	1	6	2	2
2991319	1	1	1	1	4	1	1
2991320	1	1	1	1	4	1	1
2991321	1	1	3	1	6	2	2
2991323	1	1	1	1	4	1	2
2991324	1	1	1	1	6	1	1
2991325	1	1	3	5	7	2	2
2991326	1	1	1	1	4	1	1
2991327	1	1	1	1	6	1	1
2991328	1	1	1	4	7	1	1
2991329	1	1	1	1	6	1	1
2991330	1	1	1	1	4	1	1
2991331	1	1	1	1	7	1	1
2991332	1	1	1	1	6	2	2
2991333	1	1	3	1	6	2	1
2991334	1	1	3	1	6	2	2
2991335	1	1	1	1	4	1	1
2991336	1	1	1	4	7	1	1
2991337	1	1	1	1	4	1	1
2991338	1	1	2	1	4	1	1
2991339	1	1	2	1	4	2	1
2991340	1	1	1	4	6	1	1
2991341	1	1	1	1	4	1	1
2991342	1	1	1	1	4	1	1
2991344	1	1	3	1	4	2	1
2991345	1	1	3	5	6	2	2
2991346	1	1	1	1	4	1	1
2991347	1	1	3	1	6	2	2
2991348	1	1	1	1	4	1	1
2991349	1	1	3	5	6	2	2
2991350	1	1	2	1	6	1	1
2991351	1	1	3	2	6	2	2
2991352	1	1	2	5	6	2	1
2991353	1	1	1	1	4	1	1
2991354	1	1	1	1	4	1	1
2991355	1	1	1	1	4	1	1
2991356	1	1	1	1	4	1	1
2991357	1	1	2	1	6	1	1
2991358	1	1	2	1	6	1	1
2991359	1	1	1	1	6	1	1
2991360	1	1	1	1	6	1	1
2991361	1	1	3	5	4	2	2
2991362	1	1	1	1	6	1	1
2991363	1	1	1	1	4	1	1
2991364	1	1	1	1	4	1	1
2991365	1	1	1	1	4	1	1
2991366	1	1	2	1	6	2	1
2991367	1	1	1	1	4	1	1
2991368	1	1	1	1	6	1	1
2991369	1	1	1	1	4	1	1
2991370	1	1	1	1	4	1	1
2991371	1	1	1	1	4	1	1
2991372	1	1	2	5	6	2	1
2991376	1	1	1	1	4	1	1
2991377	1	1	2	1	6	1	1
2991378	1	1	2	1	4	2	1
2991380	1	1	1	1	4	1	1
2991381	1	1	1	1	4	1	1
2991382	1	1	1	1	6	1	1
2991383	1	1	3	1	6	2	2
2991384	1	1	2	1	4	2	1
2991385	1	1	2	1	6	1	1
2991386	1	1	1	1	4	1	1
2991387	1	1	1	1	4	1	1
2991388	1	1	1	1	6	1	1
2991389	1	1	1	1	4	1	1
2991390	1	1	1	1	4	1	1
2991391	1	1	1	1	4	1	1
2991392	1	1	1	4	7	1	2
2991393	1	1	1	3	6	1	1
2991394	1	1	1	1	4	1	1
2991395	1	1	1	1	6	2	2
2991396	1	1	2	1	6	1	1
2991397	1	1	2	1	4	2	1
2991398	1	1	1	1	4	1	1
2991399	1	1	1	1	4	1	1
2991400	1	1	1	1	4	1	1
2991401	1	1	1	2	6	1	1
2991402	1	1	1	1	4	1	1
2991403	1	1	1	1	6	1	1
2991404	1	1	1	1	4	1	1
2991405	1	1	1	1	4	1	1
2991406	1	1	2	1	4	2	1
2991407	1	1	1	1	4	2	2
2991408	1	1	1	1	4	1	1
2991409	1	1	2	1	4	2	1
2991410	1	1	2	1	6	2	2
2991411	1	1	2	1	4	2	1
2991412	1	1	1	1	4	1	1
2991413	1	1	1	1	6	1	1
2991414	1	1	1	1	4	1	1
2991415	1	1	1	1	6	1	1
2991416	1	1	1	1	6	1	1
2991417	1	1	1	1	4	1	1
2991419	1	1	1	1	4	1	1
2991420	1	1	1	1	6	1	1
2991421	1	1	1	1	4	1	1
2991422	1	1	1	1	4	1	1
2991424	1	1	1	1	4	1	1
2991425	1	1	1	1	6	1	2
2991426	1	1	1	1	6	1	1
2991427	1	1	2	1	6	1	1
2991428	1	1	2	1	6	1	1
2991429	1	1	1	1	4	1	1
2991430	1	1	2	4	7	2	2
2991431	1	1	2	1	4	2	1
2991432	1	1	1	1	4	1	1
2991433	1	1	1	1	6	1	1
2991434	1	1	1	1	4	1	1
2991435	1	1	1	1	5	1	1
2991436	1	1	1	1	4	2	2
2991437	1	1	1	1	4	1	1
2991438	1	1	2	1	6	1	1
2991439	1	1	2	1	6	2	2
2991440	1	1	2	1	6	1	1
2991442	1	1	2	4	7	2	2
2991443	1	1	2	1	4	1	1
2991444	1	1	1	1	6	1	1
2991445	1	1	2	1	6	1	1
2991446	1	1	2	1	6	1	1
2991447	1	1	1	1	4	1	1
2991448	1	1	2	1	6	1	1
2991449	1	1	1	1	4	1	1
2991450	1	1	1	1	4	1	1
2991451	1	1	1	1	4	1	1
2991452	1	1	1	1	4	1	1
2991453	1	1	2	2	6	2	1
2991454	1	1	3	1	6	2	1
2991455	1	1	3	3	6	2	2
2991456	1	1	3	1	4	2	1
2991457	1	1	3	1	4	2	2
2991458	1	1	2	4	6	2	2
2991459	1	1	3	1	6	2	2
2991460	1	1	2	5	7	2	2
2991461	1	1	2	1	7	2	2
2991462	1	1	3	1	4	1	1
2991463	1	1	3	1	6	2	2
2991464	1	1	3	5	7	2	2
2991465	1	1	1	1	4	1	1
2991466	1	1	3	5	7	2	2
2991467	1	1	1	1	4	1	1
2991468	1	1	3	1	6	2	2
2991469	1	1	3	5	7	2	2
2991470	1	1	3	1	4	2	2
2991471	1	1	1	1	4	1	1
2991473	1	1	1	1	6	1	1
2991474	1	1	3	3	6	2	2
2991475	1	1	1	1	4	2	1
2991476	1	1	3	1	6	2	1
2991477	1	1	1	1	4	1	1
2991478	1	1	3	1	6	2	1
2991479	1	1	1	1	4	1	1
2991480	1	1	1	1	4	1	1
2991481	1	1	1	1	6	1	1
2991482	1	1	2	1	4	1	1
2991483	1	1	1	1	6	1	1
2991484	1	1	1	1	4	1	1
2991485	1	1	1	1	7	1	1
2991486	1	1	1	1	6	1	1
2991487	1	1	1	1	4	1	1
2991488	1	1	1	1	7	2	1
2991489	1	1	1	1	4	1	1
2991490	1	1	1	1	4	1	1
2991491	1	1	1	1	4	1	1
2991492	1	1	1	1	6	1	1
2991493	1	1	1	1	1	2	1
2991494	1	1	2	1	6	2	2
2991495	1	1	1	1	6	1	2
2991496	1	1	3	5	7	2	2
2991497	1	1	1	1	4	1	1
2991498	1	1	1	5	6	1	1
2991499	1	1	3	5	7	2	2
2991500	1	1	1	1	6	1	1
2991501	1	1	3	4	7	2	2
2991502	1	1	1	1	4	1	1
2991503	1	1	1	1	4	1	1
2991504	1	1	3	1	4	2	1
2991505	1	1	1	1	4	1	1
2991506	1	1	1	1	4	1	1
2991507	1	1	1	1	6	2	1
2991508	1	1	1	3	7	2	1
2991509	1	1	2	1	4	1	1
2991510	1	1	1	1	4	1	1
2991511	1	1	2	1	6	2	2
2991512	1	1	1	1	4	1	1
2991513	1	1	1	1	4	1	1
2991514	1	1	1	2	4	1	1
2991515	1	1	1	1	4	1	1
2991516	1	1	3	1	6	2	1
2991517	1	1	1	1	4	1	1
2991518	1	1	1	1	6	2	1
2991519	1	1	3	5	6	2	2
2991520	1	1	1	1	4	1	1
2991521	1	1	3	3	6	2	2
2991522	1	1	1	1	4	1	1
2991523	1	1	1	1	4	1	1
2991524	1	1	1	1	4	1	1
2991525	1	1	1	1	4	1	1
2991526	1	1	2	3	7	2	2
2991527	1	1	3	1	6	2	2
2991528	1	1	1	5	5	1	1
2991529	1	1	1	1	6	1	1
2991530	1	1	1	1	3	1	1
2991531	1	1	1	1	4	1	1
2991532	1	1	1	1	6	1	1
2991533	1	1	1	1	4	1	1
2991534	1	1	1	1	6	1	1
2991535	1	1	1	1	4	1	1
2991536	1	1	2	1	6	1	1
2991537	1	1	1	1	7	2	1
2991538	1	1	2	1	6	1	1
2991539	1	1	1	1	4	1	1
2991540	1	1	3	5	7	2	2
2991541	1	1	1	1	6	2	1
2991542	1	1	1	1	6	1	1
2991543	1	1	3	1	6	2	2
2991544	1	1	1	1	6	1	1
2991545	1	1	2	5	6	2	2
2991546	1	1	2	2	7	2	1
2991547	1	1	3	1	4	2	1
2991548	1	1	1	1	6	1	1
2991549	1	1	1	1	6	1	1
2991550	1	1	1	1	4	1	1
2991551	1	1	1	1	6	1	1
2991552	1	1	1	1	4	1	1
2991553	1	1	1	1	6	1	1
2991555	1	1	1	1	4	1	1
2991556	1	1	3	1	4	2	1
2991557	1	1	3	1	6	2	1
2991558	1	1	2	1	6	1	1
2991559	1	1	1	1	4	1	1
2991560	1	1	2	1	6	1	1
2991561	1	1	1	1	6	1	1
2991562	1	1	1	1	6	1	1
2991563	1	1	1	1	4	1	1
2991564	1	1	1	1	4	1	1
2991565	1	1	1	1	6	1	1
2991567	1	1	1	1	4	1	1
2991568	1	1	1	1	4	1	1
2991569	1	1	3	1	6	2	2
2991570	1	1	3	1	6	2	2
2991571	1	1	1	1	6	1	1
2991572	1	1	1	1	4	1	1
2991573	1	1	2	2	4	1	1
2991574	1	1	3	1	4	2	2
2991575	1	1	1	1	4	1	1
2991576	1	1	1	1	4	1	1
2991577	1	1	1	1	4	1	1
2991578	1	1	1	1	4	1	1
2991579	1	1	1	1	4	1	1
2991580	1	1	2	1	6	1	1
2991581	1	1	3	4	7	2	2
2991582	1	1	2	1	5	1	1
2991583	1	1	2	1	4	1	1
2991585	1	1	1	1	6	2	1
2991586	1	1	1	1	4	2	1
2991587	1	1	1	1	3	1	1
2991588	1	1	1	1	4	1	1
2991589	1	1	2	1	4	1	1
2991590	1	1	1	1	4	1	1
2991591	1	1	1	1	4	1	1
2991592	1	1	1	1	4	1	1
2991593	1	1	1	1	4	1	1
2991594	1	1	1	1	4	1	1
2991595	1	1	1	1	4	1	1
2991596	1	1	2	1	6	2	2
2991597	1	1	1	1	4	1	1
2991599	1	1	1	1	4	1	1
2991600	1	1	3	1	6	2	1
2991601	1	1	3	1	6	2	2
2991602	1	1	2	1	4	1	1
2991603	1	1	1	1	4	1	1
2991604	1	1	1	3	7	1	1
2991605	1	1	1	1	4	1	1
2991607	1	1	1	1	6	2	1
2991608	1	1	1	1	6	1	1
2991610	1	1	3	1	6	2	1
2991611	1	1	3	1	6	2	1
2991612	1	1	1	1	6	1	1
2991614	1	1	1	1	6	2	1
2991615	1	1	1	1	6	1	1
2991617	1	1	2	1	6	1	1
2991618	1	1	1	1	4	1	1
2991620	1	1	2	1	6	2	1
2991621	1	1	1	1	4	2	2
2991623	1	1	1	1	2	1	1
2991624	1	1	2	3	4	1	1
2991625	1	1	1	1	4	1	1
2991626	1	1	1	1	6	1	1
2991627	1	1	1	3	5	1	1
2991628	1	1	1	1	4	1	1
2991629	1	1	2	1	6	2	1
2991630	1	1	1	1	4	1	1
2991631	1	1	2	1	6	1	1
2991632	1	1	2	2	7	2	1
2991634	1	1	1	1	4	1	1
2991635	1	1	1	1	6	1	1
2991636	1	1	1	4	7	2	1
2991637	1	1	3	1	6	2	2
2991638	1	1	1	1	6	1	1
2991639	1	1	3	1	7	2	1
2991640	1	1	1	1	4	1	1
2991641	1	1	3	8	6	2	2
2991642	1	1	2	2	7	2	1
2991643	1	1	1	1	4	1	1
2991645	1	1	1	1	6	1	1
2991646	1	1	1	1	6	2	1
2991647	1	1	1	1	6	1	1
2991648	1	1	1	1	4	1	1
2991649	1	1	1	1	4	1	1
2991650	1	1	1	1	6	1	1
2991652	1	1	1	1	4	1	1
2991653	1	1	3	1	6	2	1
2991654	1	1	1	1	4	1	1
2991655	1	1	1	2	4	1	1
2991657	1	1	1	1	4	1	1
2991658	1	1	1	1	4	1	1
2991659	1	1	1	1	4	1	1
2991660	1	1	1	5	6	2	2
2991661	1	1	1	1	4	1	1
2991662	1	1	1	1	6	1	1
2991664	1	1	1	1	4	1	1
2991665	1	1	1	1	4	1	1
2991668	1	1	1	1	4	1	1
2991670	1	1	1	1	4	1	1
2991671	1	1	1	1	4	1	1
2991672	1	1	1	1	4	1	1
2991674	1	1	1	1	4	1	1
2991675	1	1	1	1	4	1	1
2991676	1	1	1	1	6	1	1
2991677	1	1	1	1	4	1	1
2991678	1	1	1	1	4	1	1
2991679	1	1	1	1	6	1	1
2991680	1	1	2	1	6	2	1
2991681	1	1	2	1	4	1	1
2991682	1	1	1	1	4	1	1
2991683	1	1	1	1	4	1	2
2991684	1	1	1	1	4	1	1
2991685	1	1	1	1	3	1	1
2991686	1	1	1	1	4	1	1
2991687	1	1	1	1	6	1	1
2991688	1	1	1	1	4	1	1
2991689	1	1	1	1	6	1	1
2991690	1	1	1	1	6	1	1
2991691	1	1	1	1	6	2	1
2991692	1	1	1	1	4	1	1
2991693	1	1	1	1	4	1	1
2991694	1	1	1	1	7	2	1
2991695	1	1	1	1	6	2	1
2991696	1	1	1	1	4	1	1
2991697	1	1	1	7	7	2	1
2991698	1	1	1	1	4	1	1
2991699	1	1	3	1	6	2	2
2991700	1	1	2	1	4	1	1
2991701	1	1	1	1	4	1	1
2991703	1	1	1	1	6	1	1
2991704	1	1	1	1	6	1	1
2991705	1	1	1	1	4	1	1
2991706	1	1	1	1	6	2	1
2991707	1	1	1	1	4	1	1
2991708	1	1	1	1	4	1	1
2991709	1	1	3	1	6	2	1
2991710	1	1	3	3	6	2	2
2991711	1	1	3	1	4	2	1
2991712	1	1	2	1	6	2	2
2991713	1	1	1	1	4	1	1
2991714	1	1	1	1	4	1	1
2991715	1	1	3	4	7	2	2
2991716	1	1	2	1	6	2	2
2991717	1	1	2	1	6	2	2
2991718	1	1	3	1	6	2	2
2991719	1	1	1	1	4	1	1
2991720	1	1	3	1	6	2	2
2991723	1	1	1	1	3	1	1
2991724	1	1	1	1	6	1	1
2991725	1	1	1	1	4	1	1
2991726	1	1	2	1	6	2	2
2991727	1	1	3	1	4	2	1
2991728	1	1	1	4	7	2	1
2991729	1	1	3	1	6	2	1
2991730	1	1	3	1	6	2	1
2991731	1	1	1	1	4	1	1
2991732	1	1	3	1	6	2	2
2991733	1	1	1	1	4	1	1
2991734	1	1	1	1	4	1	1
2991736	1	1	1	1	4	1	1
2991737	1	1	1	1	4	1	1
2991738	1	1	1	1	4	1	1
2991740	1	1	3	1	6	2	1
2991741	1	1	3	5	6	2	2
2991742	1	1	3	1	6	2	2
2991744	1	1	2	1	6	2	2
2991745	1	1	1	1	4	1	1
2991746	1	1	1	1	4	1	1
2991747	1	1	1	1	4	1	1
2991748	1	1	3	1	7	2	2
2991749	1	1	1	1	4	1	1
2991750	1	1	3	5	6	2	2
2991751	1	1	1	1	4	1	1
2991752	1	1	3	1	4	2	1
2991753	1	1	3	1	6	1	1
2991754	1	1	2	1	7	2	2
2991755	1	1	3	1	6	2	1
2991756	1	1	2	1	5	2	2
2991757	1	1	1	1	4	1	1
2991758	1	1	1	1	6	1	1
2991759	1	1	1	1	4	1	1
2991760	1	1	1	5	6	2	2
2991761	1	1	1	1	4	1	1
2991762	1	1	1	1	4	1	1
2991763	1	1	3	1	6	2	1
2991764	1	1	1	1	6	1	1
2991765	1	1	1	1	4	1	1
2991766	1	1	1	1	6	1	1
2991768	1	1	3	5	6	2	2
2991769	1	1	2	1	4	1	1
2991770	1	1	3	1	6	2	1
2991771	1	1	3	1	4	2	2
2991772	1	1	1	1	4	1	1
2991773	1	1	2	1	6	2	2
2991774	1	1	1	1	4	1	1
2991775	1	1	2	1	6	2	2
2991776	1	1	3	1	6	2	2
2991777	1	1	2	1	6	2	2
2991778	1	1	1	1	6	1	1
2991779	1	1	2	1	6	2	2
2991780	1	1	3	1	4	2	2
2991781	1	1	2	1	6	2	2
2991782	1	1	3	1	6	2	1
2991783	1	1	1	1	6	1	1
2991784	1	1	1	1	4	1	1
2991785	1	1	2	1	6	2	2
2991786	1	1	3	1	4	1	1
2991787	1	1	1	5	6	2	2
2991788	1	1	1	3	7	2	1
2991789	1	1	1	3	7	2	1
2991790	1	1	3	1	6	2	2
2991791	1	1	3	1	7	2	1
2991792	1	1	2	1	6	2	2
2991793	1	1	1	1	4	1	1
2991794	1	1	1	1	6	1	1
2991795	1	1	1	1	6	2	2
2991796	1	1	2	1	6	2	2
2991797	1	1	1	1	4	2	2
2991798	1	1	3	1	6	2	1
2991799	1	1	3	1	4	2	1
2991800	1	1	1	1	6	2	2
2991801	1	1	1	1	4	1	1
2991802	1	1	1	5	6	2	2
2991803	1	1	1	1	4	1	1
2991805	1	1	1	1	6	1	1
2991806	1	1	2	3	6	2	2
2991807	1	1	3	2	4	1	1
2991808	1	1	1	1	4	1	1
2991809	1	1	3	7	7	2	1
2991810	1	1	3	3	6	2	2
2991811	1	1	1	1	4	1	1
2991812	1	1	1	1	4	1	1
2991813	1	1	1	1	4	1	1
2991814	1	1	1	1	4	1	1
2991815	1	1	1	1	4	1	1
2991816	1	1	1	1	6	2	2
2991817	1	1	2	1	4	1	1
2991819	1	1	1	1	4	1	1
2991821	1	1	1	5	6	2	1
2991822	1	1	1	1	4	1	1
2991823	1	1	1	1	4	1	1
2991824	1	1	1	1	4	1	1
2991825	1	1	1	1	6	2	2
2991826	1	1	1	1	4	1	1
2991827	1	1	1	1	4	1	1
2991828	1	1	1	1	6	2	2
2991829	1	1	1	1	5	1	1
2991830	1	1	1	1	4	2	1
2991831	1	1	1	1	4	1	1
2991832	1	1	1	1	4	1	1
2991833	1	1	1	1	4	1	1
2991834	1	1	1	1	4	1	1
2991836	1	1	1	1	4	1	1
2991837	1	1	1	1	6	2	2
2991838	1	1	1	1	4	1	1
2991839	1	1	1	1	4	1	1
2991840	1	1	1	1	4	2	1
2991841	1	1	1	1	4	1	1
2991842	1	1	1	1	6	1	1
2991843	1	1	1	1	4	1	1
2991844	1	1	1	1	4	1	1
2991845	1	1	1	5	6	2	2
2991846	1	1	1	1	4	1	1
2991847	1	1	1	1	4	2	2
2991849	1	1	1	1	4	2	1
2991850	1	1	1	1	4	1	1
2991851	1	1	1	5	5	1	1
2991852	1	1	1	1	4	2	1
2991854	1	1	1	1	4	2	2
2991855	1	1	1	1	4	1	1
2991856	1	1	1	5	4	2	2
2991857	1	1	1	1	4	1	1
2991858	1	1	3	1	6	2	2
2991860	1	1	1	1	4	1	1
2991861	1	1	1	1	4	1	1
2991862	1	1	1	1	4	1	1
2991863	1	1	1	1	4	1	1
2991864	1	1	1	1	4	1	1
2991865	1	1	3	1	7	2	2
2991866	1	1	3	1	6	2	1
2991867	1	1	3	1	6	2	1
2991868	1	1	3	3	6	2	2
2991869	1	1	1	1	4	1	1
2991870	1	1	1	1	4	1	1
2991871	1	1	1	1	4	1	1
2991872	1	1	1	1	4	1	1
2991873	1	1	1	1	6	1	1
2991874	1	1	1	1	4	1	1
2991875	1	1	1	1	4	1	1
2991876	1	1	1	1	4	1	1
2991877	1	1	1	1	4	1	1
2991878	1	1	1	1	4	1	1
2991879	1	1	1	1	4	1	1
2991880	1	1	1	1	3	1	1
2991881	1	1	1	1	5	1	1
2991882	1	1	3	1	6	2	2
2991883	1	1	1	1	6	1	1
2991884	1	1	1	1	6	1	1
2991885	1	1	1	1	4	1	1
2991886	1	1	1	1	5	1	1
2991887	1	1	3	1	4	2	1
2991888	1	1	1	1	4	1	1
2991889	1	1	1	1	4	1	1
2991890	1	1	1	1	4	1	1
2991891	1	1	1	1	4	1	1
2991892	1	1	1	1	4	1	1
2991893	1	1	1	1	4	1	1
2991894	1	1	1	1	4	1	1
2991895	1	1	2	2	4	1	1
2991896	1	1	1	1	6	1	1
2991897	1	1	1	1	4	1	1
2991898	1	1	1	1	4	1	1
2991899	1	1	1	1	4	1	1
2991901	1	1	1	1	4	1	1
2991902	1	1	1	1	4	1	1
2991903	1	1	1	1	4	1	1
2991904	1	1	1	1	6	1	1
2991905	1	1	2	1	4	2	1
2991906	1	1	1	1	4	1	1
2991907	1	1	1	1	4	1	1
2991908	1	1	1	1	4	1	1
2991909	1	1	1	1	4	1	1
2991910	1	1	1	1	4	1	1
2991911	1	1	1	1	4	1	1
2991912	1	1	2	1	6	1	1
2991914	1	1	1	3	6	1	1
2991915	1	1	1	1	4	1	1
2991916	1	1	1	1	4	1	1
2991917	1	1	1	1	4	1	1
2991918	1	1	1	1	6	1	1
2991919	1	1	1	1	4	1	1
2991920	1	1	1	1	4	1	1
2991922	1	1	1	7	7	2	2
2991924	1	1	1	1	4	2	1
2991925	1	1	1	1	6	2	2
2991926	1	1	1	1	4	1	2
2991927	1	1	1	1	6	1	1
2991928	1	1	1	1	6	1	1
2991929	1	1	1	1	6	1	1
2991930	1	1	1	1	4	1	1
2991931	1	1	1	5	4	1	1
2991935	1	1	2	1	6	1	1
2991936	1	1	1	1	4	1	1
2992000	1	1	1	1	4	1	1
2992001	1	1	1	1	4	1	1
2992002	1	1	1	1	4	1	1
2992003	1	1	1	1	6	1	1
2992004	1	1	1	1	6	1	1
2992006	1	1	1	1	4	1	1
2992007	1	1	1	1	4	1	1
2992008	1	1	1	2	5	1	1
2992009	1	1	1	5	5	2	2
2992010	1	1	1	1	4	1	1
2992011	1	1	2	1	4	1	2
2992012	1	1	1	2	6	1	1
2992013	1	1	3	1	6	2	2
2992014	1	1	3	1	6	2	1
2992015	1	1	1	1	4	1	1
2992016	1	1	3	1	6	2	1
2992017	1	1	1	1	4	1	1
2992018	1	1	3	2	6	2	1
2992020	1	1	1	1	4	1	1
2992021	1	1	2	1	4	1	1
2992022	1	1	1	1	4	1	1
2992024	1	1	2	1	6	1	1
2992025	1	1	2	5	6	2	2
2992026	1	1	2	1	6	2	1
2992027	1	1	2	1	6	2	2
2992028	1	1	1	1	6	1	1
2992030	1	1	1	1	4	1	1
2992031	1	1	1	1	4	2	1
2992032	1	1	2	1	6	1	1
2992034	1	1	1	1	6	1	1
2992036	1	1	3	1	6	2	1
2992037	1	1	3	1	6	2	1
2992039	1	1	3	1	6	2	1
2992040	1	1	3	1	6	2	1
2992041	1	1	3	1	6	2	2
2992042	1	1	3	1	6	2	1
2992043	1	1	2	1	4	2	1
2992045	1	1	3	1	6	2	1
2992046	1	1	3	1	6	2	2
2992047	1	1	3	1	6	2	2
2992049	1	1	3	1	6	2	1
2992050	1	1	3	1	6	2	2
2992051	1	1	3	1	6	2	1
2992052	1	1	3	1	6	2	1
2992053	1	1	2	1	6	2	2
2992055	1	1	2	1	7	2	2
2992056	1	1	2	1	6	2	2
2992057	1	1	3	1	7	2	1
2992058	1	1	3	1	6	2	2
2992059	1	1	3	1	4	2	1
2992060	1	1	3	1	6	2	2
2992061	1	1	2	1	6	2	2
2992063	1	1	3	1	6	2	1
2992064	1	1	3	5	7	2	2
2992065	1	1	3	1	6	2	1
2992066	1	1	3	1	6	2	2
2992067	1	1	3	1	6	2	1
2992068	1	1	3	1	4	2	1
2992069	1	1	3	1	6	2	1
2992071	1	1	3	1	4	2	1
2992072	1	1	3	1	6	2	1
2992073	1	1	3	1	4	2	1
2992074	1	1	1	1	4	1	1
2992075	1	1	1	1	4	1	1
2992077	1	1	2	1	4	1	1
2992078	1	1	1	1	4	1	1
2992079	1	1	3	1	6	2	2
2992080	1	1	1	1	4	1	1
2992081	1	1	3	1	6	2	1
2992082	1	1	1	1	4	1	1
2992083	1	1	1	1	4	1	1
2992084	1	1	1	1	6	1	1
2992085	1	1	1	1	4	1	1
2992086	1	1	3	1	4	2	1
2992087	1	1	1	1	4	1	1
2992088	1	1	1	1	4	1	1
2992089	1	1	1	1	6	1	1
2992090	1	1	1	1	6	1	1
2992091	1	1	1	1	4	2	2
2992092	1	1	1	1	4	1	2
2992093	1	1	1	1	4	1	1
2992094	1	1	3	1	6	2	1
2992095	1	1	1	1	6	2	2
2992096	1	1	1	1	4	1	1
2992097	1	1	3	4	6	2	1
2992098	1	1	1	1	4	1	1
2992099	1	1	1	1	4	1	1
2992101	1	1	3	1	6	2	1
2992102	1	1	1	1	6	1	1
2992103	1	1	3	4	6	2	1
2992104	1	1	3	1	1	1	1
2992105	1	1	1	1	2	1	1
2992106	1	1	1	1	4	1	1
2992107	1	1	1	1	6	1	2
2992108	1	1	3	4	6	2	1
2992109	1	1	3	1	4	2	1
2992110	1	1	1	1	4	1	1
2992111	1	1	1	1	4	1	1
2992112	1	1	1	1	4	1	1
2992113	1	1	1	1	4	1	1
2992114	1	1	1	1	6	2	1
2992115	1	1	1	1	4	1	1
2992116	1	1	3	3	5	2	1
2992117	1	1	3	3	5	2	1
2992118	1	1	1	1	4	1	1
2992119	1	1	1	1	7	2	2
2992121	1	1	3	3	6	2	2
2992123	1	1	1	1	6	1	1
2992125	1	1	3	1	4	2	2
2992126	1	1	1	1	6	1	1
2992129	1	1	1	1	6	1	1
2992130	1	1	3	1	4	1	1
2992131	1	1	1	1	4	1	1
2992132	1	1	1	5	5	1	1
2992133	1	1	1	5	4	1	2
2992134	1	1	1	1	6	2	1
2992135	1	1	1	3	6	2	1
2992136	1	1	3	1	6	2	1
2992137	1	1	1	1	6	2	2
2992138	1	1	1	1	6	1	2
2992139	1	1	1	5	6	1	1
2992140	1	1	1	1	4	1	1
2992141	1	1	3	1	6	2	1
2992143	1	1	3	1	6	2	1
2992145	1	1	3	1	6	2	1
2992148	1	1	1	1	6	1	1
2992149	1	1	3	1	6	2	1
2992150	1	1	3	1	6	2	1
2992151	1	1	1	1	4	1	1
2992152	1	1	3	1	4	2	1
2992153	1	1	1	1	4	1	1
2992154	1	1	3	2	5	2	1
2992155	1	1	1	1	6	1	1
2992156	1	1	1	1	4	1	1
2992157	1	1	1	1	7	2	2
2992158	1	1	3	1	6	2	1
2992159	1	1	1	4	7	2	2
2992160	1	1	3	1	4	1	1
2992161	1	1	1	5	2	1	1
2992163	1	1	3	1	7	2	1
2992164	1	1	1	1	6	1	1
2992166	1	1	1	1	4	1	1
2992168	1	1	1	5	5	2	2
2992170	1	1	1	1	6	1	1
2992171	1	1	1	1	6	1	1
2992172	1	1	3	1	6	1	1
2992173	1	1	1	1	6	1	1
2992174	1	1	1	1	6	1	1
2992175	1	1	1	1	6	1	1
2992176	1	1	1	5	5	2	2
2992177	1	1	3	1	4	2	2
2992180	1	1	1	1	6	1	1
2992181	1	1	3	3	7	2	1
2992182	1	1	3	1	4	2	1
2992183	1	1	1	1	6	2	2
2992184	1	1	3	2	6	1	1
2992185	1	1	1	1	6	1	1
2992186	1	1	1	1	6	1	1
2992187	1	1	1	1	4	2	2
2992188	1	1	3	2	6	2	1
2992189	1	1	3	1	6	1	1
2992190	1	1	1	1	6	1	1
2992191	1	1	3	5	4	2	2
2992192	1	1	1	1	6	1	1
2992193	1	1	3	2	7	2	1
2992194	1	1	1	1	6	1	1
2992195	1	1	1	1	6	1	1
2992196	1	1	1	1	6	1	1
2992197	1	1	3	3	4	1	1
2992198	1	1	1	1	4	1	1
2992199	1	1	1	5	6	1	1
2992200	1	1	3	3	5	2	2
2992201	1	1	3	4	6	2	2
2992202	1	1	1	1	4	1	1
2992203	1	1	1	1	6	1	1
2992204	1	1	1	1	4	1	1
2992205	1	1	1	1	4	1	1
2992207	1	1	1	5	6	1	1
2992208	1	1	1	1	4	1	1
2992209	1	1	1	1	4	1	1
2992210	1	1	1	1	4	1	1
2992211	1	1	1	1	4	1	1
2992212	1	1	1	1	4	1	1
2992213	1	1	1	1	4	1	1
2992214	1	1	1	1	6	1	1
2992215	1	1	1	1	4	1	1
2992216	1	1	1	1	4	1	1
2992217	1	1	1	1	6	2	1
2992218	1	1	1	7	6	2	1
2992219	1	1	1	5	2	2	1
2992220	1	1	1	1	4	1	1
2992221	1	1	1	1	4	2	1
2992222	1	1	1	5	5	1	2
2992223	1	1	1	5	5	2	1
2992224	1	1	3	3	6	2	2
2992225	1	1	1	1	4	1	1
2992226	1	1	3	5	6	2	2
2992227	1	1	1	5	5	2	2
2992228	1	1	1	5	5	1	2
2992229	1	1	1	1	4	1	1
2992230	1	1	1	1	4	1	1
2992231	1	1	1	1	4	1	1
2992232	1	1	1	1	6	2	1
2992233	1	1	1	1	6	2	1
2992234	1	1	1	1	4	1	2
2992235	1	1	1	1	4	1	1
2992236	1	1	1	1	4	1	1
2992237	1	1	1	1	6	2	2
2992238	1	1	1	5	6	2	2
2992239	1	1	1	1	4	1	1
2992240	1	1	1	1	4	2	2
2992241	1	1	1	1	6	2	1
2992242	1	1	1	1	4	1	1
2992243	1	1	1	1	6	2	1
2992244	1	1	3	3	6	2	2
2992245	1	1	1	1	4	2	1
2992246	1	1	1	1	4	1	2
2992247	1	1	1	1	6	2	1
2992248	1	1	1	1	6	2	1
2992249	1	1	1	1	6	1	1
2992250	1	1	1	1	4	2	2
2992251	1	1	3	1	6	2	2
2992252	1	1	3	1	6	2	2
2992253	1	1	3	1	4	2	2
2992254	1	1	2	5	6	1	1
2992255	1	1	2	1	7	1	2
2992257	1	1	1	1	6	2	2
2992258	1	1	3	2	6	2	2
2992259	1	1	3	2	6	2	2
2992260	1	1	1	1	4	2	1
2992261	1	1	1	1	4	1	1
2992262	1	1	1	1	6	2	2
2992263	1	1	1	1	6	1	2
2992264	1	1	1	1	6	1	1
2992265	1	1	3	1	6	2	2
2992266	1	1	3	1	7	2	2
2992267	1	1	3	1	6	2	2
2992268	1	1	1	1	4	2	2
2992269	1	1	1	1	4	1	1
2992270	1	1	2	8	7	2	2
2992271	1	1	3	4	7	2	2
2992272	1	1	3	1	6	2	2
2992273	1	1	3	2	7	2	2
2992274	1	1	3	1	6	2	2
2992275	1	1	2	7	7	2	2
2992276	1	1	3	1	6	2	2
2992277	1	1	3	1	6	2	2
2992278	1	1	3	2	7	2	2
2992279	1	1	3	4	6	2	1
2992280	1	1	1	8	6	2	2
2992281	1	1	3	1	4	2	1
2992282	1	1	3	1	6	2	2
2992284	1	1	3	5	7	2	1
2992285	1	1	3	1	4	2	1
2992286	1	1	2	1	6	1	1
2992287	1	1	3	1	6	2	1
2992288	1	1	1	1	6	2	1
2992289	1	1	3	1	6	2	2
2992290	1	1	1	1	6	2	2
2992291	1	1	2	5	7	1	2
2992294	1	1	3	1	4	2	1
2992295	1	1	3	1	4	2	2
2992296	1	1	3	1	6	2	2
2992297	1	1	3	3	7	2	2
2992298	1	1	3	5	7	2	1
2992299	1	1	3	5	6	2	2
2992300	1	1	2	7	6	1	1
2992301	1	1	3	1	6	2	2
2992302	1	1	1	1	6	2	1
2992303	1	1	3	1	6	2	1
2992304	1	1	3	1	6	2	2
2992305	1	1	3	5	6	2	2
2992306	1	1	1	5	5	2	1
2992307	1	1	3	4	6	2	1
2992308	1	1	3	1	6	2	2
2992309	1	1	3	1	7	2	1
2992310	1	1	3	1	6	2	2
2992311	1	1	3	1	6	2	2
2992312	1	1	3	5	6	2	1
2992314	1	1	3	1	6	2	1
2992315	1	1	3	1	7	2	2
2992316	1	1	3	1	6	2	2
2992317	1	1	1	1	6	2	2
2992318	1	1	3	1	6	2	2
2992319	1	1	1	1	6	2	1
2992320	1	1	1	1	4	1	1
2992321	1	1	1	1	4	1	1
2992322	1	1	1	1	4	1	1
2992323	1	1	3	4	6	2	2
2992324	1	1	3	3	7	2	2
2992325	1	1	1	1	6	2	2
2992326	1	1	1	1	6	2	2
2992327	1	1	1	1	6	1	1
2992328	1	1	1	1	6	1	1
2992329	1	1	1	1	6	1	1
2992330	1	1	1	1	4	1	1
2992331	1	1	3	4	7	2	2
2992332	1	1	1	1	6	1	1
2992333	1	1	3	4	7	2	2
2992334	1	1	1	1	4	1	1
2992335	1	1	1	1	6	1	1
2992336	1	1	1	1	6	1	1
2992337	1	1	1	1	6	1	1
2992338	1	1	3	1	6	2	2
2992339	1	1	1	1	6	1	1
2992340	1	1	1	1	4	1	1
2992341	1	1	1	1	6	1	1
2992342	1	1	1	1	4	1	1
2992343	1	1	1	1	4	1	2
2992344	1	1	1	1	4	1	1
2992345	1	1	1	1	4	1	1
2992346	1	1	3	8	7	2	2
2992347	1	1	1	1	6	1	1
2992348	1	1	1	1	6	2	2
2992349	1	1	1	1	4	1	1
2992350	1	1	1	1	6	2	2
2992351	1	1	3	1	6	2	2
2992352	1	1	3	2	4	2	2
2992353	1	1	3	2	6	2	2
2992354	1	1	3	4	7	2	2
2992355	1	1	3	1	6	2	2
2992356	1	1	1	1	4	1	1
2992357	1	1	1	1	6	1	1
2992358	1	1	1	1	4	1	1
2992359	1	1	3	1	6	2	2
2992360	1	1	3	1	7	2	2
2992361	1	1	1	1	6	2	2
2992362	1	1	1	1	4	1	1
2992363	1	1	3	1	6	2	1
2992364	1	1	3	1	4	2	1
2992365	1	1	3	1	4	1	1
2992366	1	1	3	1	6	2	1
2992367	1	1	1	1	4	1	1
2992368	1	1	1	1	6	1	1
2992369	1	1	3	1	6	2	2
2992370	1	1	1	1	4	1	1
2992371	1	1	1	1	4	1	1
2992372	1	1	3	5	7	2	2
2992373	1	1	3	5	6	2	2
2992374	1	1	3	1	6	1	1
2992375	1	1	1	1	4	1	1
2992376	1	1	3	3	6	2	1
2992377	1	1	1	3	5	1	1
2992378	1	1	3	1	6	2	2
2992379	1	1	1	1	6	1	1
2992380	1	1	1	3	6	1	1
2992381	1	1	1	1	6	1	1
2992382	1	1	3	5	6	2	2
2992383	1	1	1	1	4	1	1
2992385	1	1	1	1	4	1	1
2992386	1	1	1	1	3	1	1
2992387	1	1	1	1	4	1	1
2992388	1	1	1	1	4	1	1
2992389	1	1	3	3	6	2	1
2992390	1	1	1	1	4	1	1
2992391	1	1	1	1	6	1	1
2992392	1	1	1	1	4	1	1
2992393	1	1	3	3	6	2	1
2992394	1	1	3	2	7	2	2
2992395	1	1	3	1	7	2	1
2992396	1	1	1	3	4	1	1
2992397	1	1	3	1	6	2	2
2992398	1	1	1	1	4	1	1
2992399	1	1	1	1	4	1	1
2992400	1	1	1	1	4	1	1
2992401	1	1	3	1	4	2	2
2992402	1	1	3	1	6	2	2
2992404	1	1	1	1	4	1	1
2992405	1	1	2	3	6	2	2
2992406	1	1	3	1	6	2	2
2992407	1	1	1	1	4	1	1
2992408	1	1	1	1	4	1	1
2992409	1	1	1	1	6	2	1
2992410	1	1	1	1	6	1	1
2992411	1	1	2	1	7	2	2
2992412	1	1	1	1	6	1	1
2992413	1	1	1	1	4	1	1
2992414	1	1	1	1	6	1	1
2992415	1	1	1	1	4	1	1
2992416	1	1	2	3	7	2	2
2992417	1	1	1	1	4	1	1
2992418	1	1	1	3	5	1	1
2992419	1	1	2	3	7	2	2
2992420	1	1	3	2	7	2	2
2992421	1	1	3	2	7	2	2
2992422	1	1	3	2	7	2	2
2992423	1	1	2	1	6	1	1
2992424	1	1	3	2	7	2	2
2992425	1	1	2	1	6	2	2
2992426	1	1	1	1	4	1	1
2992427	1	1	1	1	6	1	1
2992428	1	1	1	1	4	1	1
2992429	1	1	2	1	4	1	1
2992430	1	1	3	3	4	2	2
2992431	1	1	2	4	7	2	2
2992432	1	1	1	1	4	1	1
2992433	1	1	2	3	7	2	2
2992434	1	1	1	1	4	1	1
2992435	1	1	1	1	4	1	1
2992436	1	1	1	1	4	1	1
2992437	1	1	1	1	6	1	1
2992438	1	1	1	1	4	1	1
2992439	1	1	1	1	4	1	1
2992440	1	1	1	3	5	1	1
2992441	1	1	1	1	4	1	1
2992442	1	1	1	1	4	1	1
2992443	1	1	1	1	4	1	1
2992445	1	1	1	1	4	1	1
2992446	1	1	1	1	4	1	1
2992447	1	1	1	1	4	1	1
2992449	1	1	3	1	4	2	1
2992450	1	1	1	1	6	1	1
2992451	1	1	1	1	4	1	1
2992452	1	1	3	2	6	2	1
2992453	1	1	1	1	6	1	1
2992454	1	1	3	1	4	2	2
2992455	1	1	3	4	6	2	2
2992456	1	1	1	1	4	1	1
2992457	1	1	1	1	4	1	1
2992458	1	1	1	1	4	1	1
2992459	1	1	2	1	6	1	2
2992460	1	1	2	3	6	1	1
2992461	1	1	2	1	6	2	2
2992463	1	1	3	1	6	2	2
2992464	1	1	3	5	6	2	1
2992465	1	1	2	1	4	2	2
2992466	1	1	2	1	4	2	1
2992467	1	1	1	1	4	1	1
2992468	1	1	3	1	4	2	2
2992469	1	1	3	5	7	2	2
2992470	1	1	3	1	6	2	2
2992471	1	1	3	3	7	2	2
2992472	1	1	3	1	7	2	2
2992473	1	1	3	5	6	2	1
2992474	1	1	3	1	4	2	1
2992475	1	1	2	1	6	2	2
2992478	1	1	2	1	6	1	1
2992479	1	1	3	1	6	2	1
2992480	1	1	3	1	6	2	2
2992481	1	1	3	5	7	2	2
2992482	1	1	2	1	7	1	1
2992483	1	1	3	1	4	2	1
2992484	1	1	1	1	4	1	1
2992485	1	1	3	7	6	2	1
2992486	1	1	3	1	4	1	1
2992487	1	1	2	1	6	2	1
2992488	1	1	3	5	5	2	1
2992489	1	1	3	1	4	2	1
2992490	1	1	2	1	6	2	2
2992491	1	1	1	1	5	1	1
2992492	1	1	2	1	4	1	1
2992493	1	1	3	5	5	2	1
2992494	1	1	3	5	5	2	2
2992495	1	1	2	1	6	2	2
2992496	1	1	3	1	6	2	2
2992497	1	1	3	5	7	2	2
2992498	1	1	3	1	6	2	1
2992499	1	1	2	1	6	2	2
2992501	1	1	3	1	7	2	2
2992502	1	1	3	1	6	2	1
2992503	1	1	3	1	6	2	2
2992504	1	1	3	2	7	2	2
2992505	1	1	2	1	6	2	2
2992506	1	1	1	1	4	1	1
2992507	1	1	3	4	6	2	2
2992508	1	1	1	1	6	1	1
2992509	1	1	3	1	6	1	1
2992510	1	1	3	3	6	2	2
2992511	1	1	1	1	6	1	1
2992512	1	1	3	3	6	2	1
2992513	1	1	2	1	7	2	2
2992514	1	1	3	5	7	2	1
2992515	1	1	3	1	6	2	1
2992516	1	1	3	4	7	2	2
2992517	1	1	3	1	6	2	1
2992518	1	1	2	1	4	1	1
2992519	1	1	2	1	4	1	1
2992520	1	1	3	2	6	1	1
2992521	1	1	3	1	6	2	1
2992522	1	1	3	1	6	2	2
2992523	1	1	3	1	4	2	2
2992524	1	1	1	1	4	1	1
2992525	1	1	3	1	6	2	2
2992526	1	1	2	1	4	2	1
2992527	1	1	1	3	6	1	1
2992528	1	1	3	4	5	2	1
2992529	1	1	3	1	6	2	1
2992530	1	1	1	1	6	1	1
2992531	1	1	3	1	6	1	1
2992532	1	1	1	3	5	2	1
2992533	1	1	3	1	4	1	1
2992534	1	1	2	1	6	1	1
2992535	1	1	3	2	6	2	1
2992536	1	1	3	2	6	1	1
2992537	1	1	1	3	5	1	1
2992538	1	1	1	1	4	1	1
2992539	1	1	3	1	5	2	1
2992540	1	1	1	1	4	1	1
2992541	1	1	2	1	6	1	1
2992542	1	1	1	1	4	1	1
2992543	1	1	1	1	6	1	1
2992544	1	1	3	5	6	2	1
2992545	1	1	1	1	6	1	1
2992546	1	1	3	1	6	2	2
2992547	1	1	1	1	6	2	2
2992548	1	1	1	1	4	1	1
2992549	1	1	3	1	4	2	1
2992550	1	1	3	1	4	2	2
2992551	1	1	1	5	5	1	1
2992552	1	1	3	4	6	2	1
2992553	1	1	1	1	4	1	1
2992554	1	1	1	1	4	1	1
2992555	1	1	2	1	6	1	1
2992556	1	1	1	3	6	1	1
2992557	1	1	2	3	6	2	1
2992558	1	1	2	1	6	2	1
2992559	1	1	2	1	4	2	1
2992560	1	1	2	1	4	2	1
2992561	1	1	1	1	5	1	1
2992562	1	1	2	3	7	2	1
2992563	1	1	2	3	6	2	1
2992564	1	1	1	1	6	2	2
2992565	1	1	2	1	4	2	1
2992566	1	1	3	2	4	2	1
2992567	1	1	1	1	4	1	1
2992568	1	1	3	2	4	2	1
2992569	1	1	1	1	6	1	1
2992570	1	1	1	1	6	2	2
2992571	1	1	1	1	4	1	1
2992572	1	1	1	1	6	1	1
2992573	1	1	3	5	7	2	1
2992574	1	1	1	1	6	1	1
2992575	1	1	3	1	4	2	2
2992576	1	1	3	1	6	2	1
2992577	1	1	2	1	4	1	2
2992578	1	1	3	1	4	2	1
2992579	1	1	1	3	7	1	1
2992580	1	1	1	1	6	1	1
2992581	1	1	3	1	6	2	1
2992582	1	1	1	1	6	1	1
2992583	1	1	1	1	4	1	1
2992584	1	1	1	1	6	1	1
2992585	1	1	1	1	4	1	1
2992586	1	1	2	1	4	2	2
2992587	1	1	3	5	7	2	1
2992588	1	1	3	1	6	2	1
2992589	1	1	1	1	4	1	1
2992590	1	1	1	3	5	1	1
2992591	1	1	3	1	4	2	2
2992592	1	1	3	2	6	2	2
2992593	1	1	2	1	6	2	1
2992595	1	1	2	1	6	2	1
2992596	1	1	2	1	7	2	1
2992597	1	1	3	1	6	2	1
2992598	1	1	3	4	7	2	1
2992599	1	1	1	8	7	2	2
2992600	1	1	1	8	6	2	2
2992601	1	1	1	1	4	1	1
2992602	1	1	1	8	7	2	2
2992603	1	1	3	1	6	2	2
2992604	1	1	3	2	6	2	2
2992605	1	1	2	3	6	2	1
2992606	1	1	2	1	6	2	1
2992607	1	1	3	1	6	2	2
2992608	1	1	2	1	7	2	1
2992609	1	1	3	3	6	2	1
2992610	1	1	3	1	6	2	1
2992611	1	1	3	1	4	2	2
2992612	1	1	2	1	4	2	1
2992613	1	1	3	1	4	2	1
2992614	1	1	1	1	4	1	1
2992615	1	1	1	8	7	2	2
2992616	1	1	2	1	6	2	1
2992617	1	1	3	1	4	2	1
2992619	1	1	3	1	6	2	2
2992620	1	1	1	8	6	2	2
2992621	1	1	3	5	7	2	2
2992622	1	1	1	1	4	1	1
2992623	1	1	3	1	7	2	2
2992624	1	1	1	1	4	1	1
2992625	1	1	3	1	6	2	2
2992626	1	1	3	4	6	2	1
2992627	1	1	1	1	4	1	1
2992628	1	1	3	1	4	2	2
2992629	1	1	3	1	4	2	1
2992630	1	1	1	5	7	2	2
2992631	1	1	3	1	7	2	2
2992632	1	1	3	1	6	2	2
2992633	1	1	3	1	4	2	1
2992634	1	1	3	1	7	2	2
2992635	1	1	3	2	4	2	2
2992636	1	1	3	1	4	2	1
2992637	1	1	2	1	6	1	1
2992638	1	1	3	2	7	2	2
2992639	1	1	3	2	6	2	1
2992640	1	1	3	1	6	2	1
2992642	1	1	1	1	5	1	1
2992643	1	1	2	1	6	1	1
2992644	1	1	3	1	4	2	2
2992645	1	1	3	1	4	2	2
2992647	1	1	3	1	4	2	2
2992648	1	1	1	1	6	1	1
2992649	1	1	1	1	6	1	1
2992650	1	1	3	3	5	2	1
2992651	1	1	1	3	5	1	1
2992652	1	1	2	1	4	2	1
2992653	1	1	3	1	6	2	2
2992654	1	1	1	1	6	2	1
2992655	1	1	3	2	4	2	2
2992656	1	1	3	1	6	2	2
2992657	1	1	3	8	6	2	2
2992658	1	1	1	1	7	2	2
2992659	1	1	1	1	6	1	1
2992660	1	1	1	8	6	2	2
2992661	1	1	3	1	4	2	2
2992662	1	1	1	1	5	1	1
2992663	1	1	1	1	5	1	1
2992664	1	1	3	1	6	2	1
2992665	1	1	1	1	4	1	1
2992666	1	1	1	1	6	2	2
2992667	1	1	3	1	5	2	2
2992668	1	1	3	4	6	2	2
2992669	1	1	3	3	6	2	2
2992670	1	1	3	1	6	2	1
2992671	1	1	3	1	4	2	2
2992672	1	1	3	1	4	2	2
2992673	1	1	3	1	4	2	2
2992674	1	1	3	1	4	2	1
2992675	1	1	1	1	4	1	1
2992676	1	1	3	1	6	2	2
2992677	1	1	3	3	6	2	2
2992678	1	1	1	1	4	1	1
2992679	1	1	1	3	6	1	1
2992680	1	1	1	1	6	1	1
2992681	1	1	1	1	4	1	1
2992682	1	1	1	1	4	1	1
2992683	1	1	1	3	6	1	1
2992684	1	1	2	1	6	1	1
2992685	1	1	1	1	6	1	1
2992686	1	1	1	1	4	1	1
2992687	1	1	1	1	6	1	1
2992688	1	1	1	1	4	1	1
2992689	1	1	1	1	6	1	1
2992690	1	1	2	1	6	1	1
2992691	1	1	1	3	6	1	1
2992692	1	1	1	1	6	1	1
2992693	1	1	1	1	4	1	1
2992694	1	1	1	1	6	1	1
2992695	1	1	1	1	6	1	1
2992696	1	1	1	1	6	1	1
2992697	1	1	1	1	4	1	2
2992698	1	1	1	1	6	1	1
2992699	1	1	1	1	6	1	1
2992700	1	1	1	1	6	1	1
2992701	1	1	1	1	4	1	1
2992702	1	1	1	1	4	1	1
2992703	1	1	1	1	6	1	1
2992704	1	1	1	1	4	1	1
2992705	1	1	2	1	6	1	1
2992706	1	1	2	1	6	1	1
2992707	1	1	1	1	4	1	1
2992708	1	1	2	1	6	1	1
2992709	1	1	1	1	4	1	1
2992710	1	1	1	4	6	1	1
2992711	1	1	1	1	6	1	1
2992712	1	1	2	1	6	1	1
2992713	1	1	1	1	4	1	1
2992714	1	1	1	1	4	1	1
2992715	1	1	1	1	4	1	1
2992716	1	1	2	1	6	1	1
2992717	1	1	1	1	4	1	1
2992718	1	1	1	1	6	1	1
2992719	1	1	1	1	4	1	1
2992720	1	1	1	1	6	1	1
2992721	1	1	1	1	4	1	1
2992723	1	1	1	1	4	1	1
2992724	1	1	1	1	4	1	1
2992725	1	1	1	1	4	1	1
2992727	1	1	1	1	4	1	1
2992728	1	1	3	3	6	2	2
2992729	1	1	3	1	6	2	2
2992731	1	1	1	1	4	1	1
2992733	1	1	3	1	6	2	2
2992734	1	1	1	1	4	1	1
2992735	1	1	1	1	6	1	1
2992736	1	1	1	1	4	1	1
2992737	1	1	1	1	4	1	1
2992738	1	1	1	1	4	1	1
2992739	1	1	1	1	6	1	1
2992740	1	1	1	1	6	1	1
2992741	1	1	1	1	4	1	1
2992742	1	1	3	2	6	2	1
2992743	1	1	1	1	6	1	1
2992744	1	1	1	1	6	1	1
2992745	1	1	1	1	6	1	1
2992746	1	1	1	6	6	1	1
2992747	1	1	1	1	4	1	1
2992748	1	1	1	1	6	1	1
2992749	1	1	1	1	6	1	1
2992750	1	1	3	1	6	2	1
2992751	1	1	3	1	4	2	1
2992752	1	1	1	2	7	1	1
2992753	1	1	3	2	6	2	1
2992754	1	1	3	1	6	2	1
2992755	1	1	1	1	4	1	1
2992756	1	1	3	1	4	2	1
2992757	1	1	2	1	6	1	1
2992758	1	1	1	1	6	1	1
2992760	1	1	1	1	4	1	1
2992761	1	1	2	4	6	1	1
2992762	1	1	1	1	4	1	1
2992763	1	1	1	1	6	1	1
2992764	1	1	1	1	4	1	1
2992765	1	1	2	1	6	1	1
2992766	1	1	3	3	6	1	1
2992767	1	1	2	1	6	1	1
2992768	1	1	3	3	6	1	1
2992769	1	1	1	1	4	1	1
2992770	1	1	1	3	6	1	1
2992771	1	1	1	1	4	1	1
2992772	1	1	1	1	4	1	1
2992773	1	1	1	1	4	1	1
2992774	1	1	2	1	6	1	1
2992775	1	1	1	1	4	1	1
2992776	1	1	1	1	4	1	1
2992777	1	1	3	3	5	2	2
2992778	1	1	2	4	6	1	1
2992779	1	1	2	4	2	2	1
2992780	1	1	2	3	6	2	1
2992781	1	1	3	3	6	2	2
2992782	1	1	2	1	6	2	1
2992783	1	1	1	1	6	1	1
2992784	1	1	2	1	6	2	1
2992785	1	1	2	3	2	2	1
2992786	1	1	1	1	4	1	1
2992787	1	1	1	1	4	1	1
2992788	1	1	1	1	4	1	1
2992789	1	1	2	1	5	2	1
2992790	1	1	2	1	5	2	1
2992791	1	1	2	1	4	2	1
2992792	1	1	2	1	6	2	1
2992793	1	1	2	1	4	2	1
2992794	1	1	1	1	4	1	1
2992795	1	1	2	1	4	2	1
2992796	1	1	3	1	6	2	1
2992797	1	1	3	1	6	2	1
2992798	1	1	1	1	5	1	1
2992799	1	1	1	1	4	1	1
2992800	1	1	2	1	4	2	1
2992801	1	1	2	1	4	2	1
2992802	1	1	1	1	6	1	1
2992804	1	1	3	3	2	2	1
2992805	1	1	1	1	4	1	1
2992806	1	1	1	1	4	1	1
2992807	1	1	1	1	4	1	1
2992808	1	1	1	1	4	1	1
2992809	1	1	1	1	4	1	1
2992810	1	1	1	1	4	1	1
2992811	1	1	2	1	5	2	1
2992812	1	1	2	3	5	2	1
2992813	1	1	1	1	4	1	1
2992814	1	1	2	1	4	2	1
2992815	1	1	2	1	4	2	1
2992816	1	1	2	1	4	2	1
2992819	1	1	3	3	5	2	2
2992820	1	1	3	1	6	2	2
2992821	1	1	3	1	6	2	1
2992822	1	1	3	5	7	2	1
2992823	1	1	1	1	4	1	1
2992824	1	1	1	1	4	1	1
2992825	1	1	3	1	7	2	1
2992826	1	1	3	1	6	2	2
2992827	1	1	3	3	6	2	2
2992828	1	1	1	1	4	1	1
2992829	1	1	3	3	6	2	2
2992830	1	1	3	1	6	2	2
2992831	1	1	3	1	6	2	1
2992832	1	1	3	3	5	2	2
2992833	1	1	3	1	6	2	2
2992834	1	1	3	1	6	2	1
2992835	1	1	3	4	5	2	2
2992836	1	1	2	1	4	2	1
2992837	1	1	2	1	4	2	1
2992838	1	1	3	3	6	2	2
2992839	1	1	3	1	6	2	2
2992840	1	1	3	1	7	2	1
2992841	1	1	3	2	7	2	2
2992842	1	1	2	1	6	2	1
2992843	1	1	2	1	4	2	1
2992844	1	1	2	1	6	2	1
2992845	1	1	2	1	6	2	1
2992846	1	1	3	2	6	2	1
2992847	1	1	3	1	7	2	2
2992848	1	1	2	1	6	2	1
2992849	1	1	3	1	7	2	1
2992850	1	1	1	1	4	1	1
2992851	1	1	1	1	4	1	1
2992852	1	1	1	1	6	1	1
2992853	1	1	1	1	6	1	1
2992854	1	1	1	1	4	1	1
2992855	1	1	1	1	6	1	1
2992856	1	1	1	1	6	1	1
2992857	1	1	3	1	6	2	1
2992858	1	1	3	1	6	2	2
2992859	1	1	3	1	6	2	1
2992860	1	1	1	1	4	1	1
2992861	1	1	1	1	4	1	1
2992862	1	1	3	1	4	2	1
2992863	1	1	1	1	4	1	1
2992864	1	1	1	1	4	1	1
2992865	1	1	1	1	4	1	1
2992866	1	1	1	1	6	1	1
2994166	1	1	3	5	5	2	2
2994167	1	1	1	1	4	1	1
2994168	1	1	2	1	6	1	1
2994171	1	1	2	1	6	1	1
2994172	1	1	3	1	6	2	2
2994173	1	1	2	1	6	2	1
2994174	1	1	1	1	4	1	1
2994176	1	1	1	1	6	2	1
2994177	1	1	1	1	4	1	1
2994179	1	1	1	1	4	1	1
2994184	1	1	1	1	4	1	1
2994185	1	1	1	1	4	1	1
2994186	1	1	1	1	4	1	1
2994187	1	1	1	1	6	1	1
2994188	1	1	1	1	4	1	1
2994190	1	1	2	1	4	1	2
2994192	1	1	1	1	4	1	1
2994193	1	1	1	1	4	1	1
2994194	1	1	1	1	4	1	1
2994195	1	1	2	1	4	2	1
2994196	1	1	1	1	6	1	1
2994197	1	1	1	1	4	1	1
2994198	1	1	1	1	4	1	1
2994199	1	1	2	1	6	2	1
2994200	1	1	1	1	4	1	1
2994202	1	1	1	1	6	1	1
2994204	1	1	1	1	4	1	1
2994206	1	1	1	1	4	1	1
2994208	1	1	1	1	6	1	1
2994220	1	1	1	1	6	1	1
2994238	1	1	1	1	6	1	1
2994244	1	1	1	1	4	1	1
2994245	1	1	1	1	4	1	1
2994246	1	1	1	1	6	1	1
2994248	1	1	1	1	7	1	1
2994249	1	1	1	1	6	1	1
2994250	1	1	1	1	6	1	1
2994251	1	1	1	1	4	1	1
2994252	1	1	1	1	4	1	1
2994253	1	1	1	1	6	1	1
2994254	1	1	1	1	4	1	1
2994255	1	1	1	5	6	1	2
2994256	1	1	1	1	6	1	2
2994257	1	1	1	1	4	1	1
2994259	1	1	1	1	6	1	1
2994261	1	1	1	1	6	1	1
2994263	1	1	1	1	6	1	2
2994264	1	1	1	5	6	1	2
2994265	1	1	1	1	6	2	1
2994266	1	1	1	1	6	1	2
2994267	1	1	1	1	4	1	1
2994268	1	1	1	1	4	1	1
2994269	1	1	1	5	6	1	2
2994270	1	1	1	1	6	1	1
2994271	1	1	1	1	4	1	1
2994272	1	1	1	1	4	1	1
2994274	1	1	1	1	4	1	1
2994275	1	1	1	1	4	1	1
2994276	1	1	1	1	4	1	1
2994278	1	1	1	1	5	1	1
2994282	1	1	1	1	4	1	1
2994284	1	1	1	1	6	1	1
2994287	1	1	1	1	4	1	1
2994292	1	1	1	1	4	1	1
2994293	1	1	1	1	4	1	1
2994295	1	1	1	1	6	1	1
2994296	1	1	1	1	6	1	1
2994297	1	1	1	1	4	1	1
2994298	1	1	1	1	4	1	1
2994300	1	1	1	1	4	1	1
2994307	1	1	1	1	4	1	1
2994309	1	1	1	1	6	1	1
2994310	1	1	1	1	4	1	1
2994311	1	1	1	1	4	1	1
2994313	1	1	1	5	6	1	1
2994314	1	1	1	1	6	1	1
2994315	1	1	1	1	4	1	1
2994323	1	1	3	1	6	2	2
2994325	1	1	3	1	6	2	2
2994326	1	1	1	1	4	1	1
2994328	1	1	3	1	6	2	2
2994329	1	1	3	2	6	2	1
2994330	1	1	3	1	6	2	1
2994331	1	1	1	1	6	1	1
2994332	1	1	3	1	6	2	2
2994336	1	1	1	1	6	1	1
2994337	1	1	1	1	4	1	1
2994338	1	1	3	1	6	2	2
2994339	1	1	3	1	6	2	1
2994340	1	1	3	5	6	2	2
2994341	1	1	1	1	6	2	1
2994342	1	1	1	1	6	1	1
2994343	1	1	1	1	6	1	1
2994344	1	1	1	1	4	1	1
2994345	1	1	1	5	6	1	1
2994346	1	1	1	1	6	1	1
2994347	1	1	1	1	6	1	1
2994349	1	1	1	1	6	1	1
2994350	1	1	1	1	6	1	1
2994352	1	1	1	1	4	1	1
2994354	1	1	2	5	5	2	2
2994356	1	1	2	5	5	2	2
2994358	1	1	2	5	5	2	2
2994360	1	1	1	1	6	1	1
2994361	1	1	1	1	4	1	1
2994362	1	1	1	1	4	1	1
2994364	1	1	1	1	4	1	1
2994365	1	1	1	1	4	1	1
2994366	1	1	1	1	6	1	1
2994367	1	1	1	1	6	1	1
2994368	1	1	2	5	5	2	2
2994371	1	1	1	1	4	1	1
2994373	1	1	1	1	6	1	1
2994374	1	1	1	1	4	1	1
2994375	1	1	2	5	5	2	2
2994376	1	1	1	1	4	1	1
2994377	1	1	1	1	4	1	1
2994379	1	1	1	1	4	1	1
2994380	1	1	1	1	4	1	1
2994381	1	1	1	1	4	1	1
2994382	1	1	3	4	7	2	1
2994383	1	1	1	1	4	1	1
2994384	1	1	2	1	6	2	2
2994385	1	1	1	1	4	1	1
2994386	1	1	3	1	6	1	1
2994387	1	1	1	1	4	1	1
2994388	1	1	1	1	6	1	1
2994394	1	1	2	1	6	2	1
2994395	1	1	2	5	7	2	1
2994396	1	1	3	1	6	2	1
2994397	1	1	2	1	6	2	1
2994398	1	1	1	1	4	1	1
2994399	1	1	1	1	4	1	1
2994400	1	1	1	1	4	1	1
2994401	1	1	1	1	4	1	1
2994402	1	1	2	1	6	2	1
2994403	1	1	2	1	6	2	1
2994404	1	1	3	3	7	2	1
2994405	1	1	3	3	6	2	1
2994406	1	1	3	7	7	2	1
2994407	1	1	1	1	4	2	2
2994408	1	1	3	3	6	2	1
2994409	1	1	3	3	6	2	2
2994410	1	1	2	1	6	2	1
2994411	1	1	3	3	6	2	2
2994412	1	1	3	4	6	2	1
2994413	1	1	3	1	7	2	2
2994414	1	1	3	1	6	2	2
2994415	1	1	3	3	7	2	2
2994416	1	1	3	4	6	2	2
2994417	1	1	1	1	4	1	1
2994418	1	1	1	1	4	1	1
2994419	1	1	3	1	6	2	2
2994420	1	1	1	3	4	1	1
2994421	1	1	1	1	6	1	1
2994422	1	1	3	1	6	2	2
2994423	1	1	3	1	6	2	2
2994424	1	1	3	1	6	2	2
2994425	1	1	1	3	6	1	1
2994426	1	1	1	1	5	1	1
2994427	1	1	1	1	4	1	1
2994428	1	1	3	1	6	2	2
2994429	1	1	1	3	6	1	1
2994430	1	1	1	1	6	1	1
2994431	1	1	1	1	4	1	1
2994434	1	1	1	1	6	1	1
2994435	1	1	2	1	6	2	1
2994436	1	1	3	5	5	2	1
2994437	1	1	1	5	2	1	1
2994438	1	1	2	5	6	2	1
2994439	1	1	2	1	6	2	1
2994440	1	1	1	1	5	1	1
2994441	1	1	2	1	6	2	1
2994442	1	1	2	1	4	2	1
2994443	1	1	2	1	6	2	1
2994444	1	1	1	4	7	2	2
2994445	1	1	1	5	5	2	1
2994446	1	1	2	5	7	2	1
2994447	1	1	1	1	4	1	1
2994448	1	1	1	5	2	2	1
2994449	1	1	1	1	6	1	1
2994450	1	1	1	5	5	2	1
2994451	1	1	2	5	6	2	1
2994452	1	1	1	3	6	1	1
2994453	1	1	3	4	6	2	2
2994454	1	1	3	1	7	2	2
2994455	1	1	3	3	7	2	2
2994456	1	1	2	5	6	2	1
2994457	1	1	1	1	6	1	1
2994459	1	1	3	1	6	2	2
2994460	1	1	1	1	6	1	1
2994461	1	1	3	1	5	2	2
2994462	1	1	2	1	6	2	1
2994463	1	1	3	1	6	2	1
2994464	1	1	2	1	6	2	1
2994465	1	1	1	1	6	1	1
2994466	1	1	1	3	6	1	1
2994467	1	1	1	1	6	1	1
2994469	1	1	3	1	6	2	1
2994470	1	1	2	5	6	2	1
2994471	1	1	3	1	6	2	2
2994472	1	1	1	1	6	1	1
2994473	1	1	2	5	7	2	1
2994474	1	1	1	5	5	2	2
2994475	1	1	3	1	5	2	1
2994476	1	1	2	1	6	2	1
2994477	1	1	2	4	7	2	1
2994478	1	1	2	1	6	2	1
2994479	1	1	1	1	4	1	1
2994480	1	1	3	1	6	2	2
2994481	1	1	3	1	6	2	2
2994482	1	1	2	1	4	2	1
2994483	1	1	1	1	4	1	1
2994484	1	1	3	5	5	2	2
2994485	1	1	3	1	6	2	2
2994486	1	1	3	1	6	2	2
2994487	1	1	3	1	6	2	2
2994488	1	1	3	1	7	2	2
2994489	1	1	1	1	4	1	2
2994490	1	1	1	1	4	1	1
2994491	1	1	1	4	6	1	1
2994492	1	1	3	5	6	2	2
2994493	1	1	1	1	6	2	1
2994494	1	1	1	1	6	1	1
2994495	1	1	1	5	5	2	2
2994496	1	1	3	1	6	2	1
2994497	1	1	3	5	6	2	2
2994498	1	1	3	1	6	2	2
2994499	1	1	2	1	6	1	1
2994500	1	1	1	1	6	1	1
2994501	1	1	1	1	6	1	1
2994502	1	1	1	1	5	2	2
2994503	1	1	3	1	6	2	2
2994504	1	1	3	1	6	2	1
2994505	1	1	3	1	6	2	1
2994506	1	1	1	1	6	1	1
2994507	1	1	3	1	6	2	2
2994508	1	1	1	1	6	1	2
2994509	1	1	1	1	4	1	1
2994510	1	1	3	1	4	2	1
2994511	1	1	1	1	6	1	1
2994512	1	1	2	1	6	1	1
2994513	1	1	1	5	5	2	2
2994514	1	1	3	1	6	2	1
2994515	1	1	1	1	4	1	2
2994516	1	1	1	1	4	1	1
2994517	1	1	1	1	4	1	1
2994518	1	1	1	3	4	1	1
2994519	1	1	1	1	6	1	2
2994520	1	1	1	1	6	1	2
2994521	1	1	1	1	6	1	1
2994522	1	1	2	1	5	2	2
2994523	1	1	3	1	6	2	2
2994524	1	1	2	1	2	2	2
2994525	1	1	2	1	5	2	2
2994526	1	1	2	5	5	2	2
2994527	1	1	2	1	7	2	1
2994529	1	1	2	5	5	2	2
2994530	1	1	2	1	6	2	1
2994531	1	1	2	1	6	2	1
2994532	1	1	3	1	6	2	2
2994533	1	1	3	1	6	2	2
2994534	1	1	1	1	6	1	1
2994535	1	1	1	1	4	1	1
2994536	1	1	3	5	5	2	2
2994537	1	1	1	5	7	1	1
2994538	1	1	2	1	4	1	1
2994539	1	1	2	5	5	2	2
2994540	1	1	3	1	6	2	2
2994541	1	1	2	1	7	2	1
2994542	1	1	1	1	6	1	1
2994543	1	1	3	1	6	2	2
2994544	1	1	2	1	4	1	1
2994545	1	1	2	1	6	1	1
2994546	1	1	1	1	4	1	1
2994547	1	1	2	1	6	1	1
2994548	1	1	3	5	6	2	2
2994549	1	1	2	1	6	2	1
2994550	1	1	2	5	5	2	2
2994551	1	1	1	1	4	1	1
2994552	1	1	2	1	6	2	1
2994553	1	1	3	1	6	2	2
2994554	1	1	3	1	6	2	2
2994555	1	1	3	1	6	2	2
2994556	1	1	3	1	4	2	2
2994557	1	1	3	1	4	2	2
2994558	1	1	3	1	4	2	2
2994559	1	1	3	1	4	2	2
2994560	1	1	1	1	6	1	1
2994561	1	1	1	1	6	2	1
2994562	1	1	3	1	4	2	2
2994563	1	1	1	1	6	2	1
2994564	1	1	3	1	6	2	2
2994565	1	1	1	1	7	2	2
2994566	1	1	1	4	7	2	2
2994567	1	1	1	1	4	1	1
2994568	1	1	3	1	4	2	2
2994569	1	1	1	1	4	1	1
2994570	1	1	1	1	6	2	1
2994571	1	1	1	2	4	1	1
2994572	1	1	3	1	4	2	2
2994573	1	1	1	1	7	2	1
2994574	1	1	3	1	4	2	2
2994575	1	1	3	1	4	2	1
2994576	1	1	1	1	4	1	1
2994577	1	1	1	1	6	2	1
2994579	1	1	1	1	4	2	1
2994580	1	1	3	1	7	2	2
2994581	1	1	3	1	6	2	2
2994582	1	1	1	5	5	2	2
2994583	1	1	1	1	5	2	2
2994584	1	1	3	1	4	2	2
2994586	1	1	3	2	4	2	2
2994587	1	1	3	1	4	2	2
2994588	1	1	3	8	6	2	2
2994589	1	1	1	5	5	2	2
2994590	1	1	3	1	4	2	2
2994591	1	1	1	1	6	1	1
2994592	1	1	1	1	6	2	2
2994593	1	1	3	8	6	2	2
2994594	1	1	3	1	4	2	2
2994595	1	1	3	1	4	2	2
2994596	1	1	1	5	5	2	2
2994597	1	1	1	1	6	1	1
2994598	1	1	1	1	4	1	1
2994599	1	1	1	1	4	2	2
2994600	1	1	3	1	6	2	2
2994601	1	1	3	1	6	2	2
2994602	1	1	1	1	4	1	1
2994603	1	1	3	1	4	2	1
2994604	1	1	1	1	4	1	1
2994605	1	1	3	1	4	2	2
2994606	1	1	1	1	4	1	1
2994607	1	1	3	1	6	2	1
2994608	1	1	1	1	4	1	1
2994609	1	1	2	5	6	2	2
2994610	1	1	1	3	6	1	1
2994611	1	1	1	1	4	1	1
2994612	1	1	3	3	6	2	2
2994614	1	1	3	5	5	2	1
2994615	1	1	3	2	6	2	1
2994616	1	1	1	7	4	1	1
2994617	1	1	1	1	5	2	2
2994618	1	1	1	1	6	1	1
2994619	1	1	1	3	6	1	1
2994620	1	1	1	1	4	1	1
2994621	1	1	3	1	6	2	1
2994622	1	1	1	1	4	1	1
2994623	1	1	1	1	4	1	1
2994624	1	1	1	1	6	2	2
2994625	1	1	1	1	4	1	1
2994626	1	1	1	1	4	1	1
2994627	1	1	1	3	6	1	2
2994628	1	1	1	5	5	2	2
2994629	1	1	3	3	7	2	1
2994630	1	1	1	1	4	1	1
2994631	1	1	3	5	6	2	1
2994632	1	1	2	1	6	2	1
2994633	1	1	2	5	6	1	1
2994634	1	1	3	1	6	2	1
2994636	1	1	1	5	5	2	2
2994637	1	1	2	1	6	1	1
2994638	1	1	1	1	6	1	1
2994639	1	1	3	2	6	2	2
2994640	1	1	2	1	7	2	1
2994641	1	1	3	5	2	2	1
2994642	1	1	2	1	7	2	1
2994643	1	1	3	3	6	2	1
2994644	1	1	2	1	5	2	1
2994645	1	1	2	3	7	2	2
2994646	1	1	3	1	4	2	1
2994647	1	1	3	1	6	2	1
2994648	1	1	3	5	5	2	1
2994649	1	1	3	3	5	2	1
2994650	1	1	1	1	4	1	1
2994651	1	1	2	1	6	2	1
2994652	1	1	2	3	7	2	1
2994653	1	1	1	1	6	1	1
2994654	1	1	3	5	5	2	1
2994655	1	1	1	5	6	2	2
2994656	1	1	1	1	4	2	2
2994657	1	1	1	1	4	1	1
2994658	1	1	2	1	6	2	1
2994660	1	1	3	4	6	2	1
2994661	1	1	2	1	4	1	1
2994662	1	1	3	1	6	2	1
2994663	1	1	1	1	4	1	1
2994664	1	1	2	4	7	2	1
2994665	1	1	1	1	4	2	1
2994666	1	1	1	1	6	2	1
2994667	1	1	1	1	6	1	1
2994668	1	1	1	1	6	2	1
2994670	1	1	1	1	4	1	1
2994671	1	1	1	1	4	2	1
2994672	1	1	1	1	4	2	1
2994673	1	1	1	1	4	1	1
2994674	1	1	1	1	4	2	1
2994675	1	1	1	1	6	2	1
2994676	1	1	3	5	5	2	1
2994677	1	1	1	1	6	2	1
2994678	1	1	1	1	6	2	1
2994679	1	1	1	1	4	1	1
2994680	1	1	2	1	7	2	2
2994681	1	1	1	1	7	2	1
2994682	1	1	2	1	4	1	1
2994683	1	1	1	1	4	2	2
2994684	1	1	2	1	4	1	1
2994685	1	1	1	1	4	1	1
2994686	1	1	2	1	6	2	1
2994687	1	1	2	1	7	2	1
2994688	1	1	1	1	6	1	1
2994689	1	1	1	1	6	2	2
2994690	1	1	2	1	4	1	1
2994692	1	1	1	1	4	1	1
2994693	1	1	2	1	6	1	1
2994694	1	1	1	1	4	1	1
2994699	1	1	1	1	4	1	1
2994700	1	1	1	1	4	1	1
2994701	1	1	2	5	7	1	1
2994702	1	1	1	1	4	1	1
2994703	1	1	2	1	6	1	1
2994704	1	1	1	1	4	1	1
2994705	1	1	3	1	4	2	1
2994706	1	1	1	1	4	1	1
2994707	1	1	3	1	6	2	1
2994708	1	1	3	2	6	2	1
2994709	1	1	1	1	4	2	1
2994710	1	1	3	2	6	2	1
2994711	1	1	3	1	6	2	2
2994712	1	1	1	1	4	1	1
2994713	1	1	1	1	4	1	1
2994714	1	1	3	1	6	2	1
2994715	1	1	1	5	5	2	2
2994716	1	1	1	1	4	1	1
2994717	1	1	3	1	6	2	1
2994718	1	1	1	1	4	1	1
2994719	1	1	2	5	6	2	2
2994720	1	1	2	1	6	1	1
2994721	1	1	1	1	4	1	1
2994722	1	1	1	1	4	1	1
2994723	1	1	2	1	4	1	1
2994724	1	1	1	2	7	1	1
2994725	1	1	3	7	7	2	2
2994726	1	1	1	1	4	1	1
2994727	1	1	1	1	4	1	1
2994728	1	1	3	3	7	2	1
2994729	1	1	2	1	6	2	1
2994730	1	1	1	1	4	1	1
2994731	1	1	3	4	7	2	1
2994732	1	1	3	1	6	2	1
2994733	1	1	3	3	7	2	1
2994734	1	1	3	1	6	2	1
2994735	1	1	1	1	4	1	1
2994736	1	1	3	1	4	2	1
2994737	1	1	3	1	6	2	2
2994738	1	1	2	5	6	2	2
2994739	1	1	3	1	6	2	1
2994740	1	1	1	1	4	1	1
2994741	1	1	3	1	6	2	2
2994742	1	1	2	5	6	2	2
2994743	1	1	1	1	6	1	1
2994744	1	1	1	1	4	1	1
2994745	1	1	1	1	7	1	1
2994746	1	1	3	1	6	2	2
2994747	1	1	3	1	4	2	2
2994748	1	1	1	5	6	2	2
2994749	1	1	1	1	4	1	1
2994750	1	1	1	1	6	2	1
2994751	1	1	1	1	4	2	1
2994752	1	1	1	1	4	2	1
2994753	1	1	3	1	4	2	1
2994754	1	1	1	1	4	2	2
2994755	1	1	3	2	6	2	1
2994756	1	1	3	1	6	2	1
2994757	1	1	2	5	5	2	2
2994758	1	1	3	1	6	2	1
2994759	1	1	1	1	6	2	1
2994760	1	1	3	1	6	2	1
2994761	1	1	3	1	4	2	1
2994762	1	1	2	1	6	1	1
2994763	1	1	1	1	4	1	1
2994764	1	1	1	1	6	1	1
2994765	1	1	3	2	7	2	2
2994766	1	1	1	5	5	2	1
2994767	1	1	1	1	4	1	1
2994768	1	1	3	1	6	2	2
2994769	1	1	1	1	4	1	1
2994770	1	1	1	1	4	1	1
2994771	1	1	1	1	4	1	1
2994772	1	1	1	5	5	2	2
2994773	1	1	1	1	6	1	1
2994774	1	1	1	5	5	2	2
2994775	1	1	1	1	4	1	1
2994776	1	1	2	1	6	2	1
2994777	1	1	2	3	6	2	1
2994778	1	1	1	3	6	1	1
2994779	1	1	1	1	4	1	1
2994780	1	1	1	1	4	1	1
2994781	1	1	1	1	4	1	1
2994782	1	1	1	1	6	1	1
2994783	1	1	1	3	4	1	1
2994784	1	1	1	1	4	1	1
2994785	1	1	2	1	6	1	1
2994786	1	1	1	1	4	2	2
2994787	1	1	1	1	4	1	1
2994788	1	1	1	1	4	1	1
2994789	1	1	1	1	3	1	1
2994790	1	1	1	1	6	1	1
2994791	1	1	3	1	6	2	2
2994792	1	1	1	1	6	1	1
2994793	1	1	1	1	4	1	1
2994794	1	1	1	1	4	1	1
2994795	1	1	1	1	6	1	1
2994796	1	1	1	1	4	1	1
2994798	1	1	1	1	4	1	1
2994799	1	1	1	1	4	1	1
2994800	1	1	1	1	4	1	1
2994801	1	1	1	1	4	1	2
2994802	1	1	1	1	6	1	1
2994803	1	1	1	2	4	2	2
2994804	1	1	2	5	5	2	2
2994805	1	1	1	1	6	1	1
2994806	1	1	1	1	4	1	1
2994807	1	1	1	2	6	1	1
2994808	1	1	1	1	4	2	1
2994809	1	1	3	5	6	2	2
2994810	1	1	3	1	4	2	1
2994811	1	1	1	1	4	1	1
2994812	1	1	1	1	5	2	2
2994813	1	1	3	1	6	2	2
2994814	1	1	2	5	5	2	2
2994815	1	1	1	2	4	1	1
2994816	1	1	2	5	5	2	2
2994817	1	1	1	1	6	1	1
2994818	1	1	2	1	4	2	1
2994819	1	1	1	1	4	1	1
2994820	1	1	3	1	6	2	2
2994821	1	1	1	1	6	1	1
2994822	1	1	1	1	6	1	1
2994823	1	1	1	1	4	1	1
2994824	1	1	1	2	5	1	1
2994825	1	1	3	2	6	2	1
2994826	1	1	1	1	4	1	1
2994827	1	1	3	1	6	2	2
2994828	1	1	1	1	4	1	1
2994830	1	1	1	1	4	1	1
2994831	1	1	1	1	6	1	1
2994832	1	1	1	1	4	1	1
2994833	1	1	1	1	6	1	1
2994834	1	1	3	1	4	2	2
2994835	1	1	1	1	4	1	1
2994836	1	1	1	1	6	1	1
2994837	1	1	3	1	4	2	2
2994838	1	1	3	3	6	2	2
2994839	1	1	1	1	4	1	1
2994840	1	1	2	1	6	2	1
2994841	1	1	3	1	6	2	1
2994842	1	1	1	1	6	1	1
2994843	1	1	1	1	6	1	1
2994844	1	1	3	1	4	2	1
2994845	1	1	1	4	7	2	1
2994846	1	1	1	4	7	1	1
2994847	1	1	3	4	6	2	1
2994848	1	1	1	1	4	1	1
2994849	1	1	1	1	6	2	2
2994850	1	1	1	1	6	2	2
2994851	1	1	1	1	4	1	1
2994852	1	1	1	1	4	1	1
2994853	1	1	1	1	4	1	1
2994854	1	1	1	4	6	2	2
2994855	1	1	1	1	4	1	1
2994856	1	1	1	2	4	1	1
2994857	1	1	2	1	7	2	2
2994858	1	1	1	8	7	2	2
2994859	1	1	2	1	6	2	1
2994860	1	1	2	7	7	2	2
2994861	1	1	1	1	4	1	1
2994862	1	1	2	1	7	2	1
2994863	1	1	2	7	7	2	1
2994864	1	1	3	3	6	2	1
2994865	1	1	2	1	7	2	1
2994866	1	1	2	1	4	1	1
2994867	1	1	2	1	7	2	1
2994868	1	1	1	1	6	1	2
2994869	1	1	1	1	6	1	1
2994870	1	1	1	1	6	2	1
2994871	1	1	1	1	4	1	1
2994872	1	1	1	1	6	2	2
2994873	1	1	1	1	6	1	1
2994874	1	1	1	3	6	2	1
2994875	1	1	1	1	6	2	2
2994876	1	1	1	2	4	1	1
2994877	1	1	1	1	6	1	1
2994878	1	1	1	1	4	1	1
2994879	1	1	1	1	4	1	1
2994880	1	1	1	1	4	1	1
2994881	1	1	1	1	4	2	2
2994882	1	1	1	1	4	1	1
2994883	1	1	1	1	4	1	1
2994884	1	1	2	1	4	1	1
2994885	1	1	2	1	4	1	1
2994886	1	1	1	1	4	1	1
2994887	1	1	2	1	6	1	1
2994888	1	1	1	5	2	2	2
2994889	1	1	1	1	6	1	1
2994890	1	1	2	8	2	2	2
2994891	1	1	2	5	5	2	2
2994892	1	1	2	1	4	1	1
2994893	1	1	1	5	5	2	2
2994894	1	1	1	1	4	1	1
2994895	1	1	1	1	5	1	1
2994896	1	1	1	1	4	1	1
2994897	1	1	1	5	2	2	2
2994898	1	1	3	1	6	2	1
2994899	1	1	1	5	5	2	2
2994900	1	1	3	1	6	2	2
2994901	1	1	2	1	4	1	1
2994902	1	1	1	5	5	2	2
2994903	1	1	1	1	4	1	1
2994904	1	1	3	1	6	2	2
2994905	1	1	3	1	6	2	2
2994906	1	1	1	5	4	2	2
2994907	1	1	1	5	5	2	2
2994908	1	1	3	1	6	2	1
2994909	1	1	1	1	4	1	1
2994910	1	1	2	4	6	1	1
2994911	1	1	3	1	6	2	2
2994912	1	1	1	1	6	1	1
2994913	1	1	1	1	6	1	1
2994914	1	1	1	1	4	1	1
2994915	1	1	1	1	4	1	1
2994916	1	1	3	1	6	2	2
2994917	1	1	1	1	4	1	1
2994918	1	1	3	1	6	2	1
2994919	1	1	2	1	6	2	1
2994920	1	1	1	1	4	1	1
2994921	1	1	2	1	6	2	1
2994922	1	1	1	1	4	1	1
2994923	1	1	1	1	4	1	1
2994924	1	1	2	1	6	2	1
2994925	1	1	2	1	6	2	2
2994926	1	1	2	5	5	2	2
2994927	1	1	1	1	4	1	1
2994928	1	1	1	1	4	1	1
2994929	1	1	1	1	4	1	1
2994930	1	1	2	5	5	2	1
2994931	1	1	2	5	5	2	2
2994932	1	1	1	1	4	1	1
2994933	1	1	1	1	4	1	1
2994934	1	1	2	1	6	2	1
2994935	1	1	2	1	4	1	1
2994936	1	1	2	1	6	2	1
2994937	1	1	1	2	4	1	1
2994938	1	1	2	1	6	2	1
2994939	1	1	1	1	4	1	1
2994940	1	1	1	1	4	1	1
2994941	1	1	2	1	6	1	1
2994942	1	1	1	1	4	1	1
2994943	1	1	1	1	6	1	1
2994945	1	1	1	1	4	1	1
2994946	1	1	1	1	4	1	1
2994947	1	1	3	1	6	2	2
2994948	1	1	1	5	5	2	2
2994949	1	1	1	1	4	1	1
2994950	1	1	1	5	5	2	2
2994951	1	1	3	1	6	2	2
2994952	1	1	1	1	4	1	1
2994953	1	1	1	1	4	1	1
2994954	1	1	1	1	6	2	2
2994955	1	1	1	1	4	1	1
2994957	1	1	1	1	4	1	1
2994958	1	1	2	1	4	1	1
2994959	1	1	1	1	4	1	1
2994961	1	1	3	4	7	2	1
2994962	1	1	1	1	4	1	1
2994963	1	1	1	1	4	1	1
2994964	1	1	1	1	4	1	1
2994965	1	1	1	1	4	1	1
2994966	1	1	3	1	4	2	1
2994967	1	1	3	1	6	2	1
2994968	1	1	1	1	5	1	1
2994970	1	1	1	1	6	1	1
2994971	1	1	1	1	4	1	1
2994972	1	1	1	1	4	1	1
2994973	1	1	3	1	6	2	1
2994974	1	1	1	1	6	1	1
2994975	1	1	2	1	6	2	2
2994976	1	1	3	1	7	2	1
2994977	1	1	2	1	4	2	2
2994979	1	1	2	1	6	1	1
2994980	1	1	1	1	6	1	1
2994981	1	1	1	1	4	1	1
2994982	1	1	2	1	6	1	1
2994983	1	1	3	1	6	2	1
2994984	1	1	3	3	7	2	1
2994985	1	1	3	3	6	1	1
2994986	1	1	3	1	7	2	1
2994987	1	1	2	5	5	2	2
2994988	1	1	1	1	6	1	1
2994989	1	1	3	1	6	2	1
2994990	1	1	2	5	4	2	2
2994991	1	1	3	3	7	2	1
2994992	1	1	3	4	7	2	1
2994993	1	1	1	1	4	1	1
2994994	1	1	3	1	7	2	1
2994995	1	1	3	3	6	1	1
2994996	1	1	2	1	4	2	2
2994997	1	1	1	6	4	1	1
2994998	1	1	2	1	6	1	1
2994999	1	1	3	3	7	2	2
2995000	1	1	3	1	4	2	1
2995001	1	1	1	7	7	1	1
2995002	1	1	3	1	7	2	2
2995003	1	1	3	1	6	2	1
2995004	1	1	1	1	4	1	1
2995005	1	1	1	1	6	1	1
2995006	1	1	3	1	6	2	1
2995007	1	1	2	5	5	2	2
2995008	1	1	3	3	7	2	1
2995009	1	1	2	1	6	2	2
2995010	1	1	3	3	7	2	1
2995011	1	1	1	1	4	1	1
2995012	1	1	3	3	6	1	1
2995013	1	1	3	1	6	1	1
2995014	1	1	1	6	4	1	1
2995015	1	1	1	1	4	1	1
2995016	1	1	2	1	6	1	1
2995017	1	1	1	1	6	1	1
2995020	1	1	1	1	4	1	1
2995022	1	1	1	1	6	1	1
2995023	1	1	1	1	4	1	1
2995024	1	1	1	1	4	1	1
2995025	1	1	2	1	6	1	1
2995026	1	1	1	1	4	1	1
2995027	1	1	3	3	6	2	2
2995028	1	1	1	1	4	1	1
2995029	1	1	3	4	7	2	2
2995030	1	1	1	1	4	1	1
2995031	1	1	1	6	4	1	1
2995032	1	1	1	1	4	1	1
2995033	1	1	1	1	6	1	1
2995034	1	1	1	1	4	1	1
2995036	1	1	3	3	5	2	2
2995037	1	1	1	1	4	1	1
2995038	1	1	2	1	4	1	1
2995039	1	1	2	1	4	1	1
2995042	1	1	3	1	6	2	2
2995043	1	1	1	1	4	1	1
2995044	1	1	3	1	4	2	1
2995045	1	1	3	1	6	2	2
2995046	1	1	3	1	6	2	1
2995047	1	1	3	1	4	2	1
2995048	1	1	1	1	4	1	1
2995049	1	1	2	3	7	2	1
2995050	1	1	3	1	4	2	1
2995051	1	1	1	1	4	1	1
2995052	1	1	2	4	7	2	1
2995053	1	1	1	1	4	1	1
2995054	1	1	3	1	6	2	2
2995055	1	1	3	1	6	2	2
2995056	1	1	3	1	6	2	2
2995057	1	1	2	5	6	2	2
2995058	1	1	1	1	4	1	1
2995059	1	1	2	5	7	2	2
2995060	1	1	2	5	7	2	2
2995061	1	1	2	5	6	2	2
2995062	1	1	2	4	7	2	1
2995063	1	1	1	1	4	1	1
2995064	1	1	3	1	5	2	1
2995065	1	1	3	1	6	2	1
2995066	1	1	3	3	6	2	2
2995067	1	1	3	1	2	2	1
2995068	1	1	3	1	6	2	2
2995069	1	1	1	1	4	1	1
2995070	1	1	3	4	7	2	2
2995071	1	1	3	5	6	2	2
2995072	1	1	2	1	4	1	1
2995073	1	1	2	3	7	2	1
2995074	1	1	3	1	7	2	2
2995075	1	1	2	1	6	1	1
2995076	1	1	3	1	6	2	2
2995077	1	1	2	1	4	1	1
2995078	1	1	1	1	6	1	1
2995079	1	1	1	1	6	1	1
2995080	1	1	1	1	4	1	1
2995081	1	1	2	5	7	2	2
2995082	1	1	3	4	7	2	2
2995083	1	1	2	4	7	2	1
2995084	1	1	2	1	6	1	1
2995085	1	1	2	5	7	2	2
2995086	1	1	1	1	4	1	1
2995087	1	1	3	1	6	2	2
2995088	1	1	3	1	6	2	1
2995089	1	1	1	1	6	1	1
2995090	1	1	1	1	4	1	1
2995091	1	1	2	4	7	2	1
2995092	1	1	1	1	6	1	1
2995093	1	1	3	5	7	2	2
2995094	1	1	3	1	7	1	1
2995095	1	1	3	4	7	2	2
2995096	1	1	1	1	4	1	1
2995097	1	1	1	5	4	1	1
2995098	1	1	3	1	6	2	2
2995099	1	1	2	3	6	1	1
2995100	1	1	2	1	6	1	1
2995101	1	1	2	1	6	1	1
2995102	1	1	3	1	6	2	2
2995103	1	1	1	1	4	1	1
2995104	1	1	2	1	6	1	1
2995105	1	1	2	4	7	2	1
2995106	1	1	2	1	4	2	1
2995107	1	1	1	1	4	1	1
2995108	1	1	2	1	7	2	1
2995109	1	1	1	1	4	1	1
2995110	1	1	3	3	7	2	1
2995111	1	1	1	1	4	1	1
2995112	1	1	3	2	7	2	2
2995113	1	1	3	5	6	2	2
2995114	1	1	2	1	7	1	1
2995115	1	1	3	3	6	2	1
2995116	1	1	3	1	6	2	2
2995117	1	1	3	5	7	2	2
2995118	1	1	3	1	6	2	2
2995119	1	1	2	5	5	2	2
2995120	1	1	3	4	7	2	2
2995121	1	1	3	5	7	2	2
2995122	1	1	1	5	6	2	2
2995123	1	1	2	3	7	2	1
2995124	1	1	3	5	7	2	2
2995125	1	1	1	1	4	1	1
2995126	1	1	1	1	4	1	1
2995127	1	1	2	1	6	1	1
2995128	1	1	1	7	6	1	2
2995129	1	1	2	1	6	2	1
2995130	1	1	2	2	6	2	1
2995131	1	1	2	1	6	2	1
2995132	1	1	2	5	7	2	1
2995133	1	1	3	1	6	1	1
2995134	1	1	2	4	7	1	1
2995135	1	1	2	1	6	2	1
2995136	1	1	3	5	7	2	2
2995137	1	1	1	1	6	1	1
2995138	1	1	2	1	6	1	1
2995139	1	1	2	1	6	1	1
2995140	1	1	3	1	6	2	2
2995141	1	1	1	1	6	1	1
2995142	1	1	2	5	7	2	1
2995143	1	1	3	5	6	2	2
2995144	1	1	2	1	6	2	1
2995145	1	1	3	1	6	2	2
2995146	1	1	3	7	7	2	2
2995147	1	1	3	4	7	2	2
2995148	1	1	1	1	4	1	1
2995149	1	1	1	1	6	1	1
2995150	1	1	1	1	6	1	1
2995151	1	1	1	1	4	1	1
2995152	1	1	1	1	6	1	1
2995153	1	1	1	1	4	1	1
2995154	1	1	3	5	7	2	2
2995155	1	1	1	1	4	1	1
2995156	1	1	3	3	7	2	1
2995157	1	1	1	1	4	1	1
2995158	1	1	1	1	4	1	1
2995159	1	1	2	2	7	2	1
2995160	1	1	1	1	4	1	1
2995161	1	1	1	1	4	1	1
2995162	1	1	3	3	6	2	1
2995163	1	1	3	3	6	2	1
2995164	1	1	1	1	4	1	1
2995165	1	1	2	1	6	1	1
2995166	1	1	2	1	6	2	1
2995167	1	1	3	4	7	2	2
2995168	1	1	3	5	7	2	2
2995169	1	1	1	1	6	1	1
2995170	1	1	3	1	6	2	2
2995171	1	1	1	1	4	1	1
2995172	1	1	2	1	6	2	1
2995173	1	1	1	1	4	1	1
2995174	1	1	1	1	4	1	1
2995175	1	1	1	1	6	1	1
2995176	1	1	1	1	4	1	1
2995177	1	1	1	1	5	1	1
2995178	1	1	1	1	4	1	1
2995179	1	1	1	1	6	1	1
2995180	1	1	1	1	4	1	1
2995181	1	1	1	1	4	1	1
2995182	1	1	1	1	4	1	1
2995183	1	1	3	4	7	2	1
2995184	1	1	1	1	3	1	1
2995185	1	1	1	1	4	1	1
2995186	1	1	1	1	4	1	1
2995187	1	1	1	1	4	1	1
2995188	1	1	2	4	6	1	1
2995189	1	1	2	1	6	1	1
2995190	1	1	2	3	5	1	1
2995191	1	1	1	1	4	1	1
2995192	1	1	2	1	6	2	1
2995193	1	1	1	1	6	1	1
2995194	1	1	1	1	4	1	1
2995195	1	1	1	1	4	1	1
2995196	1	1	1	1	4	1	1
2995197	1	1	1	1	6	1	1
2995198	1	1	1	1	4	1	1
2995199	1	1	1	1	4	1	1
2995200	1	1	1	1	4	1	1
2995201	1	1	1	1	6	1	1
2995202	1	1	1	1	4	1	1
2995203	1	1	1	5	6	2	2
2995204	1	1	1	1	4	1	1
2995205	1	1	1	1	4	1	1
2995206	1	1	1	1	3	1	1
2995207	1	1	2	4	6	1	1
2995208	1	1	1	1	4	1	1
2995209	1	1	1	1	4	1	1
2995210	1	1	1	5	4	1	1
2995211	1	1	1	3	5	1	1
2995212	1	1	1	1	4	1	1
2995214	1	1	2	4	5	1	1
2995215	1	1	1	1	5	1	1
2995216	1	1	1	1	6	1	1
2995217	1	1	1	1	6	1	1
2995218	1	1	1	1	4	1	1
2995219	1	1	1	1	6	1	1
2995220	1	1	2	1	4	1	1
2995221	1	1	1	1	4	1	1
2995222	1	1	1	1	4	1	1
2995223	1	1	1	3	5	1	1
2995224	1	1	1	1	4	1	1
2995225	1	1	1	1	6	1	2
2995226	1	1	1	1	6	1	1
2995227	1	1	1	1	4	1	1
2995228	1	1	1	5	6	2	2
2995229	1	1	1	1	4	1	1
2995230	1	1	1	1	4	1	1
2995231	1	1	1	5	6	2	2
2995232	1	1	3	1	6	2	2
2995233	1	1	2	1	6	1	1
2995234	1	1	2	4	7	2	2
2995235	1	1	2	5	7	2	2
2995236	1	1	2	1	6	2	2
2995237	1	1	3	5	6	2	2
2995238	1	1	3	1	6	2	2
2995239	1	1	3	5	7	2	2
2995240	1	1	2	3	6	2	2
2995241	1	1	3	4	7	2	1
2995242	1	1	3	3	6	2	1
2995243	1	1	3	1	6	2	1
2995244	1	1	1	1	4	1	1
2995245	1	1	2	4	7	2	2
2995246	1	1	1	1	6	1	1
2995247	1	1	1	1	4	1	1
2995248	1	1	2	3	7	2	2
2995249	1	1	3	5	6	2	2
2995250	1	1	1	3	6	1	1
2995251	1	1	1	1	4	1	1
2995252	1	1	1	1	6	1	2
2995253	1	1	3	4	7	2	2
2995254	1	1	2	1	6	2	1
2995255	1	1	3	1	4	1	1
2995256	1	1	3	4	7	2	2
2995257	1	1	3	1	6	2	1
2995258	1	1	3	1	6	2	1
2995259	1	1	1	1	6	1	1
2995260	1	1	3	4	7	2	2
2995261	1	1	1	2	4	1	1
2995262	1	1	3	5	5	2	2
2995263	1	1	1	1	6	1	1
2995264	1	1	3	5	5	2	2
2995265	1	1	3	5	5	2	2
2995266	1	1	3	1	6	2	1
2995267	1	1	1	1	4	1	1
2995268	1	1	3	1	6	2	2
2995269	1	1	1	1	4	1	1
2995270	1	1	1	3	6	1	1
2995271	1	1	1	1	6	1	2
2995272	1	1	1	4	6	1	1
2995273	1	1	1	1	6	1	2
2995274	1	1	3	1	6	2	1
2995275	1	1	3	5	7	2	2
2995276	1	1	3	1	6	2	1
2995277	1	1	3	1	4	2	1
2995278	1	1	2	1	6	2	1
2995279	1	1	3	1	4	2	1
2995280	1	1	3	1	6	2	1
2995281	1	1	3	1	6	2	1
2995282	1	1	2	1	6	1	1
2995283	1	1	3	1	6	2	1
2995284	1	1	2	1	4	1	1
2995285	1	1	3	1	4	2	2
2995286	1	1	3	5	6	2	2
2995287	1	1	1	1	6	1	1
2995288	1	1	1	4	6	1	1
2995289	1	1	1	1	4	1	1
2995290	1	1	1	1	4	1	1
2995291	1	1	1	1	4	1	1
2995292	1	1	1	1	4	1	1
2995293	1	1	3	1	6	2	2
2995294	1	1	2	5	7	2	2
2995295	1	1	3	3	7	2	2
2995296	1	1	1	1	6	1	1
2995298	1	1	2	3	7	2	2
2995299	1	1	3	4	7	2	2
2995300	1	1	3	4	7	2	2
2995302	1	1	3	1	7	2	2
2995303	1	1	3	1	6	2	1
2995305	1	1	3	1	4	2	1
2995306	1	1	1	1	4	1	1
2995307	1	1	2	1	4	2	1
2995308	1	1	2	1	4	2	1
2995309	1	1	2	1	6	2	1
2995310	1	1	3	5	7	2	1
2995311	1	1	3	1	5	2	2
2995312	1	1	1	1	4	1	1
2995313	1	1	3	5	7	2	1
2995314	1	1	1	1	6	2	1
2995315	1	1	3	1	6	2	2
2995316	1	1	3	1	6	2	1
2995317	1	1	1	1	4	1	1
2995318	1	1	3	1	6	2	2
2995319	1	1	3	5	6	2	2
2995320	1	1	3	1	7	2	2
2995321	1	1	1	1	4	2	1
2995322	1	1	1	1	4	2	1
2995323	1	1	3	2	6	2	2
2995324	1	1	3	3	5	2	1
2995325	1	1	3	1	6	2	1
2995326	1	1	1	3	6	1	1
2995327	1	1	3	2	6	2	1
2995329	1	1	3	1	4	2	2
2995330	1	1	1	1	4	1	1
2995331	1	1	1	1	4	1	1
2995332	1	1	2	1	6	1	1
2995333	1	1	3	1	6	2	1
2995335	1	1	3	5	5	2	2
2995336	1	1	3	1	6	2	2
2995337	1	1	2	1	4	1	1
2995339	1	1	3	5	5	2	1
2995340	1	1	3	1	6	2	2
2995341	1	1	2	1	7	2	1
2995342	1	1	3	1	7	2	1
2995343	1	1	2	1	6	1	1
2995344	1	1	1	1	4	1	1
2995345	1	1	1	2	6	1	1
2995346	1	1	1	1	4	1	1
2995347	1	1	1	2	6	1	1
2995348	1	1	1	1	6	2	1
2995350	1	1	1	6	6	1	1
2995351	1	1	3	4	7	2	2
2995352	1	1	1	2	5	1	1
2995353	1	1	1	1	4	1	1
2995354	1	1	3	5	5	2	1
2995355	1	1	2	1	6	1	1
2995356	1	1	1	1	4	1	1
2995357	1	1	3	1	6	2	2
2995358	1	1	2	4	7	2	2
2995359	1	1	2	1	6	1	1
2995360	1	1	3	3	5	2	2
2995361	1	1	3	3	5	2	2
2995362	1	1	1	1	6	1	1
2995363	1	1	2	1	6	1	1
2995364	1	1	2	5	6	1	1
2995365	1	1	1	1	4	2	1
2995366	1	1	3	1	4	2	1
2995367	1	1	1	2	6	1	1
2995368	1	1	1	1	4	2	1
2995369	1	1	3	5	5	2	1
2995370	1	1	1	1	6	1	2
2995371	1	1	3	3	4	2	2
2995372	1	1	1	1	4	1	1
2995373	1	1	3	1	6	2	2
2995375	1	1	1	1	6	1	1
2995376	1	1	2	5	6	1	1
2995377	1	1	1	1	4	1	1
2995378	1	1	1	1	6	2	1
2995379	1	1	3	1	6	2	1
2995380	1	1	1	1	6	2	2
2995381	1	1	2	1	6	1	1
2995382	1	1	2	1	7	2	1
2995383	1	1	1	1	4	1	1
2995384	1	1	1	1	6	1	1
2995385	1	1	1	1	4	1	1
2995386	1	1	3	1	6	2	2
2995387	1	1	3	1	4	2	2
2995388	1	1	1	1	6	1	1
2995389	1	1	3	2	6	2	2
2995390	1	1	1	1	4	1	1
2995391	1	1	1	1	4	1	1
2995392	1	1	2	1	6	1	1
2995393	1	1	3	2	4	2	1
2995394	1	1	1	1	4	1	1
2995395	1	1	3	1	6	2	1
2995396	1	1	1	1	4	1	1
2995397	1	1	2	3	7	2	1
2995398	1	1	1	1	4	1	1
2995399	1	1	1	1	4	1	1
2995400	1	1	1	1	4	1	1
2995401	1	1	1	1	6	1	1
2995402	1	1	1	1	4	1	1
2995403	1	1	2	4	6	2	1
2995404	1	1	1	1	4	1	1
2995405	1	1	3	1	6	2	2
2995406	1	1	1	1	4	1	1
2995407	1	1	3	1	6	2	2
2995408	1	1	1	1	4	1	1
2995409	1	1	2	1	6	2	1
2995410	1	1	3	1	4	2	2
2995411	1	1	1	1	4	1	1
2995412	1	1	1	1	7	2	2
2995413	1	1	3	2	6	2	2
2995414	1	1	3	2	7	2	2
2995415	1	1	3	2	7	2	2
2995417	1	1	1	1	4	2	1
2995418	1	1	1	5	6	2	1
2995419	1	1	2	1	6	1	1
2995420	1	1	1	1	6	1	1
2995421	1	1	3	1	6	2	2
2995422	1	1	3	1	6	2	1
2995423	1	1	1	1	6	1	1
2995424	1	1	3	2	6	2	2
2995425	1	1	3	2	6	2	2
2995426	1	1	1	1	4	1	1
2995427	1	1	3	1	6	2	2
2995428	1	1	1	1	4	1	1
2995429	1	1	1	1	4	1	1
2995430	1	1	1	1	4	1	1
2995431	1	1	1	1	4	1	1
2995432	1	1	1	1	4	1	1
2995433	1	1	3	1	6	2	2
2995434	1	1	1	1	4	1	1
2995435	1	1	1	1	4	1	1
2995436	1	1	3	1	6	2	2
2995437	1	1	1	1	4	1	1
2995438	1	1	1	1	4	1	1
2995439	1	1	1	1	4	1	1
2995440	1	1	2	4	7	2	1
2995441	1	1	2	3	7	2	1
2995442	1	1	2	1	4	2	1
2995443	1	1	3	1	7	2	1
2995444	1	1	2	3	7	2	1
2995445	1	1	1	1	4	2	1
2995446	1	1	1	1	4	1	1
2995447	1	1	1	1	4	2	1
2995450	1	1	1	1	4	1	1
2995451	1	1	3	1	6	2	2
2995452	1	1	2	1	4	1	1
2995453	1	1	3	1	6	2	2
2995454	1	1	3	1	6	2	2
2995455	1	1	1	1	6	2	1
2995456	1	1	1	1	6	1	1
2995457	1	1	2	1	6	1	1
2995458	1	1	2	3	4	1	1
2995459	1	1	1	1	4	1	1
2995460	1	1	2	1	4	1	1
2995461	1	1	1	1	6	1	1
2995462	1	1	1	1	4	1	1
2995463	1	1	1	1	4	1	1
2995464	1	1	1	1	4	1	1
2995465	1	1	1	1	4	1	1
2995466	1	1	1	5	6	2	2
2995467	1	1	1	1	4	1	1
2995468	1	1	1	1	4	1	1
2995469	1	1	1	3	6	1	1
2995470	1	1	1	1	4	2	1
2995471	1	1	1	1	4	2	1
2995472	1	1	1	1	4	1	1
2995473	1	1	1	1	4	1	1
2995474	1	1	1	1	4	1	1
2995475	1	1	1	1	4	1	1
2995476	1	1	1	3	6	1	1
2995477	1	1	1	5	4	2	2
2995478	1	1	1	1	4	2	1
2995479	1	1	1	1	4	1	1
2995480	1	1	1	1	4	1	1
2995481	1	1	1	2	4	1	1
2995482	1	1	2	3	4	1	1
2995483	1	1	3	1	6	2	1
2995484	1	1	1	1	4	1	1
2995485	1	1	1	1	4	1	1
2995487	1	1	1	1	4	1	1
2995488	1	1	1	1	4	1	1
2995489	1	1	1	1	4	1	1
2995490	1	1	1	1	4	1	1
2995491	1	1	1	1	4	1	1
2995492	1	1	1	1	4	1	1
2995493	1	1	1	1	6	2	1
2995494	1	1	1	1	4	1	1
2995495	1	1	3	5	6	2	1
2995496	1	1	3	1	4	1	1
2995497	1	1	3	1	4	1	1
2995498	1	1	3	1	4	1	1
2995499	1	1	1	1	4	1	1
2995500	1	1	1	1	4	1	1
2995501	1	1	1	1	4	1	1
2995502	1	1	1	1	4	1	1
2995503	1	1	1	1	6	2	1
2995504	1	1	1	1	4	1	1
2995505	1	1	1	1	4	1	1
2995506	1	1	1	1	6	1	1
2995507	1	1	1	1	6	1	1
2995508	1	1	1	1	4	1	1
2995509	1	1	1	1	6	1	1
2995510	1	1	3	4	7	2	2
2995511	1	1	3	2	6	2	2
2995512	1	1	3	5	7	2	2
2995513	1	1	3	5	7	2	2
2995514	1	1	2	1	6	1	1
2995515	1	1	3	1	6	2	1
2995516	1	1	1	1	4	1	1
2995517	1	1	3	1	6	1	1
2995518	1	1	1	1	4	1	1
2995519	1	1	2	1	6	1	1
2995520	1	1	1	1	4	2	1
2995521	1	1	1	1	6	1	1
2995522	1	1	2	1	4	1	1
2995523	1	1	1	1	6	2	1
2995524	1	1	2	1	6	1	1
2995525	1	1	1	1	6	2	1
2995526	1	1	1	1	6	2	1
2995527	1	1	1	1	6	1	1
2995528	1	1	2	3	7	1	1
2995529	1	1	3	1	7	2	2
2995530	1	1	3	3	5	1	1
2995531	1	1	1	1	6	1	1
2995532	1	1	1	1	4	1	1
2995534	1	1	3	3	7	2	2
2995535	1	1	1	1	6	2	2
2995536	1	1	3	1	6	2	2
2995537	1	1	1	1	4	2	2
2995538	1	1	1	1	4	1	1
2995539	1	1	3	5	7	2	2
2995540	1	1	3	1	6	2	1
2995541	1	1	3	2	6	2	1
2995542	1	1	3	1	6	2	2
2995543	1	1	1	1	6	1	1
2995544	1	1	3	1	6	2	2
2995545	1	1	3	2	6	2	1
2995546	1	1	3	1	4	2	1
2995547	1	1	3	2	6	2	1
2995548	1	1	1	1	4	1	1
2995549	1	1	1	1	6	1	1
2995550	1	1	1	1	4	1	1
2995551	1	1	3	1	4	2	2
2995552	1	1	2	1	6	1	1
2995553	1	1	3	1	4	2	1
2995554	1	1	3	1	4	2	1
2995555	1	1	1	1	4	1	1
2995556	1	1	3	4	6	2	2
2995557	1	1	3	1	6	2	1
2995558	1	1	3	5	7	2	2
2995559	1	1	3	1	6	2	1
2995560	1	1	1	1	4	1	1
2995561	1	1	1	1	4	1	1
2995562	1	1	3	1	4	2	1
2995563	1	1	1	1	6	2	1
2995564	1	1	1	1	4	1	1
2995566	1	1	3	1	6	2	2
2995567	1	1	3	2	6	2	1
2995568	1	1	1	1	4	2	1
2995569	1	1	3	1	6	2	1
2995570	1	1	1	1	6	2	1
2995571	1	1	3	1	6	2	1
2995572	1	1	3	1	7	2	1
2995573	1	1	1	1	4	1	1
2995574	1	1	3	1	6	2	1
2995575	1	1	3	1	4	2	2
2995576	1	1	1	1	6	1	1
2995577	1	1	3	5	7	2	2
2995578	1	1	1	1	4	2	1
2995579	1	1	3	1	6	2	1
2995580	1	1	3	1	4	2	2
2995581	1	1	2	1	6	1	1
2995582	1	1	1	1	6	2	1
2995583	1	1	1	1	4	1	1
2995584	1	1	1	1	4	1	1
2995585	1	1	3	1	6	2	1
2995586	1	1	3	1	5	2	2
2995587	1	1	3	5	7	2	2
2995588	1	1	3	5	7	2	1
2995590	1	1	1	1	6	1	1
2995591	1	1	3	1	5	2	2
2995592	1	1	1	1	4	1	1
2995593	1	1	1	1	6	2	1
2995596	1	1	1	1	6	1	1
2995597	1	1	2	1	4	1	1
2995598	1	1	3	1	6	2	2
2995599	1	1	3	5	7	2	2
2995601	1	1	2	1	4	1	1
2995602	1	1	3	5	7	2	2
2995603	1	1	2	1	4	1	1
2995604	1	1	3	2	6	2	1
2995605	1	1	3	3	7	2	2
2995606	1	1	3	1	4	2	1
2995607	1	1	1	1	6	1	1
2995608	1	1	3	1	6	2	1
2995610	1	1	1	1	4	1	1
2995611	1	1	3	1	6	2	2
2995612	1	1	3	1	6	2	1
2995613	1	1	3	3	7	2	2
2995615	1	1	3	5	7	2	2
2995616	1	1	1	1	4	1	1
2995617	1	1	1	1	6	2	1
2995618	1	1	3	3	5	2	2
2995619	1	1	1	1	4	1	1
2995620	1	1	3	1	4	2	1
2995621	1	1	2	1	4	1	1
2995622	1	1	3	1	6	1	1
2995624	1	1	3	1	6	2	1
2995626	1	1	1	1	4	1	1
2995627	1	1	1	1	4	2	1
2995629	1	1	1	1	4	1	1
2995630	1	1	1	1	4	1	1
2995631	1	1	1	1	6	2	1
2995632	1	1	3	1	6	2	1
2995633	1	1	3	1	6	2	1
2995634	1	1	3	3	4	2	2
2995635	1	1	3	1	7	2	2
2995636	1	1	2	1	6	1	1
2995637	1	1	3	1	4	2	1
2995638	1	1	1	1	7	1	1
2995639	1	1	3	1	6	2	1
2995641	1	1	1	1	4	1	1
2995642	1	1	3	5	5	2	2
2995643	1	1	1	1	4	1	1
2995644	1	1	3	1	6	2	1
2995645	1	1	1	1	4	1	1
2995646	1	1	1	1	4	1	1
2995647	1	1	1	1	4	1	1
2995648	1	1	1	1	6	2	1
2995649	1	1	1	1	6	1	1
2995650	1	1	1	1	4	1	1
2995651	1	1	3	5	6	2	2
2995652	1	1	2	1	6	2	1
2995653	1	1	1	1	6	2	2
2995654	1	1	3	1	6	2	1
2995655	1	1	1	1	6	2	1
2995656	1	1	3	1	6	2	1
2995657	1	1	1	1	6	1	1
2995658	1	1	3	1	6	2	2
2995659	1	1	1	1	6	1	1
2995660	1	1	1	1	6	2	1
2995661	1	1	1	1	6	2	1
2995662	1	1	1	1	4	1	1
2995663	1	1	1	1	4	1	1
2995664	1	1	3	1	6	2	1
2995665	1	1	2	1	6	1	1
2995666	1	1	1	1	6	1	1
2995667	1	1	1	1	6	2	1
2995668	1	1	3	1	4	2	1
2995669	1	1	1	1	4	2	1
2995670	1	1	3	1	6	2	1
2995671	1	1	1	1	6	1	1
2995672	1	1	2	1	6	2	1
2995673	1	1	1	2	4	1	1
2995674	1	1	2	5	5	2	2
2995675	1	1	2	3	4	1	1
2995676	1	1	2	1	4	1	1
2995677	1	1	3	1	4	2	2
2995678	1	1	1	1	4	1	1
2995679	1	1	2	1	6	1	1
2995680	1	1	1	1	4	1	1
2995681	1	1	2	1	4	1	1
2995682	1	1	2	1	6	2	1
2995683	1	1	1	1	4	1	1
2995684	1	1	1	1	6	2	1
2995685	1	1	2	1	6	2	1
2995686	1	1	3	1	6	2	1
2995687	1	1	1	4	6	2	2
2995688	1	1	1	1	4	2	1
2995689	1	1	1	1	6	1	1
2995690	1	1	1	1	6	2	1
2995692	1	1	2	1	6	1	1
2995693	1	1	2	1	4	1	1
2995694	1	1	2	2	6	2	1
2995695	1	1	3	1	6	2	1
2995696	1	1	1	1	6	1	1
2995697	1	1	2	1	6	2	1
2995698	1	1	1	1	4	1	1
2995699	1	1	1	1	4	2	1
2995700	1	1	2	5	6	2	1
2995701	1	1	2	1	6	2	2
2995702	1	1	1	3	5	1	1
2995703	1	1	3	1	7	2	1
2995704	1	1	3	5	7	2	2
2995705	1	1	1	1	6	2	1
2995706	1	1	1	1	6	1	1
2995707	1	1	3	1	6	2	1
2995708	1	1	1	1	4	1	1
2995709	1	1	1	1	4	1	1
2995710	1	1	1	1	5	1	1
2995711	1	1	1	1	6	1	1
2995712	1	1	1	1	4	1	1
2995713	1	1	1	1	6	1	1
2995714	1	1	1	1	6	1	1
2995715	1	1	3	1	6	2	1
2995716	1	1	1	1	4	1	1
2995717	1	1	1	1	4	1	1
2995718	1	1	2	1	4	1	1
2995719	1	1	2	1	4	1	1
2995720	1	1	1	3	4	1	1
2995721	1	1	1	1	6	1	1
2995722	1	1	2	1	4	1	1
2995723	1	1	1	1	4	1	1
2995724	1	1	2	3	4	1	1
2995725	1	1	2	1	6	2	1
2995726	1	1	1	1	4	1	1
2995727	1	1	1	1	6	1	1
2995728	1	1	1	1	4	1	1
2995729	1	1	1	1	6	1	1
2995730	1	1	1	1	4	1	1
2995731	1	1	3	1	4	2	1
2995732	1	1	1	1	6	2	1
2995733	1	1	2	1	6	1	1
2995734	1	1	1	1	4	1	1
2995735	1	1	1	1	6	1	1
2995736	1	1	3	1	6	2	2
2995737	1	1	3	7	6	2	2
2995738	1	1	1	1	6	1	1
2995739	1	1	1	1	4	1	1
2995740	1	1	1	1	6	2	1
2995741	1	1	1	1	6	1	1
2995742	1	1	1	1	6	1	1
2995743	1	1	1	1	6	1	1
2995744	1	1	1	1	4	1	1
2995745	1	1	1	1	4	1	1
2995746	1	1	2	1	6	1	1
2995747	1	1	1	1	4	1	1
2995748	1	1	1	1	3	1	1
2995749	1	1	1	5	6	1	2
2995750	1	1	1	1	4	1	1
2995751	1	1	1	1	4	1	1
2995752	1	1	3	1	4	2	2
2995753	1	1	1	1	6	1	1
2995754	1	1	2	1	4	1	1
2995755	1	1	2	1	6	2	2
2995756	1	1	1	1	4	1	1
2995757	1	1	3	3	5	2	2
2995758	1	1	1	1	4	1	1
2995759	1	1	1	1	4	1	1
2995760	1	1	2	1	4	1	1
2995761	1	1	1	1	4	1	1
2995762	1	1	1	1	4	1	1
2995763	1	1	1	1	6	2	2
2995764	1	1	1	1	4	1	1
2995765	1	1	1	1	6	1	1
2995766	1	1	3	7	7	2	2
2995767	1	1	3	1	4	2	1
2995768	1	1	1	1	6	1	1
2995769	1	1	1	1	6	1	1
2995770	1	1	3	1	6	2	1
2995771	1	1	3	1	4	2	1
2995772	1	1	1	1	4	1	1
2995773	1	1	3	1	6	2	1
2995774	1	1	3	1	6	2	1
2995775	1	1	3	1	6	2	1
2995776	1	1	3	4	5	2	2
2995777	1	1	3	1	6	2	1
2995778	1	1	3	1	4	2	1
2995779	1	1	2	1	6	2	1
2995780	1	1	3	1	5	1	1
2995781	1	1	1	1	4	1	1
2995782	1	1	3	1	6	2	1
2995783	1	1	2	1	6	1	1
2995784	1	1	3	1	6	2	1
2995785	1	1	2	1	4	1	1
2995786	1	1	3	1	6	2	1
2995787	1	1	2	1	4	1	1
2995788	1	1	2	1	6	2	1
2995789	1	1	3	2	6	2	1
2995790	1	1	1	1	4	1	1
2995791	1	1	2	1	6	2	1
2995792	1	1	1	1	4	1	1
2995793	1	1	2	1	6	2	1
2995794	1	1	3	1	6	2	1
2995795	1	1	3	1	6	2	1
2995796	1	1	2	3	7	2	1
2995797	1	1	3	1	6	2	2
2995798	1	1	3	1	6	2	1
2995799	1	1	1	1	4	1	1
2995801	1	1	3	1	6	2	1
2995803	1	1	3	1	6	2	1
2995805	1	1	1	1	6	1	1
2995806	1	1	2	1	4	1	1
2995807	1	1	3	3	6	2	2
2995808	1	1	2	2	6	1	1
2995809	1	1	2	1	4	1	1
2995810	1	1	3	3	7	2	1
2995811	1	1	3	4	7	2	1
2995813	1	1	3	4	7	2	2
2995815	1	1	1	1	4	1	1
2995816	1	1	1	1	4	1	1
2995818	1	1	3	3	7	2	2
2995819	1	1	2	3	6	1	1
2995823	1	1	2	1	6	2	1
2995824	1	1	1	5	5	1	1
2995825	1	1	2	1	6	1	1
2995827	1	1	1	1	4	1	1
2995828	1	1	1	1	4	1	1
2995829	1	1	2	4	7	2	1
2995832	1	1	1	1	4	1	1
2995833	1	1	3	3	5	2	1
2995834	1	1	3	1	6	2	1
2995836	1	1	1	1	4	1	1
2995838	1	1	2	1	4	2	1
2995839	1	1	3	3	7	2	1
2995842	1	1	3	5	7	2	1
2995843	1	1	1	1	6	1	1
2995846	1	1	1	1	4	1	1
2995849	1	1	3	1	6	2	1
2995851	1	1	1	1	6	1	1
2995852	1	1	3	1	6	2	1
2995853	1	1	1	1	6	1	1
2995854	1	1	1	1	6	2	1
2995855	1	1	2	1	4	2	1
2995860	1	1	2	1	6	1	1
2995861	1	1	2	4	7	2	1
2995863	1	1	2	1	6	2	1
2995864	1	1	3	1	4	2	1
2995866	1	1	3	3	7	2	1
2995869	1	1	1	1	1	1	1
2995871	1	1	1	1	4	1	1
2995880	1	1	1	1	4	1	1
2995884	1	1	3	1	6	2	1
2995885	1	1	3	1	6	2	1
2995887	1	1	1	1	6	1	1
2995888	1	1	3	7	7	2	2
2995889	1	1	3	1	4	2	1
2995890	1	1	3	4	6	2	2
2995892	1	1	1	1	4	1	1
2995893	1	1	1	1	4	1	1
2995894	1	1	3	1	6	2	1
2995895	1	1	1	1	6	2	1
2995896	1	1	3	3	6	2	1
2995897	1	1	3	4	6	2	2
2995898	1	1	1	1	6	2	1
2995899	1	1	3	1	6	2	1
2995900	1	1	3	3	6	2	2
2995901	1	1	3	3	6	2	1
2995902	1	1	2	1	6	2	1
2995903	1	1	3	3	6	2	2
2995904	1	1	2	1	6	1	1
2995905	1	1	2	1	6	2	1
2995906	1	1	2	2	6	2	2
2995907	1	1	3	3	6	2	1
2995908	1	1	3	1	6	2	1
2995909	1	1	1	1	4	1	1
2995910	1	1	3	3	5	2	1
2995911	1	1	2	1	4	1	1
2995912	1	1	3	5	7	2	2
2995913	1	1	3	1	4	2	1
2995914	1	1	1	1	4	1	1
2995915	1	1	3	1	6	2	1
2995916	1	1	1	1	6	2	1
2995917	1	1	1	1	4	1	1
2995918	1	1	3	1	6	2	2
2995919	1	1	1	1	6	1	1
2995920	1	1	1	1	4	1	1
2995921	1	1	2	1	4	1	1
2995922	1	1	3	1	6	2	2
2995923	1	1	1	1	4	1	1
2995924	1	1	1	1	4	1	1
2995925	1	1	2	1	6	1	1
2995926	1	1	1	1	4	1	1
2995927	1	1	1	1	6	2	1
2995928	1	1	1	1	4	1	1
2995929	1	1	1	1	6	1	1
2995930	1	1	1	1	4	1	1
2995931	1	1	1	1	6	1	1
2995932	1	1	3	5	6	2	2
2995933	1	1	3	1	6	2	2
2995934	1	1	1	1	6	1	1
2995935	1	1	2	4	5	1	1
2995936	1	1	1	1	4	1	1
2995937	1	1	2	1	6	1	1
2995938	1	1	1	1	4	1	1
2995939	1	1	1	1	6	2	2
2995940	1	1	1	1	4	1	1
2995941	1	1	1	1	6	1	1
2995942	1	1	1	1	4	1	1
2995943	1	1	1	3	6	1	1
2995944	1	1	3	5	6	2	2
2995945	1	1	1	1	6	1	2
2995946	1	1	1	5	7	2	2
2995947	1	1	1	1	6	2	1
2995948	1	1	1	1	4	1	1
2995949	1	1	1	1	6	1	1
2995950	1	1	1	1	4	1	1
2995951	1	1	1	1	4	1	1
2995952	1	1	2	1	4	1	1
2995953	1	1	1	1	4	1	1
2995954	1	1	3	1	6	2	2
2995955	1	1	2	1	4	2	1
2995957	1	1	1	1	6	1	2
2995958	1	1	1	1	6	1	1
2995959	1	1	3	1	6	2	2
2995960	1	1	1	1	6	1	2
2995961	1	1	1	1	6	1	1
2995962	1	1	1	1	4	1	1
2995963	1	1	1	1	4	1	1
2995964	1	1	3	5	7	2	2
2995965	1	1	1	1	4	1	1
2995966	1	1	2	1	4	1	1
2995967	1	1	2	1	4	2	1
2995968	1	1	1	1	6	1	1
2995969	1	1	1	1	4	1	1
2995970	1	1	1	1	6	2	1
2995971	1	1	1	1	4	1	1
2995972	1	1	1	1	6	1	1
2995973	1	1	1	1	6	1	2
2995974	1	1	1	1	6	1	1
2995975	1	1	1	1	6	1	1
2995976	1	1	2	1	4	1	1
2995977	1	1	1	1	4	1	1
2995978	1	1	2	1	4	1	1
2995979	1	1	1	1	4	1	1
2995980	1	1	1	1	4	1	1
2995981	1	1	2	1	4	2	1
2995982	1	1	1	1	4	1	1
2995983	1	1	1	1	4	1	1
2995984	1	1	1	1	4	1	1
2995985	1	1	1	1	6	1	1
2995986	1	1	1	1	4	2	2
2995987	1	1	1	5	6	1	2
2995988	1	1	1	1	4	1	1
2995989	1	1	3	1	6	2	1
2995990	1	1	2	1	6	2	1
2995991	1	1	1	1	4	1	1
2995992	1	1	2	1	4	2	2
2995993	1	1	3	1	6	2	1
2995994	1	1	3	1	4	2	1
2995995	1	1	3	1	6	2	1
2995996	1	1	3	1	6	2	1
2995997	1	1	3	1	6	2	1
2995998	1	1	3	1	6	2	1
2995999	1	1	3	1	6	2	1
2996000	1	1	3	1	6	2	1
2996001	1	1	2	1	6	2	1
2996002	1	1	2	1	4	2	1
2996003	1	1	1	1	4	1	2
2996004	1	1	2	1	6	2	1
2996005	1	1	1	1	6	2	2
2996006	1	1	1	1	4	1	1
2996007	1	1	1	1	1	1	1
2996008	1	1	2	1	6	2	1
2996009	1	1	1	1	6	1	1
2996010	1	1	3	1	4	2	1
2996012	1	1	1	1	6	1	1
2996013	1	1	2	1	4	2	2
2996014	1	1	3	1	6	2	1
2996015	1	1	1	1	6	1	1
2996016	1	1	1	1	6	1	1
2996017	1	1	1	1	6	1	1
2996018	1	1	1	1	4	1	1
2996019	1	1	1	1	6	1	1
2996020	1	1	3	1	6	2	2
2996021	1	1	3	1	4	2	2
2996023	1	1	1	1	6	2	2
2996024	1	1	1	1	6	1	1
2996025	1	1	3	1	4	2	1
2996026	1	1	3	1	4	2	1
2996027	1	1	2	1	4	2	1
2996028	1	1	1	1	6	2	2
2996029	1	1	1	1	4	2	2
2996030	1	1	1	1	6	1	1
2996031	1	1	1	8	7	1	1
2996032	1	1	1	1	6	1	1
2996033	1	1	1	1	6	1	1
2996034	1	1	1	1	6	1	2
2996035	1	1	1	1	4	1	1
2996036	1	1	3	1	6	2	2
2996037	1	1	3	1	4	2	1
2996038	1	1	3	1	4	2	1
2996039	1	1	1	1	4	1	1
2996040	1	1	1	1	6	1	1
2996041	1	1	1	1	6	2	1
2996042	1	1	1	5	5	2	1
2996043	1	1	1	1	6	1	1
2996044	1	1	2	1	4	2	1
2996045	1	1	1	1	4	1	1
2996046	1	1	3	1	6	2	2
2996047	1	1	1	1	6	1	1
2996048	1	1	3	1	4	2	2
2996049	1	1	1	1	6	1	1
2996050	1	1	3	1	6	2	2
2996051	1	1	1	1	6	1	1
2996052	1	1	1	1	4	2	1
2996053	1	1	1	1	6	1	1
2996054	1	1	1	1	6	1	1
2996055	1	1	1	5	5	2	1
2996056	1	1	1	1	6	1	1
2996057	1	1	1	1	6	1	1
2996058	1	1	1	1	6	2	1
2996059	1	1	3	1	4	2	2
2996060	1	1	1	1	6	1	1
2996061	1	1	3	1	6	2	2
2996062	1	1	1	1	6	1	1
2996063	1	1	3	1	4	2	2
2996064	1	1	2	1	4	1	1
2996065	1	1	1	5	2	2	1
2996066	1	1	1	8	7	2	2
2996067	1	1	1	1	6	1	1
2996068	1	1	1	1	6	1	1
2996069	1	1	3	1	6	2	1
2996070	1	1	2	1	6	1	1
2996071	1	1	3	1	4	2	1
2996072	1	1	1	1	4	1	1
2996073	1	1	1	1	4	1	1
2996074	1	1	1	5	5	2	1
2996075	1	1	1	1	4	1	1
2996076	1	1	2	1	4	1	1
2996077	1	1	1	1	6	2	1
2996078	1	1	1	1	6	1	1
2996079	1	1	1	1	4	1	1
2996080	1	1	1	1	6	1	1
2996081	1	1	1	1	4	1	1
2996082	1	1	1	1	4	1	1
2996083	1	1	3	1	4	2	1
2996084	1	1	1	1	4	1	1
2996085	1	1	1	1	4	1	1
2996086	1	1	1	1	6	1	1
2996087	1	1	1	1	6	1	1
2996088	1	1	1	1	4	1	1
2996089	1	1	1	1	4	1	1
2996090	1	1	3	3	5	2	1
2996091	1	1	1	1	4	1	1
2996092	1	1	1	1	4	2	2
2996093	1	1	2	1	4	1	1
2996094	1	1	1	1	4	1	1
2996095	1	1	1	1	6	2	2
2996096	1	1	1	1	4	1	1
2996097	1	1	3	3	4	2	2
2996098	1	1	1	1	4	1	1
2996099	1	1	1	1	4	1	2
2996100	1	1	1	1	4	1	1
2996101	1	1	2	1	6	2	1
2996102	1	1	2	3	6	2	1
2996103	1	1	3	3	6	2	2
2996104	1	1	3	3	6	2	2
2996105	1	1	1	1	4	1	1
2996106	1	1	2	3	6	2	1
2996107	1	1	2	4	7	2	1
2996109	1	1	1	1	4	1	1
2996110	1	1	3	1	4	2	1
2996112	1	1	1	1	4	1	1
2996113	1	1	1	1	4	1	1
2996114	1	1	3	1	6	2	2
2996116	1	1	1	1	4	1	1
2996117	1	1	1	1	6	1	1
2996118	1	1	2	1	6	2	1
2996119	1	1	1	1	4	1	1
2996120	1	1	1	1	4	1	1
2996121	1	1	3	1	4	2	1
2996122	1	1	1	1	4	1	1
2996123	1	1	1	1	4	1	1
2996124	1	1	1	1	4	1	1
2996125	1	1	2	1	6	2	1
2996126	1	1	1	1	4	1	1
2996127	1	1	1	1	4	1	1
2996128	1	1	1	1	4	1	1
2996129	1	1	1	1	4	1	1
2996131	1	1	1	1	4	1	1
2996137	1	1	3	1	6	2	1
2996139	1	1	3	1	4	1	2
2996140	1	1	3	4	6	2	1
2996142	1	1	1	1	4	1	1
2996374	1	1	1	1	4	1	1
2996375	1	1	3	5	4	2	1
2996376	1	1	1	1	4	1	1
2996377	1	1	1	1	4	1	1
2996378	1	1	1	1	4	1	1
2996379	1	1	3	1	6	2	1
2996380	1	1	3	1	6	2	1
2996381	1	1	3	1	7	2	1
2996382	1	1	1	1	6	1	1
2996383	1	1	3	5	5	2	2
2996384	1	1	3	5	7	2	2
2996385	1	1	3	5	5	2	2
2996386	1	1	3	3	5	2	2
2996387	1	1	1	1	6	2	1
2996388	1	1	3	1	6	2	1
2996389	1	1	3	1	7	2	1
2996390	1	1	3	5	6	2	1
2996391	1	1	3	1	4	2	1
2996393	1	1	1	1	4	1	1
2996394	1	1	1	1	4	1	1
2996395	1	1	1	1	4	1	1
2996396	1	1	1	1	4	1	1
2996397	1	1	1	1	4	1	1
2996398	1	1	1	1	6	1	1
2996400	1	1	1	1	4	1	1
2996401	1	1	1	1	4	1	1
2996402	1	1	1	1	4	1	1
2996404	1	1	1	1	4	1	1
2996405	1	1	1	1	4	1	1
2996406	1	1	1	1	6	1	1
2996407	1	1	1	1	4	1	1
2996408	1	1	1	1	4	1	1
2996409	1	1	3	1	4	2	1
2996410	1	1	3	1	6	2	2
2996412	1	1	1	1	4	1	1
2996413	1	1	3	1	6	2	1
2996414	1	1	1	1	7	2	2
2996416	1	1	1	1	4	1	1
2996417	1	1	2	4	6	1	1
2996418	1	1	3	1	6	2	1
2996419	1	1	3	1	4	2	1
2996420	1	1	1	1	4	1	1
2996421	1	1	1	1	4	1	1
2996423	1	1	1	1	6	1	2
2996424	1	1	1	1	4	1	2
2996425	1	1	1	1	4	1	2
2996426	1	1	3	1	6	2	2
2996427	1	1	3	1	4	2	2
2996428	1	1	3	1	6	2	2
2996430	1	1	1	1	6	1	1
2996431	1	1	3	1	6	2	2
2996432	1	1	3	1	4	2	2
2996433	1	1	3	1	6	2	2
2996434	1	1	3	1	4	2	2
2996435	1	1	1	1	4	1	1
2996436	1	1	1	1	6	1	1
2996445	1	1	1	1	4	2	2
2996446	1	1	3	4	7	2	2
2996447	1	1	3	1	4	2	1
2996448	1	1	3	1	6	2	1
2996449	1	1	3	1	4	2	2
2996450	1	1	3	1	6	2	2
2996451	1	1	1	1	4	1	1
2996452	1	1	1	1	4	1	1
2996453	1	1	3	1	4	1	1
2996454	1	1	3	1	4	1	1
2996455	1	1	1	1	4	1	1
2996456	1	1	3	1	4	1	1
2996457	1	1	2	1	6	1	1
2996459	1	1	2	1	6	2	1
2996460	1	1	2	5	6	2	1
2996462	1	1	3	1	4	2	1
2996464	1	1	1	1	4	1	1
2996465	1	1	1	1	4	2	2
2996468	1	1	1	1	6	1	1
2996469	1	1	1	5	2	2	2
2996470	1	1	1	1	4	1	1
2996471	1	1	1	5	5	2	2
2996472	1	1	1	1	4	1	1
2996473	1	1	1	1	4	1	1
2996474	1	1	1	1	4	1	1
2996475	1	1	3	1	6	2	2
2996476	1	1	1	1	4	2	1
2996477	1	1	1	1	6	1	1
2996478	1	1	1	1	6	1	1
2996479	1	1	1	1	4	1	1
2996480	1	1	1	1	4	1	1
2996481	1	1	1	1	4	1	1
2996482	1	1	1	1	6	1	1
2996483	1	1	1	1	4	1	1
2996484	1	1	1	1	4	1	1
2996485	1	1	1	1	4	2	1
2996486	1	1	1	1	4	1	1
2996487	1	1	2	1	6	1	1
2996488	1	1	1	5	5	2	1
2996490	1	1	3	5	5	2	2
2996491	1	1	3	1	6	2	2
2996492	1	1	1	1	4	1	1
2996493	1	1	1	1	4	1	1
2996494	1	1	3	5	2	2	2
2996495	1	1	3	5	7	2	2
2996496	1	1	3	5	2	2	2
2996497	1	1	1	1	4	1	1
2996498	1	1	1	1	4	1	1
2996499	1	1	1	1	4	1	1
2996500	1	1	1	1	4	1	1
2996501	1	1	1	5	2	1	1
2996502	1	1	1	1	4	1	1
2996503	1	1	1	5	5	2	1
2996504	1	1	2	1	6	2	1
2996505	1	1	1	5	5	1	1
2996506	1	1	2	1	6	2	1
2996507	1	1	1	1	6	1	1
2996508	1	1	1	1	6	2	1
2996510	1	1	2	1	4	2	1
2996511	1	1	1	5	5	1	1
2996512	1	1	1	1	4	2	1
2996513	1	1	1	5	5	1	2
2996514	1	1	1	1	6	2	1
2996515	1	1	1	1	6	1	1
2996516	1	1	1	1	6	2	1
2996518	1	1	1	5	5	2	1
2996519	1	1	1	1	4	1	1
2996520	1	1	1	5	5	2	1
2996521	1	1	1	1	6	1	1
2996522	1	1	1	5	5	2	1
2996523	1	1	1	1	6	1	1
2996524	1	1	1	1	4	1	1
2996525	1	1	1	1	6	1	1
2996526	1	1	1	1	4	1	1
2996527	1	1	2	1	6	2	1
2996528	1	1	1	1	4	1	1
2996529	1	1	1	1	4	1	1
2996530	1	1	1	1	6	1	1
2996531	1	1	1	5	5	1	1
2996532	1	1	1	1	4	1	1
2996533	1	1	1	5	5	2	1
2996534	1	1	1	5	5	1	1
2996535	1	1	1	1	4	1	1
2996536	1	1	1	1	4	1	1
2996537	1	1	1	1	4	1	1
2996538	1	1	2	1	6	2	1
2996539	1	1	1	1	4	1	1
2996540	1	1	1	1	4	1	1
2996541	1	1	1	1	4	1	1
2996542	1	1	1	1	6	1	1
2996543	1	1	1	5	6	1	1
2996544	1	1	1	1	4	1	1
2996546	1	1	1	1	4	1	1
2996549	1	1	1	1	4	1	1
2996550	1	1	1	5	6	2	1
2996551	1	1	1	1	4	1	1
2996552	1	1	1	1	4	1	1
2996553	1	1	1	5	5	2	1
2996554	1	1	1	1	6	1	1
2996555	1	1	1	1	6	1	1
2996556	1	1	1	1	4	1	1
2996557	1	1	1	5	5	2	1
2996558	1	1	2	5	6	2	1
2996559	1	1	2	5	5	2	2
2996560	1	1	2	1	4	2	1
2996561	1	1	2	1	6	2	1
2996562	1	1	2	1	6	2	1
2996563	1	1	2	5	5	2	1
2996564	1	1	3	1	4	2	2
2996565	1	1	2	1	4	2	1
2996566	1	1	1	1	4	1	1
2996567	1	1	2	1	6	2	1
2996568	1	1	3	1	6	2	2
2996569	1	1	2	5	5	2	1
2996570	1	1	1	1	4	1	1
2996571	1	1	3	1	6	2	2
2996572	1	1	1	1	6	1	1
2996573	1	1	1	1	6	1	1
2996574	1	1	2	1	6	2	1
2996575	1	1	2	1	6	1	1
2996576	1	1	3	1	6	2	2
2996577	1	1	2	5	5	2	2
2996578	1	1	1	1	6	1	1
2996579	1	1	1	1	6	1	1
2996580	1	1	1	1	6	1	1
2996581	1	1	3	1	4	2	2
2996582	1	1	1	1	4	1	1
2996583	1	1	3	1	6	2	2
2996584	1	1	1	5	5	2	1
2996585	1	1	3	1	4	2	1
2996586	1	1	3	4	6	2	2
2996587	1	1	1	1	4	1	1
2996588	1	1	1	1	4	1	1
2996589	1	1	1	1	4	1	1
2996590	1	1	2	1	6	1	1
2996591	1	1	2	3	7	2	2
2996592	1	1	2	1	6	1	1
2996593	1	1	1	5	5	2	1
2996594	1	1	2	4	7	2	2
2996595	1	1	1	1	6	1	1
2996596	1	1	3	1	6	1	1
2996597	1	1	1	1	4	1	1
2996598	1	1	1	1	4	1	1
2996599	1	1	1	6	4	1	1
2996600	1	1	1	5	5	2	2
2996602	1	1	1	1	6	1	1
2996603	1	1	1	5	5	2	2
2996604	1	1	1	1	6	1	1
2996605	1	1	1	1	4	1	1
2996606	1	1	2	5	5	2	2
2996607	1	1	1	1	4	1	1
2996608	1	1	2	1	6	2	1
2996609	1	1	1	1	6	1	1
2996610	1	1	1	1	6	1	1
2996611	1	1	1	5	4	2	2
2996612	1	1	1	1	6	1	1
2996613	1	1	1	3	6	1	1
2996614	1	1	3	1	6	2	2
2996615	1	1	3	1	6	2	2
2996616	1	1	2	5	5	2	1
2996617	1	1	2	1	6	1	1
2996618	1	1	1	5	5	2	2
2996619	1	1	1	1	6	1	1
2996620	1	1	1	5	5	2	2
2996621	1	1	1	1	6	1	1
2996622	1	1	1	1	4	1	1
2996623	1	1	1	3	6	1	1
2996624	1	1	3	5	7	2	1
2996625	1	1	1	1	4	1	1
2996626	1	1	1	1	6	1	1
2996627	1	1	2	1	6	2	1
2996628	1	1	3	5	7	2	1
2996630	1	1	1	1	6	2	1
2996631	1	1	3	3	6	2	1
2996632	1	1	2	5	6	2	2
2996633	1	1	1	1	4	1	1
2996634	1	1	1	1	4	1	1
2996635	1	1	1	1	4	1	1
2996636	1	1	1	1	4	1	1
2996637	1	1	1	1	6	1	1
2996638	1	1	3	1	6	1	1
2996639	1	1	3	1	6	1	1
2996640	1	1	2	1	6	2	1
2996641	1	1	3	1	6	2	1
2996642	1	1	1	1	6	2	1
2996643	1	1	3	5	7	2	2
2996644	1	1	1	1	4	1	1
2996645	1	1	1	1	4	1	1
2996646	1	1	1	1	4	1	1
2996647	1	1	1	1	4	1	1
2996648	1	1	3	1	4	1	1
2996649	1	1	1	1	6	2	1
2996650	1	1	1	1	6	2	1
2996651	1	1	3	1	4	1	1
2996652	1	1	3	1	6	2	1
2996653	1	1	1	1	4	1	1
2996654	1	1	1	1	4	1	1
2996655	1	1	3	5	6	2	2
2996656	1	1	2	1	4	1	1
2996657	1	1	3	1	6	1	1
2996658	1	1	3	1	4	1	1
2996659	1	1	2	5	5	2	2
2996660	1	1	1	5	5	2	1
2996661	1	1	1	1	4	1	1
2996662	1	1	1	1	6	1	1
2996663	1	1	1	1	6	2	1
2996664	1	1	3	1	4	2	1
2996666	1	1	1	1	6	1	1
2996667	1	1	1	1	6	2	1
2996668	1	1	1	1	4	1	1
2996669	1	1	3	5	6	2	1
2996671	1	1	2	5	6	2	2
2996673	1	1	1	3	6	1	1
2996674	1	1	1	1	6	1	1
2996675	1	1	1	1	4	2	1
2996676	1	1	1	1	6	2	1
2996677	1	1	3	8	6	2	1
2996678	1	1	3	1	6	2	2
2996679	1	1	3	3	7	2	2
2996680	1	1	3	1	4	2	1
2996681	1	1	3	1	6	2	1
2996682	1	1	1	1	4	1	1
2996683	1	1	1	1	4	1	1
2996684	1	1	3	7	7	2	2
2996685	1	1	1	1	6	2	1
2996686	1	1	3	1	4	1	1
2996689	1	1	1	1	6	2	1
2996692	1	1	3	1	4	1	1
2996693	1	1	1	1	6	1	1
2996694	1	1	1	1	4	1	1
2996696	1	1	3	1	7	2	2
2996697	1	1	3	4	7	2	1
2996698	1	1	3	1	6	2	2
2996699	1	1	3	8	7	2	2
2996700	1	1	1	2	6	1	1
2996701	1	1	1	1	4	1	1
2996702	1	1	1	1	4	1	1
2996703	1	1	1	1	4	1	1
2996704	1	1	3	1	6	2	2
2996705	1	1	1	5	5	2	2
2996706	1	1	1	1	4	1	1
2996707	1	1	1	1	5	1	1
2996708	1	1	3	1	6	2	1
2996709	1	1	3	8	6	2	1
2996710	1	1	1	1	6	1	1
2996727	1	1	2	5	5	2	2
2996739	1	1	3	1	7	2	2
2996741	1	1	3	1	6	2	1
2996744	1	1	3	5	6	2	2
2996745	1	1	1	1	4	1	1
2996747	1	1	1	1	4	1	1
2996749	1	1	1	1	6	2	2
2996750	1	1	3	1	6	2	1
2996751	1	1	3	1	6	2	1
2996753	1	1	3	1	6	2	1
2996754	1	1	3	1	6	2	1
2996757	1	1	1	1	4	1	1
2996758	1	1	1	1	4	2	1
2996759	1	1	3	1	6	2	1
2996760	1	1	1	1	6	2	1
2996761	1	1	3	1	6	2	1
2996762	1	1	3	1	6	2	2
2996763	1	1	3	1	6	2	1
2996766	1	1	1	1	6	2	1
2996767	1	1	1	1	6	1	1
2996769	1	1	3	1	4	2	1
2996774	1	1	1	1	6	2	1
2996775	1	1	1	1	4	2	1
2996777	1	1	3	5	6	2	2
2996778	1	1	1	1	4	1	1
2996779	1	1	3	1	4	2	2
2996781	1	1	3	1	6	2	1
2996782	1	1	1	1	4	1	1
2996783	1	1	1	1	6	1	1
2996784	1	1	1	1	6	1	1
2996785	1	1	1	1	4	1	1
2996786	1	1	1	1	6	1	1
2996787	1	1	2	1	4	1	1
2996788	1	1	1	1	6	1	1
2996789	1	1	1	1	2	1	1
2996790	1	1	1	1	4	1	1
2996791	1	1	1	5	7	1	1
2996792	1	1	1	1	7	1	1
2996793	1	1	1	1	6	1	1
2996794	1	1	1	1	6	1	1
2996795	1	1	1	1	6	1	1
2996796	1	1	1	2	5	1	1
2996797	1	1	2	1	6	2	1
2996798	1	1	3	4	7	2	1
2996799	1	1	3	4	7	2	1
2996800	1	1	1	1	4	1	1
2996801	1	1	3	1	6	2	1
2996802	1	1	1	1	6	1	1
2996803	1	1	2	1	6	2	1
2996804	1	1	3	1	6	2	1
2996806	1	1	3	1	6	2	1
2996807	1	1	2	1	6	2	1
2996808	1	1	3	4	7	2	1
2996809	1	1	3	1	4	2	1
2996810	1	1	3	4	7	2	1
2996811	1	1	2	5	5	2	2
2996812	1	1	1	1	4	1	1
2996813	1	1	3	1	6	2	1
2996814	1	1	1	1	4	1	1
2996815	1	1	3	1	4	2	1
2996816	1	1	1	1	6	1	1
2996817	1	1	3	1	6	2	1
2996818	1	1	2	1	6	2	1
2996819	1	1	1	1	4	2	1
2996820	1	1	3	7	6	1	1
2996822	1	1	1	1	6	1	1
2996823	1	1	2	1	6	2	1
2996824	1	1	2	1	7	2	1
2996825	1	1	1	1	6	1	1
2996826	1	1	1	1	6	1	1
2996827	1	1	1	1	5	1	1
2996828	1	1	2	1	4	1	1
2996829	1	1	1	1	6	2	1
2996830	1	1	3	1	6	2	1
2996831	1	1	1	1	6	2	1
2996832	1	1	1	1	4	1	1
2996833	1	1	1	1	4	1	1
2996834	1	1	2	5	5	2	2
2996835	1	1	1	1	4	1	1
2996837	1	1	3	4	7	2	1
2996838	1	1	1	1	4	1	1
2996839	1	1	1	1	6	1	1
2996840	1	1	1	1	6	1	1
2996842	1	1	1	1	4	1	1
2996843	1	1	1	1	4	1	1
2996844	1	1	3	1	6	2	2
2996846	1	1	3	1	6	2	1
2996847	1	1	3	4	7	2	2
2996848	1	1	3	1	6	2	1
2996849	1	1	1	1	6	2	1
2996850	1	1	1	1	6	2	1
2996851	1	1	1	1	6	2	1
2996852	1	1	1	1	6	1	1
2996853	1	1	1	1	4	1	1
2996854	1	1	1	1	4	1	1
2996855	1	1	1	1	6	1	1
2996856	1	1	1	1	4	1	1
2996858	1	1	1	1	6	2	1
2996859	1	1	1	1	4	1	1
2996860	1	1	1	1	4	2	1
2996861	1	1	1	2	7	1	1
2996862	1	1	3	5	6	2	1
2996863	1	1	3	1	6	2	1
2996864	1	1	1	1	4	1	1
2996866	1	1	3	1	6	2	1
2996867	1	1	3	1	4	2	1
2996868	1	1	1	1	4	1	1
2996869	1	1	1	1	4	1	1
2996870	1	1	1	1	4	1	1
2996871	1	1	1	1	4	1	1
2996872	1	1	3	1	6	1	1
2996873	1	1	1	8	7	2	2
2996874	1	1	2	1	6	2	1
2996876	1	1	2	1	7	2	1
2996877	1	1	2	1	6	2	1
2996878	1	1	3	1	6	2	2
2996879	1	1	3	4	7	2	2
2996880	1	1	1	1	4	1	1
2996881	1	1	1	1	4	1	1
2996882	1	1	1	1	6	2	1
2996884	1	1	2	5	5	2	2
2996891	1	1	3	1	6	2	2
2996892	1	1	2	1	6	2	2
2996894	1	1	1	1	4	1	1
2996899	1	1	3	1	4	2	2
2996900	1	1	2	1	6	2	2
2996901	1	1	1	1	4	1	1
2996902	1	1	3	8	6	2	2
2996907	1	1	3	3	6	2	2
2996909	1	1	1	1	4	1	1
2996910	1	1	1	1	4	1	1
2996916	1	1	1	1	4	1	1
2996919	1	1	3	1	6	2	2
2996920	1	1	3	1	6	2	2
2996921	1	1	2	1	6	2	1
2996922	1	1	1	1	6	1	1
2996923	1	1	1	1	4	1	1
2996924	1	1	2	1	6	2	2
2996925	1	1	1	1	5	1	1
2996926	1	1	3	1	6	2	2
2996927	1	1	3	1	6	2	2
2996928	1	1	2	1	6	2	2
2996929	1	1	1	1	4	1	1
2996930	1	1	2	1	4	2	2
2996931	1	1	1	1	6	1	1
2996932	1	1	2	1	4	2	2
2996933	1	1	1	1	6	1	1
2996934	1	1	1	1	4	1	1
2996935	1	1	1	1	4	1	1
2996936	1	1	2	1	6	1	1
2996937	1	1	1	1	4	1	1
2996938	1	1	2	5	5	2	1
2996939	1	1	2	3	6	2	1
2996940	1	1	1	1	4	1	1
2996941	1	1	3	1	6	2	1
2996942	1	1	2	5	5	2	2
2996943	1	1	2	5	5	2	2
2996944	1	1	3	1	6	2	1
2996945	1	1	1	1	4	1	1
2996946	1	1	2	1	6	2	2
2996947	1	1	2	1	6	2	1
2996948	1	1	2	1	6	2	1
2996949	1	1	2	1	6	2	2
2996950	1	1	3	7	5	2	1
2996951	1	1	3	7	5	1	1
2996952	1	1	3	1	4	2	1
2996953	1	1	2	1	6	2	2
2996954	1	1	2	1	7	2	1
2996955	1	1	2	2	4	2	1
2996956	1	1	3	1	4	2	1
2996957	1	1	2	1	4	2	1
2996958	1	1	3	5	5	2	1
2996959	1	1	2	5	5	2	2
2996960	1	1	2	1	6	2	2
2996961	1	1	2	1	6	1	1
2996962	1	1	2	1	7	2	1
2996963	1	1	1	1	4	1	1
2996964	1	1	2	1	6	2	1
2996965	1	1	2	1	6	2	2
2996966	1	1	2	1	6	2	1
2996967	1	1	1	1	4	1	1
2996968	1	1	1	1	6	1	1
2996969	1	1	3	1	6	2	2
2996970	1	1	1	1	6	1	1
2996971	1	1	3	3	6	2	2
2996972	1	1	1	1	4	1	1
2996973	1	1	1	1	4	1	1
2996974	1	1	3	3	7	2	1
2996975	1	1	2	1	6	2	2
2996976	1	1	3	2	5	2	1
2996977	1	1	1	1	4	1	1
2996978	1	1	1	1	6	1	1
2996979	1	1	1	1	4	1	1
2996980	1	1	1	1	6	1	1
2996981	1	1	1	3	6	1	1
2996982	1	1	3	4	7	2	2
2996983	1	1	2	1	4	2	2
2996984	1	1	3	1	6	2	2
2996985	1	1	3	1	6	2	1
2996986	1	1	2	1	6	2	2
2996988	1	1	2	5	5	2	2
2996989	1	1	1	1	4	1	1
2996990	1	1	1	1	6	1	1
2996991	1	1	3	1	7	2	2
2996992	1	1	3	1	7	2	1
2996993	1	1	3	1	6	2	2
2996994	1	1	2	1	4	1	1
2996997	1	1	2	1	4	2	2
2996998	1	1	1	1	6	1	1
2996999	1	1	3	1	6	2	1
2997000	1	1	3	4	6	2	2
2997001	1	1	2	5	5	2	2
2997002	1	1	1	1	4	1	1
2997003	1	1	1	1	4	1	1
2997004	1	1	2	1	6	2	2
2997005	1	1	2	1	4	2	2
2997006	1	1	1	1	4	1	1
2997010	1	1	1	1	4	1	1
2997011	1	1	2	1	4	2	1
2997012	1	1	1	1	4	1	1
2997013	1	1	2	1	6	2	1
2997014	1	1	2	5	6	2	2
2997015	1	1	1	1	4	1	1
2997016	1	1	3	1	6	2	2
2997017	1	1	1	1	3	1	1
2997018	1	1	1	1	4	1	1
2997019	1	1	3	4	7	2	2
2997020	1	1	3	5	6	2	1
2997021	1	1	2	1	4	2	2
2997022	1	1	1	1	4	1	1
2997023	1	1	1	1	4	1	1
2997024	1	1	2	1	6	2	2
2997025	1	1	1	1	4	1	1
2997026	1	1	1	1	4	1	1
2997027	1	1	3	3	6	2	2
2997028	1	1	3	8	6	2	2
2997029	1	1	1	1	4	1	1
2997030	1	1	1	1	3	1	1
2997032	1	1	1	1	4	1	1
2997033	1	1	1	1	4	1	1
2997035	1	1	2	1	6	1	2
2997036	1	1	1	2	4	1	1
2997038	1	1	1	3	6	1	1
2997040	1	1	1	1	4	1	2
2997043	1	1	1	1	6	1	1
2997044	1	1	1	1	4	1	1
2997045	1	1	2	1	4	1	1
2997046	1	1	2	1	4	1	1
2997047	1	1	1	2	4	1	1
2997048	1	1	1	2	5	1	1
2997049	1	1	1	1	6	1	1
2997050	1	1	1	1	6	1	1
2997051	1	1	1	1	4	1	1
2997052	1	1	3	2	6	2	1
2997053	1	1	3	3	6	2	1
2997054	1	1	3	1	6	2	1
2997055	1	1	3	7	6	2	1
2997056	1	1	1	1	4	1	1
2997057	1	1	1	3	6	1	1
2997058	1	1	1	1	6	1	1
2997059	1	1	3	1	7	2	1
2997060	1	1	3	4	6	2	1
2997061	1	1	2	1	4	1	1
2997062	1	1	1	1	6	1	1
2997063	1	1	3	5	6	2	1
2997064	1	1	3	4	7	2	2
2997065	1	1	3	5	4	2	1
2997066	1	1	3	1	4	2	1
2997067	1	1	3	1	6	2	2
2997068	1	1	2	1	6	1	1
2997069	1	1	1	1	4	1	1
2997070	1	1	2	1	4	1	1
2997071	1	1	2	1	6	2	2
2997072	1	1	2	1	6	1	1
2997073	1	1	1	2	6	1	1
2997074	1	1	3	5	7	2	1
2997075	1	1	1	1	6	1	1
2997076	1	1	2	1	4	2	1
2997077	1	1	3	5	6	2	1
2997078	1	1	2	1	4	1	1
2997079	1	1	1	1	4	1	1
2997080	1	1	1	1	6	2	1
2997081	1	1	1	1	4	1	1
2997082	1	1	1	1	4	2	1
2997083	1	1	3	1	4	2	1
2997084	1	1	2	1	4	2	2
2997085	1	1	2	1	4	1	1
2997086	1	1	1	1	6	1	1
2997087	1	1	3	1	6	2	1
2997088	1	1	2	1	6	1	1
2997089	1	1	2	1	6	1	1
2997090	1	1	1	1	4	1	1
2997091	1	1	3	7	6	2	2
2997092	1	1	1	1	4	1	1
2997093	1	1	1	2	6	1	1
2997094	1	1	3	7	6	2	1
2997095	1	1	1	2	6	1	1
2997096	1	1	2	1	4	1	1
2997097	1	1	1	1	6	1	1
2997098	1	1	3	7	7	2	2
2997099	1	1	1	1	4	1	1
2997100	1	1	3	1	4	2	1
2997101	1	1	1	1	6	1	1
2997102	1	1	1	1	6	1	1
2997103	1	1	3	4	7	2	2
2997104	1	1	3	2	6	2	2
2997105	1	1	2	1	6	1	1
2997106	1	1	3	1	6	2	2
2997107	1	1	3	2	6	2	2
2997108	1	1	2	1	4	1	1
2997109	1	1	1	1	4	2	1
2997110	1	1	3	1	4	2	1
2997112	1	1	3	1	6	2	1
2997113	1	1	3	1	6	2	2
2997114	1	1	2	1	4	1	1
2997115	1	1	2	1	6	1	1
2997116	1	1	2	1	6	2	2
2997117	1	1	3	4	7	2	2
2997118	1	1	2	1	4	1	1
2997119	1	1	3	4	6	2	1
2997120	1	1	2	1	4	1	1
2997121	1	1	3	5	7	2	2
2997122	1	1	2	1	4	2	1
2997123	1	1	1	1	4	1	1
2997124	1	1	3	4	7	2	2
2997125	1	1	2	1	6	1	1
2997127	1	1	1	2	6	1	1
2997129	1	1	3	1	4	2	1
2997130	1	1	3	1	6	2	1
2997131	1	1	3	3	7	2	2
2997132	1	1	3	3	6	2	2
2997133	1	1	3	2	7	2	1
2997134	1	1	1	1	4	1	1
2997135	1	1	1	1	4	1	1
2997136	1	1	3	1	4	2	2
2997137	1	1	2	1	4	1	1
2997138	1	1	1	1	6	1	1
2997139	1	1	1	1	6	1	1
2997140	1	1	2	1	4	1	1
2997141	1	1	1	1	6	1	1
2997142	1	1	2	1	4	1	1
2997144	1	1	1	1	6	1	1
2997145	1	1	2	1	6	2	1
2997146	1	1	1	3	6	1	1
2997147	1	1	3	1	4	2	2
2997148	1	1	1	3	6	1	1
2997149	1	1	1	1	1	1	1
2997150	1	1	3	2	6	2	2
2997151	1	1	3	3	6	2	2
2997153	1	1	3	1	6	2	1
2997154	1	1	1	3	6	1	1
2997155	1	1	3	1	5	2	2
2997156	1	1	1	1	6	1	1
2997157	1	1	1	1	4	1	1
2997158	1	1	3	1	6	2	1
2997159	1	1	1	1	4	1	1
2997160	1	1	3	1	6	2	2
2997161	1	1	1	1	4	1	1
2997162	1	1	3	1	4	2	2
2997163	1	1	2	1	6	1	1
2997164	1	1	2	1	6	1	1
2997165	1	1	1	3	6	1	1
2997166	1	1	3	1	6	2	2
2997167	1	1	1	1	6	1	1
2997168	1	1	1	2	6	1	1
2997169	1	1	1	1	6	1	1
2997170	1	1	3	2	6	2	2
2997171	1	1	3	2	7	2	2
2997172	1	1	3	7	7	2	2
2997173	1	1	1	1	4	1	1
2997174	1	1	3	1	6	2	1
2997175	1	1	3	3	6	2	2
2997176	1	1	3	1	6	2	1
2997177	1	1	1	1	4	1	1
2997178	1	1	1	1	6	1	1
2997180	1	1	1	1	6	1	1
2997181	1	1	1	1	6	1	1
2997182	1	1	1	3	4	1	1
2997183	1	1	3	1	1	2	2
2997184	1	1	1	1	4	1	1
2997185	1	1	1	1	6	1	1
2997186	1	1	1	3	6	1	1
2997187	1	1	1	1	4	1	1
2997188	1	1	1	3	6	1	1
2997189	1	1	2	1	4	2	2
2997190	1	1	2	1	4	1	1
2997191	1	1	1	3	6	1	1
2997192	1	1	2	1	4	2	1
2997193	1	1	3	1	6	2	1
2997194	1	1	3	1	6	2	1
2997195	1	1	3	1	4	2	1
2997196	1	1	2	4	7	2	2
2997197	1	1	2	1	6	2	2
2997198	1	1	3	1	6	2	2
2997199	1	1	3	4	6	2	2
2997200	1	1	1	1	5	1	1
2997201	1	1	3	1	6	1	1
2997202	1	1	3	4	6	2	2
2997203	1	1	1	1	6	1	1
2997204	1	1	3	1	6	2	2
2997205	1	1	3	3	6	2	2
2997206	1	1	2	1	6	2	2
2997207	1	1	1	2	6	1	1
2997208	1	1	3	1	2	2	2
2997209	1	1	1	1	4	1	1
2997210	1	1	2	1	6	2	2
2997211	1	1	1	1	7	1	1
2997212	1	1	1	1	6	1	1
2997213	1	1	3	1	4	2	2
2997214	1	1	1	2	6	1	1
2997215	1	1	2	1	6	2	2
2997216	1	1	1	1	6	1	1
2997217	1	1	3	2	7	2	2
2997218	1	1	1	2	6	1	1
2997219	1	1	1	1	6	1	1
2997221	1	1	1	1	4	2	1
2997222	1	1	3	1	6	2	2
2997223	1	1	3	1	6	2	2
2997224	1	1	2	1	4	1	1
2997225	1	1	1	1	4	1	1
2997226	1	1	3	4	6	2	2
2997227	1	1	2	3	6	2	2
2997228	1	1	3	1	6	2	1
2997229	1	1	3	1	4	2	1
2997230	1	1	3	4	7	2	2
2997231	1	1	3	3	6	2	2
2997232	1	1	2	1	4	1	1
2997234	1	1	1	1	4	2	1
2997235	1	1	3	1	4	2	1
2997236	1	1	1	3	6	1	1
2997237	1	1	3	1	6	2	1
2997238	1	1	3	1	4	2	1
2997240	1	1	3	4	7	2	1
2997241	1	1	1	1	4	1	1
2997242	1	1	1	2	6	1	1
2997243	1	1	2	1	6	2	2
2997244	1	1	1	1	4	1	1
2997246	1	1	3	1	6	2	1
2997247	1	1	3	1	4	2	1
2997248	1	1	1	1	4	1	1
2997249	1	1	3	5	6	2	1
2997250	1	1	3	3	6	2	1
2997251	1	1	3	4	6	2	2
2997252	1	1	1	1	6	1	1
2997253	1	1	1	1	6	1	1
2997254	1	1	3	1	4	2	1
2997255	1	1	1	1	4	1	1
2997256	1	1	3	3	6	2	2
2997257	1	1	1	1	6	1	1
2997258	1	1	3	1	6	2	1
2997259	1	1	3	3	6	2	2
2997260	1	1	3	4	7	2	2
2997261	1	1	3	1	7	2	1
2997263	1	1	3	1	6	2	1
2997265	1	1	3	1	6	2	1
2997266	1	1	1	1	6	1	1
2997267	1	1	3	5	6	2	1
2997269	1	1	1	2	7	1	1
2997270	1	1	1	2	6	1	1
2997271	1	1	1	1	6	1	1
2997272	1	1	3	1	7	2	1
2997273	1	1	1	1	6	1	1
2997274	1	1	3	3	6	2	1
2997275	1	1	3	1	6	2	1
2997276	1	1	1	1	4	1	1
2997277	1	1	3	1	6	2	1
2997278	1	1	2	1	6	1	1
2997279	1	1	3	4	6	2	2
2997280	1	1	1	1	6	1	1
2997281	1	1	3	1	4	2	1
2997282	1	1	3	2	6	2	1
2997284	1	1	3	3	6	2	2
2997285	1	1	3	1	6	2	2
2997286	1	1	3	5	7	2	2
2997287	1	1	3	3	6	2	2
2997288	1	1	3	3	7	2	2
2997289	1	1	1	2	6	1	1
2997290	1	1	1	1	4	1	1
2997291	1	1	2	1	6	1	1
2997292	1	1	1	1	4	1	1
2997293	1	1	1	2	6	1	1
2997294	1	1	1	1	5	1	1
2997295	1	1	1	1	4	1	1
2997296	1	1	1	1	4	1	1
2997298	1	1	1	1	4	1	1
2997299	1	1	1	1	6	1	1
2997300	1	1	1	1	4	1	1
2997301	1	1	3	2	7	2	1
2997302	1	1	1	1	4	1	1
2997303	1	1	1	1	6	1	1
2997304	1	1	1	1	6	1	1
2997305	1	1	1	3	2	1	1
2997306	1	1	1	1	4	1	1
2997307	1	1	1	1	6	1	1
2997308	1	1	1	1	6	1	1
2997309	1	1	2	1	6	1	1
2997310	1	1	1	1	4	1	1
2997311	1	1	1	1	4	1	1
2997312	1	1	1	3	4	1	1
2997313	1	1	3	3	6	2	2
2997315	1	1	3	3	7	2	1
2997317	1	1	1	2	7	2	1
2997318	1	1	1	2	7	2	1
2997319	1	1	2	1	4	1	1
2997320	1	1	1	1	4	1	1
2997321	1	1	1	1	6	1	1
2997322	1	1	1	1	4	1	1
2997323	1	1	1	3	6	1	1
2997325	1	1	1	1	6	1	1
2997326	1	1	1	1	4	1	1
2997327	1	1	1	1	6	2	1
2997328	1	1	1	4	7	2	1
2997329	1	1	1	1	4	1	1
2997330	1	1	1	2	6	1	1
2997331	1	1	3	1	7	2	1
2997332	1	1	2	1	6	2	1
2997333	1	1	1	1	6	2	1
2997334	1	1	1	1	4	1	1
2997335	1	1	1	1	4	1	1
2997336	1	1	1	1	6	1	1
2997337	1	1	1	1	4	1	1
2997338	1	1	2	1	4	1	1
2997339	1	1	1	2	6	1	1
2997340	1	1	1	2	6	1	1
2997341	1	1	1	1	4	1	1
2997342	1	1	1	1	6	1	1
2997343	1	1	1	1	6	1	1
2997344	1	1	1	1	4	1	1
2997345	1	1	1	2	6	1	1
2997346	1	1	1	1	6	1	1
2997347	1	1	3	4	6	2	2
2997348	1	1	3	1	5	2	2
2997350	1	1	1	1	6	1	1
2997351	1	1	2	3	7	2	1
2997352	1	1	1	3	6	1	1
2997353	1	1	2	3	6	2	1
2997354	1	1	1	1	4	1	1
2997355	1	1	1	1	4	1	1
2997356	1	1	2	1	6	2	1
2997357	1	1	3	1	4	2	1
2997358	1	1	1	1	4	1	1
2997359	1	1	1	1	7	2	1
2997360	1	1	1	1	6	1	1
2997361	1	1	1	1	4	1	1
2997362	1	1	1	1	4	1	1
2997363	1	1	3	1	4	1	1
2997364	1	1	1	1	4	1	1
2997365	1	1	1	1	6	1	1
2997366	1	1	3	3	6	2	1
2997367	1	1	1	1	4	1	1
2997368	1	1	1	1	4	1	1
2997369	1	1	3	1	4	2	1
2997371	1	1	1	3	6	1	1
2997372	1	1	3	1	4	2	1
2997373	1	1	1	1	6	1	1
2997374	1	1	3	1	4	2	1
2997375	1	1	3	1	6	2	2
2997376	1	1	1	1	4	1	1
2997377	1	1	2	1	6	1	1
2997378	1	1	3	3	4	2	1
2997379	1	1	1	4	6	1	1
2997380	1	1	1	1	4	1	1
2997381	1	1	3	1	4	2	1
2997382	1	1	1	1	6	1	1
2997383	1	1	1	1	6	2	1
2997384	1	1	1	1	4	1	1
2997385	1	1	1	1	4	2	1
2997386	1	1	2	1	6	2	1
2997387	1	1	1	1	4	1	1
2997388	1	1	1	1	6	1	1
2997390	1	1	1	1	4	1	1
2997391	1	1	1	1	4	1	1
2997392	1	1	3	2	4	2	2
2997393	1	1	3	3	6	2	1
2997394	1	1	1	1	6	2	1
2997395	1	1	1	1	6	2	1
2997397	1	1	2	1	6	2	1
2997398	1	1	1	1	4	2	1
2997399	1	1	3	1	4	2	1
2997400	1	1	3	1	4	2	1
2997401	1	1	1	1	4	1	1
2997402	1	1	2	1	6	2	1
2997404	1	1	3	1	6	2	1
2997405	1	1	1	1	6	2	1
2997406	1	1	1	1	4	1	1
2997407	1	1	3	1	4	2	2
2997408	1	1	1	1	4	1	1
2997409	1	1	3	1	6	1	1
2997412	1	1	3	1	4	2	2
2997413	1	1	3	2	6	2	1
2997414	1	1	3	6	6	2	2
2997415	1	1	3	1	6	2	1
2997416	1	1	3	2	6	2	1
2997417	1	1	3	2	7	2	1
2997418	1	1	2	1	6	2	1
2997419	1	1	3	1	6	2	1
2997420	1	1	1	1	4	1	1
2997421	1	1	1	1	4	1	1
2997422	1	1	3	5	6	2	1
2997423	1	1	3	1	6	2	1
2997424	1	1	3	2	6	2	1
2997425	1	1	3	1	6	2	2
2997426	1	1	3	4	5	2	1
2997427	1	1	1	1	4	2	1
2997428	1	1	3	1	2	2	2
2997429	1	1	1	1	6	1	1
2997430	1	1	1	1	4	1	1
2997431	1	1	3	5	7	2	1
2997432	1	1	1	1	4	1	1
2997433	1	1	3	1	6	2	1
2997434	1	1	1	1	4	1	1
2997435	1	1	2	1	6	1	1
2997436	1	1	3	1	4	2	2
2997437	1	1	3	1	6	2	2
2997438	1	1	1	1	6	1	1
2997439	1	1	1	1	6	1	1
2997440	1	1	1	1	6	1	1
2997441	1	1	1	1	6	1	1
2997442	1	1	1	1	4	1	1
2997443	1	1	3	1	6	2	1
2997444	1	1	1	1	4	1	1
2997445	1	1	1	1	5	1	1
2997446	1	1	3	1	6	1	1
2997447	1	1	1	1	4	1	1
2997448	1	1	3	1	6	2	2
2997449	1	1	1	1	4	1	1
2997450	1	1	1	1	4	2	1
2997451	1	1	1	1	6	1	1
2997452	1	1	1	1	6	2	1
2997453	1	1	1	1	6	2	1
2997454	1	1	1	1	6	1	1
2997455	1	1	1	4	7	2	1
2997456	1	1	1	1	6	2	1
2997457	1	1	3	3	5	2	1
2997458	1	1	3	3	6	2	1
2997459	1	1	1	1	4	1	1
2997460	1	1	1	1	4	1	1
2997461	1	1	1	1	4	1	1
2997462	1	1	1	1	6	2	1
2997463	1	1	1	1	6	1	1
2997464	1	1	1	1	4	1	1
2997465	1	1	1	1	4	1	1
2997466	1	1	3	1	6	2	1
2997468	1	1	1	1	6	1	1
2997469	1	1	3	1	6	2	1
2997470	1	1	1	1	4	1	1
2997471	1	1	1	1	4	1	1
2997472	1	1	1	1	4	1	1
2997473	1	1	1	1	6	2	1
2997474	1	1	1	1	4	1	1
2997475	1	1	1	1	4	1	1
2997476	1	1	1	1	4	1	1
2997477	1	1	1	5	6	2	2
2997478	1	1	1	1	7	2	1
2997479	1	1	1	1	4	1	1
2997480	1	1	3	2	6	2	1
2997481	1	1	3	1	6	2	2
2997482	1	1	1	1	6	1	1
2997483	1	1	1	1	4	1	1
2997484	1	1	1	1	4	1	1
2997485	1	1	1	1	6	1	1
2997486	1	1	1	1	6	1	1
2997487	1	1	1	1	6	1	1
2997488	1	1	3	2	6	2	1
2997489	1	1	3	3	6	2	2
2997490	1	1	3	1	7	2	2
2997491	1	1	1	1	6	1	1
2997492	1	1	3	1	6	2	2
2997493	1	1	3	1	6	2	1
2997494	1	1	3	7	7	2	2
2997495	1	1	3	1	4	2	2
2997496	1	1	1	6	7	1	2
2997497	1	1	1	1	5	1	1
2997498	1	1	3	1	4	2	1
2997499	1	1	1	1	4	1	1
2997500	1	1	3	1	6	2	1
2997501	1	1	1	1	6	1	1
2997502	1	1	1	1	5	1	1
2997503	1	1	3	1	4	2	1
2997504	1	1	3	3	7	2	1
2997505	1	1	3	1	6	2	1
2997506	1	1	3	1	6	2	1
2997507	1	1	3	1	7	2	1
2997508	1	1	3	4	6	2	2
2997509	1	1	1	1	4	1	1
2997510	1	1	3	1	4	2	1
2997511	1	1	3	4	7	2	2
2997512	1	1	3	1	6	2	1
2997513	1	1	3	1	4	2	1
2997514	1	1	1	1	4	1	1
2997515	1	1	3	1	6	2	1
2997516	1	1	3	3	6	2	2
2997517	1	1	1	1	6	1	1
2997518	1	1	3	1	6	2	1
2997519	1	1	1	1	6	1	1
2997520	1	1	1	1	6	1	1
2997521	1	1	1	1	4	1	1
2997522	1	1	3	1	6	2	1
2997523	1	1	1	1	7	1	1
2997524	1	1	1	1	6	1	1
2997525	1	1	3	1	4	2	1
2997526	1	1	1	1	4	1	1
2997527	1	1	3	1	6	2	1
2997528	1	1	1	1	4	1	1
2997529	1	1	1	1	4	1	1
2997530	1	1	1	1	6	1	1
2997531	1	1	1	1	6	2	2
2997532	1	1	1	1	5	1	1
2997533	1	1	3	1	4	2	1
2997534	1	1	3	4	7	2	2
2997535	1	1	1	1	6	1	1
2997536	1	1	1	1	6	1	1
2997537	1	1	1	1	4	2	1
2997538	1	1	3	1	4	2	1
2997539	1	1	3	1	6	2	2
2997540	1	1	3	1	6	2	1
2997541	1	1	1	1	4	1	1
2997542	1	1	1	1	4	2	1
2997543	1	1	1	1	4	1	1
2997544	1	1	1	8	4	1	1
2997545	1	1	1	1	6	1	2
2997546	1	1	1	1	4	1	1
2997547	1	1	1	1	6	1	1
2997551	1	1	1	1	4	1	1
2997552	1	1	1	1	4	1	1
2997553	1	1	1	1	4	1	1
2997554	1	1	1	1	4	1	1
2997555	1	1	3	1	4	2	1
2997556	1	1	3	1	6	2	1
2997557	1	1	1	1	6	1	1
2997558	1	1	1	1	4	1	1
2997564	1	1	3	1	6	2	1
2997566	1	1	1	3	5	1	1
2997568	1	1	1	1	4	1	1
2997572	1	1	3	1	4	2	1
2997575	1	1	1	1	6	1	1
2997577	1	1	3	1	6	2	1
2997578	1	1	1	1	5	1	1
2997579	1	1	3	4	7	2	2
2997580	1	1	3	1	6	2	1
2997581	1	1	3	3	5	2	1
2997582	1	1	3	8	7	2	1
2997584	1	1	3	2	7	2	2
2997587	1	1	3	3	7	2	1
2997588	1	1	3	1	4	2	2
2997589	1	1	3	1	6	2	2
2997590	1	1	3	1	4	2	2
2997591	1	1	3	2	7	2	2
2997592	1	1	2	1	6	2	2
2997593	1	1	2	4	7	2	2
2997594	1	1	1	1	4	1	1
2997595	1	1	2	1	6	2	2
2997596	1	1	3	3	7	2	1
2997597	1	1	3	1	4	1	1
2997598	1	1	3	1	6	2	2
2997599	1	1	3	1	7	2	2
2997600	1	1	1	1	4	1	1
2997601	1	1	1	1	4	1	1
2997602	1	1	1	1	4	1	1
2997603	1	1	3	1	4	2	1
2997604	1	1	1	6	6	2	1
2997605	1	1	2	1	6	2	2
2997606	1	1	1	1	4	1	1
2997607	1	1	3	1	4	2	1
2997608	1	1	2	1	6	2	2
2997609	1	1	2	1	6	2	2
2997611	1	1	3	1	6	1	1
2997612	1	1	2	1	4	1	1
2997613	1	1	1	1	4	1	1
2997614	1	1	3	1	6	2	1
2997615	1	1	3	1	4	2	2
2997616	1	1	1	1	4	1	1
2997617	1	1	2	1	6	2	2
2997618	1	1	3	1	4	2	2
2997619	1	1	2	1	6	2	2
2997620	1	1	3	8	6	2	2
2997621	1	1	1	1	4	2	2
2997622	1	1	1	1	6	2	2
2997623	1	1	1	5	6	2	2
2997624	1	1	3	1	4	2	1
2997625	1	1	1	1	4	1	1
2997626	1	1	3	1	6	2	2
2997627	1	1	1	1	4	1	1
2997628	1	1	1	5	6	2	2
2997629	1	1	1	1	6	2	2
2997630	1	1	1	5	6	2	2
2997631	1	1	3	1	6	2	2
2997632	1	1	1	1	6	2	1
2997633	1	1	1	1	4	2	2
2997634	1	1	1	5	6	2	2
2997635	1	1	2	1	6	1	1
2997636	1	1	1	5	6	2	2
2997637	1	1	1	1	4	1	1
2997638	1	1	1	1	4	2	1
2997639	1	1	1	1	4	1	1
2997640	1	1	1	1	4	1	1
2997641	1	1	3	1	6	2	1
2997642	1	1	1	1	4	2	1
2997643	1	1	1	5	6	2	1
2997644	1	1	1	1	6	2	2
2997645	1	1	3	1	6	2	2
2997646	1	1	3	1	7	2	2
2997647	1	1	3	3	6	2	2
2997648	1	1	3	1	6	2	1
2997649	1	1	3	1	6	2	2
2997650	1	1	3	1	6	2	2
2997651	1	1	2	3	6	2	1
2997652	1	1	2	3	6	2	1
2997653	1	1	3	1	4	2	2
2997654	1	1	1	1	6	1	1
2997655	1	1	1	1	6	1	1
2997656	1	1	3	5	7	2	2
2997657	1	1	3	5	7	2	2
2997658	1	1	1	1	6	1	1
2997659	1	1	1	1	6	1	1
2997660	1	1	1	1	4	1	1
2997661	1	1	3	3	6	2	1
2997662	1	1	3	1	6	2	1
2997663	1	1	3	1	6	2	1
2997664	1	1	3	4	7	2	1
2997665	1	1	3	3	6	2	1
2997666	1	1	1	1	6	1	1
2997667	1	1	3	1	7	2	2
2997668	1	1	1	1	6	1	1
2997669	1	1	3	4	7	2	1
2997670	1	1	1	1	6	1	1
2997671	1	1	3	3	4	2	1
2997672	1	1	3	1	6	2	2
2997673	1	1	1	1	4	1	1
2997674	1	1	3	4	7	2	2
2997675	1	1	3	1	6	2	2
2997676	1	1	2	3	6	2	1
2997677	1	1	3	4	7	2	2
2997678	1	1	3	4	7	2	2
2997679	1	1	3	1	7	2	2
2997680	1	1	3	3	6	2	1
2997681	1	1	1	1	4	2	1
2997682	1	1	1	1	6	2	1
2997683	1	1	3	1	6	2	2
2997684	1	1	3	3	6	2	2
2997685	1	1	3	3	6	2	2
2997686	1	1	1	1	4	2	1
2997687	1	1	3	4	7	2	1
2997688	1	1	3	1	6	2	1
2997689	1	1	1	1	6	1	1
2997690	1	1	3	5	2	2	2
2997691	1	1	2	1	4	2	1
2997692	1	1	3	1	6	2	1
2997693	1	1	1	1	4	1	1
2997694	1	1	1	8	5	1	1
2997695	1	1	1	1	6	1	1
2997696	1	1	2	3	6	1	1
2997697	1	1	3	4	6	2	2
2997698	1	1	2	1	4	1	1
2997699	1	1	1	1	6	1	1
2997700	1	1	3	1	6	2	1
2997701	1	1	3	5	6	2	1
2997702	1	1	2	3	6	2	1
2997703	1	1	1	1	6	1	1
2997704	1	1	1	1	6	1	1
2997705	1	1	3	4	7	2	2
2997706	1	1	3	1	7	2	2
2997707	1	1	3	4	6	2	2
2997708	1	1	3	3	7	2	2
2997709	1	1	3	3	7	2	2
2997710	1	1	1	1	6	1	1
2997711	1	1	1	1	4	1	1
2997712	1	1	3	3	6	2	1
2997713	1	1	1	1	4	1	1
2997714	1	1	1	1	4	1	1
2997715	1	1	1	3	7	2	1
2997716	1	1	2	1	6	2	1
2997717	1	1	3	1	6	2	2
2997718	1	1	3	4	7	2	2
2997719	1	1	3	4	6	2	2
2997720	1	1	2	1	4	2	1
2997721	1	1	1	1	4	1	1
2997722	1	1	1	1	6	2	1
2997723	1	1	3	1	7	2	2
2997724	1	1	1	1	6	2	1
2997725	1	1	1	1	4	1	1
2997726	1	1	1	1	4	1	1
2997727	1	1	3	3	6	2	2
2997728	1	1	2	1	4	2	1
2997729	1	1	1	1	6	2	2
2997730	1	1	3	1	6	2	2
2997731	1	1	3	5	6	2	2
2997732	1	1	3	1	4	2	2
2997733	1	1	3	7	6	2	2
2997734	1	1	1	1	4	1	1
2997735	1	1	1	1	4	1	1
2997736	1	1	3	1	6	2	1
2997737	1	1	2	1	4	1	1
2997738	1	1	3	1	4	2	1
2997739	1	1	3	5	7	2	2
2997740	1	1	3	1	6	2	2
2997741	1	1	1	1	4	1	1
2997742	1	1	1	1	6	1	1
2997743	1	1	1	1	4	1	1
2997744	1	1	1	1	4	1	1
2997745	1	1	2	1	6	1	1
2997746	1	1	1	1	4	1	1
2997747	1	1	1	1	4	1	1
2997748	1	1	2	1	4	1	1
2997749	1	1	2	1	6	1	1
2997750	1	1	1	4	6	2	1
2997751	1	1	3	1	4	2	1
2997752	1	1	1	4	7	2	1
2997753	1	1	2	3	6	2	1
2997754	1	1	1	5	5	2	2
2997756	1	1	1	1	4	1	1
2997757	1	1	1	1	6	1	1
2997758	1	1	1	1	4	1	1
2997759	1	1	1	8	7	2	1
2997760	1	1	3	2	6	2	2
2997761	1	1	1	1	4	1	1
2997762	1	1	1	1	6	2	2
2997763	1	1	1	5	4	2	2
2997764	1	1	1	1	6	1	1
2997765	1	1	1	5	6	1	1
2997767	1	1	3	5	7	2	2
2997768	1	1	3	3	2	2	1
2997769	1	1	2	1	4	1	1
2997770	1	1	1	1	6	1	1
2997771	1	1	1	1	4	1	1
2997772	1	1	1	1	4	1	1
2997773	1	1	1	1	4	1	1
2997774	1	1	3	1	6	2	1
2997775	1	1	1	1	4	1	1
2997776	1	1	3	3	7	2	2
2997777	1	1	3	3	6	2	2
2997778	1	1	1	1	4	1	1
2997779	1	1	3	3	4	2	1
2997780	1	1	2	1	4	1	1
2997781	1	1	2	1	4	1	1
2997782	1	1	1	1	6	2	1
2997783	1	1	1	5	5	1	1
2997784	1	1	1	1	4	1	1
2997785	1	1	1	1	4	2	2
2997786	1	1	1	1	4	1	1
2997787	1	1	1	1	6	2	2
2997788	1	1	1	1	4	1	1
2997789	1	1	3	1	6	2	2
2997790	1	1	3	1	6	2	2
2997791	1	1	1	1	4	1	1
2997792	1	1	1	1	4	1	1
2997793	1	1	1	1	4	1	1
2997794	1	1	2	1	6	1	1
2997795	1	1	1	1	4	1	1
2997796	1	1	2	1	4	1	1
2997797	1	1	1	1	4	1	1
2997798	1	1	1	1	6	1	1
2997799	1	1	1	1	4	1	1
2997800	1	1	1	1	6	2	1
2997801	1	1	1	1	4	1	1
2997802	1	1	1	1	4	1	1
2997803	1	1	2	1	6	1	1
2997804	1	1	1	1	6	1	1
2997805	1	1	1	1	4	1	1
2997806	1	1	1	5	5	2	1
2997807	1	1	1	1	4	2	1
2997808	1	1	1	1	4	1	1
2997809	1	1	1	1	6	1	1
2997810	1	1	1	1	4	1	1
2997811	1	1	1	1	4	1	2
2997812	1	1	1	5	6	2	2
2997814	1	1	1	1	6	1	1
2997815	1	1	1	1	6	1	1
2997816	1	1	1	1	4	1	1
2997817	1	1	1	1	4	1	1
2997818	1	1	2	1	4	1	1
2997819	1	1	2	1	6	1	1
2997820	1	1	2	1	4	1	1
2997821	1	1	3	1	6	2	2
2997822	1	1	1	1	4	1	1
2997823	1	1	1	1	6	1	2
2997824	1	1	1	1	6	1	1
2997825	1	1	1	1	6	1	1
2997826	1	1	1	1	6	2	2
2997827	1	1	1	1	6	1	1
2997828	1	1	1	1	4	1	2
2997829	1	1	1	1	4	1	1
2997830	1	1	1	1	4	1	1
2997831	1	1	1	1	4	1	1
2997832	1	1	1	1	4	1	1
2997833	1	1	2	1	4	1	1
2997834	1	1	2	1	4	1	1
2997835	1	1	1	1	6	1	1
2997836	1	1	1	1	4	2	2
2997837	1	1	1	1	4	1	1
2997838	1	1	2	1	4	1	1
2997839	1	1	1	1	6	1	1
2997840	1	1	1	1	4	1	1
2997841	1	1	2	1	4	1	1
2997842	1	1	1	1	4	1	1
2997843	1	1	1	1	4	2	2
2997844	1	1	2	1	6	1	1
2997845	1	1	1	1	4	1	1
2997846	1	1	1	3	6	1	1
2997847	1	1	1	3	6	1	1
2997848	1	1	1	1	4	2	2
2997849	1	1	1	1	4	1	1
2997850	1	1	1	1	4	2	1
2997851	1	1	3	4	5	2	2
2997852	1	1	1	1	6	2	1
2997853	1	1	1	1	6	1	1
2997854	1	1	1	1	4	1	1
2997856	1	1	1	1	4	2	1
2997857	1	1	1	1	4	2	1
2997858	1	1	2	1	6	1	1
2997859	1	1	3	1	4	2	1
2997860	1	1	3	2	6	2	2
2997861	1	1	3	3	6	2	2
2997862	1	1	1	1	6	1	1
2997863	1	1	3	2	6	2	1
2997864	1	1	3	1	6	2	2
2997865	1	1	3	1	6	2	2
2997866	1	1	1	5	7	1	1
2997867	1	1	1	1	4	1	1
2997868	1	1	3	1	6	2	2
2997869	1	1	1	1	4	1	1
2997870	1	1	1	1	6	1	1
2997871	1	1	3	1	6	2	2
2997872	1	1	3	1	6	2	2
2997873	1	1	2	1	6	2	2
2997874	1	1	1	1	6	1	1
2997875	1	1	3	1	5	2	2
2997876	1	1	3	7	6	2	2
2997877	1	1	3	5	7	2	2
2997878	1	1	3	5	7	2	2
2997879	1	1	1	1	4	1	1
2997880	1	1	1	1	6	1	1
2997881	1	1	3	7	6	2	1
2997882	1	1	3	5	7	2	1
2997883	1	1	3	1	4	2	1
2997884	1	1	3	1	6	2	2
2997885	1	1	1	1	4	1	1
2997886	1	1	2	1	6	1	1
2997887	1	1	2	1	4	1	1
2997889	1	1	1	1	4	1	1
2997890	1	1	3	1	7	2	2
2997891	1	1	3	1	6	2	2
2997892	1	1	3	1	7	2	2
2997893	1	1	2	1	6	2	2
2997895	1	1	1	1	6	1	2
2997896	1	1	1	1	4	1	1
2997897	1	1	1	1	6	1	1
2997898	1	1	3	4	7	2	2
2997899	1	1	1	1	6	2	2
2997900	1	1	1	1	6	1	1
2997901	1	1	2	1	6	2	1
2997902	1	1	2	1	4	1	1
2997903	1	1	1	3	6	2	2
2997904	1	1	1	1	6	2	1
2997905	1	1	3	1	6	2	1
2997906	1	1	3	1	6	2	1
2997907	1	1	1	1	6	1	1
2997908	1	1	2	1	6	2	1
2997909	1	1	2	1	6	2	1
2997910	1	1	3	2	6	2	2
2997911	1	1	3	1	6	2	2
2997912	1	1	3	4	7	2	1
2997913	1	1	3	1	6	2	1
2997914	1	1	2	1	6	1	1
2997916	1	1	1	1	4	1	1
2997917	1	1	1	1	4	1	1
2997918	1	1	2	3	7	1	1
2997919	1	1	1	1	4	1	1
2997920	1	1	3	1	4	2	1
2997921	1	1	1	5	7	1	1
2997922	1	1	3	3	4	2	2
2997923	1	1	1	1	4	1	1
2997924	1	1	3	3	6	2	1
2997925	1	1	1	5	7	2	2
2997926	1	1	3	5	7	2	2
2997927	1	1	2	1	6	2	2
2997928	1	1	3	3	6	2	2
2997929	1	1	3	1	6	2	2
2997930	1	1	1	1	6	1	1
2997931	1	1	2	1	6	1	1
2997932	1	1	1	3	5	1	1
2997933	1	1	2	1	4	1	1
2997934	1	1	3	5	6	2	2
2997935	1	1	3	3	6	2	2
2997936	1	1	3	1	6	2	1
2997937	1	1	1	1	4	1	1
2997938	1	1	3	3	5	2	2
2997939	1	1	3	2	7	2	1
2997940	1	1	3	4	5	2	1
2997941	1	1	2	1	6	1	1
2997942	1	1	3	2	6	2	1
2997943	1	1	3	1	4	2	1
2997944	1	1	3	5	6	2	2
2997946	1	1	3	1	4	2	1
2997947	1	1	3	1	7	2	2
2997948	1	1	3	1	6	2	2
2997949	1	1	3	5	6	2	2
2997950	1	1	3	2	6	2	1
2997951	1	1	3	7	7	2	1
2997952	1	1	3	4	7	2	1
2997953	1	1	3	4	7	2	2
2997954	1	1	3	1	4	2	1
2997955	1	1	1	1	7	2	2
2997956	1	1	1	4	7	2	2
2997957	1	1	1	1	4	1	1
2997958	1	1	1	1	4	1	1
2997959	1	1	3	4	7	2	2
2997960	1	1	1	1	4	1	1
2997961	1	1	3	5	6	2	2
2997962	1	1	1	1	6	1	1
2997963	1	1	3	5	7	2	2
2997964	1	1	1	1	7	2	2
2997965	1	1	3	1	6	2	1
2997966	1	1	3	1	6	2	2
2997967	1	1	1	1	4	1	1
2997968	1	1	3	1	6	2	1
2997969	1	1	2	1	6	1	1
2997970	1	1	2	1	6	1	1
2997971	1	1	1	1	6	2	2
2997972	1	1	3	2	7	2	1
2997973	1	1	3	1	6	2	1
2997974	1	1	3	1	5	2	1
2997975	1	1	3	5	7	2	2
2997976	1	1	3	5	7	2	2
2997977	1	1	1	4	7	2	2
2997979	1	1	3	3	6	2	2
2997980	1	1	2	8	7	2	1
2997981	1	1	3	1	7	2	2
2997982	1	1	3	4	7	2	2
2997983	1	1	3	1	6	2	2
2997984	1	1	3	1	6	2	2
2997985	1	1	3	1	7	2	2
2997986	1	1	3	3	6	2	2
2997987	1	1	3	1	6	2	2
2997988	1	1	3	4	7	2	2
2997989	1	1	3	6	6	2	1
2997990	1	1	1	1	4	2	2
2997991	1	1	3	1	6	2	1
2997992	1	1	2	1	4	2	1
2997994	1	1	3	2	6	2	2
2997995	1	1	3	5	6	2	2
2997996	1	1	3	4	6	2	2
2997997	1	1	3	1	4	2	2
2997998	1	1	3	1	6	2	2
2997999	1	1	1	1	4	1	1
2998000	1	1	3	1	4	2	1
2998001	1	1	3	1	6	2	2
2998002	1	1	2	1	4	1	1
2998003	1	1	3	1	6	2	2
2998004	1	1	3	1	5	2	2
2998005	1	1	3	1	4	2	2
2998006	1	1	1	1	6	2	2
2998007	1	1	3	7	7	2	2
2998009	1	1	1	1	4	1	1
2998010	1	1	3	1	6	2	1
2998011	1	1	1	1	4	2	2
2998012	1	1	3	3	5	2	2
2998013	1	1	2	1	6	1	1
2998014	1	1	1	3	5	1	1
2998015	1	1	2	1	6	2	1
2998016	1	1	1	1	4	1	1
2998017	1	1	3	3	5	2	2
2998018	1	1	3	1	6	2	2
2998019	1	1	3	1	6	2	1
2998020	1	1	2	1	6	1	1
2998021	1	1	3	1	6	2	1
2998022	1	1	2	1	6	1	1
2998023	1	1	3	4	6	2	1
2998024	1	1	2	1	4	1	1
2998025	1	1	2	1	6	1	1
2998026	1	1	3	1	6	2	1
2998027	1	1	3	3	6	2	2
2998028	1	1	1	1	6	1	1
2998029	1	1	3	5	7	2	2
2998030	1	1	1	1	4	1	1
2998031	1	1	2	1	2	1	1
2998032	1	1	3	1	6	2	1
2998033	1	1	1	1	4	2	1
2998034	1	1	3	3	6	2	2
2998035	1	1	3	7	7	2	1
2998036	1	1	1	1	4	1	1
2998037	1	1	3	2	6	2	1
2998038	1	1	3	4	7	2	1
2998039	1	1	3	1	4	2	1
2998040	1	1	3	1	4	2	1
2998041	1	1	3	8	7	2	2
2998042	1	1	1	1	4	1	1
2998043	1	1	1	1	4	1	1
2998044	1	1	1	1	6	1	1
2998045	1	1	1	1	4	1	1
2998046	1	1	3	1	4	2	1
2998047	1	1	3	3	6	2	2
2998048	1	1	2	1	6	2	1
2998049	1	1	1	1	4	1	1
2998050	1	1	2	1	5	1	1
2998051	1	1	2	1	4	1	1
2998052	1	1	2	1	6	1	1
2998053	1	1	3	1	6	2	2
2998054	1	1	3	5	7	2	2
2998055	1	1	1	1	4	1	1
2998056	1	1	1	1	4	1	1
2998057	1	1	1	1	4	1	1
2998058	1	1	1	1	4	1	1
2998059	1	1	3	1	4	2	1
2998060	1	1	2	3	6	1	1
2998061	1	1	2	1	6	2	1
2998062	1	1	1	1	6	1	1
2998063	1	1	2	1	4	1	1
2998064	1	1	1	1	4	1	1
2998065	1	1	2	3	6	1	1
2998066	1	1	1	1	4	1	1
2998067	1	1	1	1	4	1	1
2998068	1	1	1	1	7	1	1
2998069	1	1	1	1	4	1	1
2998070	1	1	3	1	6	2	2
2998071	1	1	1	1	6	1	1
2998072	1	1	1	1	4	1	1
2998073	1	1	1	1	4	1	1
2998074	1	1	1	1	6	1	1
2998075	1	1	1	1	4	1	1
2998076	1	1	2	1	4	2	1
2998078	1	1	3	1	4	1	1
2998079	1	1	1	1	4	1	1
2998080	1	1	3	4	6	2	2
2998081	1	1	2	1	6	2	1
2998082	1	1	3	1	7	2	2
2998083	1	1	1	1	4	1	1
2998084	1	1	1	5	6	2	2
2998085	1	1	1	1	4	1	1
2998086	1	1	1	3	5	1	1
2998087	1	1	2	1	4	1	1
2998088	1	1	1	1	4	1	1
2998089	1	1	1	1	4	1	1
2998090	1	1	1	1	4	1	1
2998091	1	1	1	1	4	1	1
2998092	1	1	1	1	4	2	2
2998093	1	1	1	1	6	2	2
2998094	1	1	1	1	4	1	1
2998095	1	1	1	1	4	1	1
2998096	1	1	3	1	6	2	1
2998097	1	1	1	1	6	1	1
2998098	1	1	1	1	4	1	1
2998099	1	1	3	5	6	2	2
2998100	1	1	1	1	6	1	1
2998101	1	1	1	1	6	1	1
2998102	1	1	1	1	4	1	1
2998103	1	1	1	3	5	1	1
2998104	1	1	3	1	4	2	1
2998105	1	1	1	1	6	1	1
2998106	1	1	1	1	6	1	1
2998107	1	1	1	1	6	1	1
2998108	1	1	1	1	4	1	1
2998109	1	1	1	1	6	1	1
2998110	1	1	1	1	4	1	1
2998111	1	1	2	1	6	1	1
2998112	1	1	1	1	4	1	1
2998113	1	1	1	4	5	1	1
2998114	1	1	1	1	4	1	1
2998115	1	1	1	1	4	1	1
2998117	1	1	1	1	4	1	1
2998118	1	1	2	3	6	1	1
2998119	1	1	1	1	4	1	1
2998120	1	1	1	1	4	1	1
2998121	1	1	1	1	4	1	1
2998122	1	1	1	1	4	1	1
2998123	1	1	1	1	6	1	1
2998124	1	1	1	1	4	1	1
2998125	1	1	1	1	4	1	1
2998126	1	1	1	1	4	1	1
2998127	1	1	1	1	4	1	1
2998128	1	1	1	1	4	1	1
2998129	1	1	1	1	4	1	1
2998130	1	1	1	1	4	1	1
2998131	1	1	1	1	4	1	1
2998132	1	1	1	1	4	2	2
2998133	1	1	1	1	4	1	1
2998134	1	1	3	1	7	2	2
2998135	1	1	3	3	7	2	2
2998136	1	1	3	3	7	2	2
2998137	1	1	3	1	4	2	1
2998138	1	1	1	1	4	1	1
2998139	1	1	1	1	4	1	1
2998140	1	1	1	1	6	2	2
2998141	1	1	1	1	4	1	1
2998142	1	1	1	1	4	1	1
2998143	1	1	1	1	4	1	1
2998144	1	1	3	1	6	2	2
2998145	1	1	1	1	4	1	1
2998146	1	1	3	1	6	2	1
2998147	1	1	2	1	4	2	1
2998148	1	1	2	1	6	2	1
2998149	1	1	3	1	6	2	1
2998150	1	1	2	3	6	2	2
2998151	1	1	3	4	7	2	2
2998152	1	1	2	1	6	2	2
2998153	1	1	1	1	4	1	1
2998154	1	1	3	4	7	2	2
2998155	1	1	3	1	4	2	2
2998156	1	1	3	1	6	2	2
2998157	1	1	3	1	6	2	1
2998158	1	1	3	1	6	2	2
2998159	1	1	3	1	6	2	2
2998160	1	1	3	5	6	2	2
2998161	1	1	3	1	6	2	2
2998162	1	1	2	1	6	2	1
2998163	1	1	2	1	6	2	2
2998164	1	1	2	1	6	2	1
2998165	1	1	2	1	6	2	2
2998166	1	1	1	5	4	2	2
2998167	1	1	1	1	4	1	1
2998168	1	1	1	1	4	1	1
2998169	1	1	2	1	4	2	1
2998170	1	1	3	5	7	2	1
2998171	1	1	1	1	4	1	1
2998172	1	1	1	1	4	1	1
2998173	1	1	2	1	6	2	1
2998174	1	1	1	1	4	1	1
2998175	1	1	2	1	6	2	2
2998176	1	1	2	1	6	2	2
2998177	1	1	2	3	6	1	1
2998178	1	1	2	1	6	2	1
2998179	1	1	1	1	4	1	1
2998180	1	1	2	1	4	2	2
2998181	1	1	2	7	6	1	1
2998182	1	1	2	1	6	2	1
2998183	1	1	3	1	6	2	2
2998184	1	1	2	1	6	2	2
2998185	1	1	2	1	4	1	1
2998186	1	1	3	1	6	2	2
2998187	1	1	2	1	6	2	1
2998188	1	1	3	3	7	2	2
2998189	1	1	2	1	4	2	1
2998190	1	1	3	5	7	2	2
2998191	1	1	3	1	6	2	1
2998192	1	1	3	3	7	2	2
2998193	1	1	3	4	7	2	1
2998194	1	1	2	1	6	2	1
2998195	1	1	3	5	7	2	2
2998196	1	1	1	2	4	1	1
2998197	1	1	3	1	6	2	2
2998198	1	1	1	1	4	1	1
2998199	1	1	3	4	7	2	1
2998200	1	1	3	3	5	2	2
2998201	1	1	1	1	4	1	1
2998202	1	1	1	1	4	1	1
2998203	1	1	3	1	6	2	1
2998204	1	1	2	1	6	2	1
2998205	1	1	3	4	5	2	2
2998206	1	1	3	1	6	2	1
2998207	1	1	1	1	4	1	1
2998208	1	1	2	1	6	2	1
2998209	1	1	3	5	7	2	2
2998210	1	1	3	1	6	2	1
2998211	1	1	2	1	4	2	2
2998212	1	1	2	1	6	2	1
2998213	1	1	3	1	7	2	2
2998214	1	1	3	5	7	2	1
2998215	1	1	2	1	6	2	1
2998216	1	1	3	1	6	2	2
2998217	1	1	1	1	4	1	1
2998218	1	1	1	1	4	1	1
2998219	1	1	3	1	6	2	1
2998220	1	1	2	1	6	2	1
2998221	1	1	3	3	6	2	2
2998222	1	1	2	1	6	2	1
2998223	1	1	3	1	4	2	2
2998224	1	1	2	1	6	2	1
2998225	1	1	3	5	5	2	2
2998226	1	1	3	1	4	2	1
2998227	1	1	3	1	4	2	2
2998228	1	1	3	1	4	2	1
2998229	1	1	3	1	6	2	2
2998230	1	1	2	1	4	2	1
2998231	1	1	2	1	6	1	1
2998232	1	1	3	4	5	2	2
2998233	1	1	2	1	6	2	1
2998234	1	1	2	3	6	1	1
2998236	1	1	2	1	6	2	1
2998237	1	1	3	1	6	2	2
2998238	1	1	3	3	7	2	2
2998239	1	1	3	1	6	2	2
2998240	1	1	1	1	6	1	1
2998242	1	1	3	2	7	2	2
2998243	1	1	3	1	7	2	2
2998244	1	1	2	1	6	2	1
2998245	1	1	3	1	6	2	1
2998246	1	1	1	1	4	1	1
2998247	1	1	3	1	6	2	2
2998248	1	1	3	1	4	2	1
2998249	1	1	2	1	4	2	1
2998250	1	1	3	2	6	2	1
2998251	1	1	3	4	7	2	2
2998252	1	1	3	2	6	2	2
2998253	1	1	3	5	6	2	2
2998254	1	1	3	1	6	2	2
2998255	1	1	3	1	6	2	2
2998256	1	1	1	1	4	1	1
2998257	1	1	2	1	6	2	1
2998258	1	1	3	1	6	2	2
2998259	1	1	2	1	6	2	1
2998260	1	1	1	1	4	1	1
2998261	1	1	3	1	4	2	1
2998262	1	1	2	3	6	1	1
2998263	1	1	2	1	6	1	1
2998264	1	1	3	3	6	2	2
2998265	1	1	3	1	6	2	2
2998266	1	1	3	1	4	1	1
2998267	1	1	3	1	6	2	1
2998268	1	1	3	1	6	2	2
2998269	1	1	3	1	6	2	2
2998270	1	1	3	1	6	2	1
2998271	1	1	2	1	4	2	1
2998272	1	1	1	1	6	2	1
2998273	1	1	1	1	6	1	1
2998274	1	1	3	2	6	2	2
2998275	1	1	3	1	4	2	1
2998276	1	1	2	1	6	2	1
2998277	1	1	1	1	4	1	1
2998278	1	1	2	3	6	2	1
2998279	1	1	3	3	7	2	2
2998280	1	1	3	1	6	2	2
2998281	1	1	3	2	6	2	2
2998282	1	1	2	1	6	1	1
2998283	1	1	3	1	6	2	2
2998284	1	1	3	3	6	2	2
2998285	1	1	3	4	7	2	2
2998286	1	1	3	1	7	2	2
2998287	1	1	3	1	4	2	2
2998288	1	1	2	1	6	2	1
2998289	1	1	3	3	5	2	2
2998290	1	1	2	1	6	2	1
2998291	1	1	1	5	4	2	2
2998292	1	1	3	4	5	2	2
2998293	1	1	3	5	7	2	2
2998294	1	1	3	1	6	2	2
2998295	1	1	3	1	4	2	2
2998296	1	1	1	1	4	1	1
2998297	1	1	3	3	7	2	2
2998298	1	1	2	1	4	2	1
2998299	1	1	1	1	6	1	1
2998300	1	1	3	4	7	2	2
2998301	1	1	3	1	6	2	1
2998302	1	1	1	1	4	1	1
2998303	1	1	3	2	6	2	2
2998304	1	1	3	1	6	2	2
2998305	1	1	2	1	6	2	1
2998306	1	1	3	1	6	2	1
2998307	1	1	2	1	6	2	1
2998308	1	1	2	1	6	2	1
2998309	1	1	1	1	6	1	1
2998310	1	1	3	1	6	2	2
2998312	1	1	3	4	5	2	2
2998313	1	1	1	1	6	2	2
2998314	1	1	1	1	4	1	1
2998315	1	1	3	5	6	2	2
2998316	1	1	2	1	6	2	1
2998317	1	1	3	1	6	2	2
2998318	1	1	3	1	6	2	1
2998319	1	1	2	1	6	2	1
2998320	1	1	1	1	4	1	1
2998321	1	1	3	5	5	2	1
2998322	1	1	2	1	6	2	2
2998323	1	1	1	1	6	1	1
2998324	1	1	3	1	6	2	1
2998325	1	1	2	3	4	1	1
2998326	1	1	3	1	4	2	2
2998327	1	1	2	1	6	1	1
2998328	1	1	1	1	4	1	1
2998329	1	1	3	3	6	2	2
2998330	1	1	3	1	6	2	2
2998331	1	1	3	1	4	2	1
2998332	1	1	2	1	4	1	1
2998333	1	1	2	7	6	1	1
2998334	1	1	1	1	4	1	1
2998335	1	1	1	1	4	1	1
2998336	1	1	3	1	6	2	2
2998337	1	1	1	1	4	1	1
2998338	1	1	1	1	4	1	1
2998339	1	1	1	1	6	1	1
2998340	1	1	2	1	6	2	1
2998341	1	1	3	1	6	2	1
2998342	1	1	1	1	4	1	1
2998344	1	1	2	1	4	2	1
2998345	1	1	3	3	6	2	1
2998346	1	1	2	4	7	2	1
2998347	1	1	1	1	6	1	1
2998348	1	1	1	1	4	1	1
2998349	1	1	1	1	4	1	1
2998350	1	1	1	1	4	1	1
2998351	1	1	3	4	7	2	2
2998352	1	1	3	4	6	2	2
2998353	1	1	2	1	4	1	1
2998354	1	1	1	1	4	1	1
2998356	1	1	2	1	6	2	1
2998357	1	1	1	1	4	1	1
2998358	1	1	1	1	4	1	1
2998359	1	1	3	1	6	2	1
2998360	1	1	1	5	6	1	1
2998361	1	1	1	1	6	1	1
2998362	1	1	1	1	4	1	1
2998363	1	1	1	1	4	1	1
2998364	1	1	2	1	6	1	1
2998365	1	1	1	1	4	1	1
2998366	1	1	2	1	6	2	1
2998367	1	1	2	1	4	1	1
2998368	1	1	1	1	6	1	1
2998369	1	1	3	1	6	2	1
2998370	1	1	1	1	6	1	1
2998371	1	1	1	1	4	1	1
2998372	1	1	1	1	4	1	1
2998373	1	1	2	1	4	2	1
2998374	1	1	1	1	4	1	1
2998376	1	1	2	1	6	2	1
2998377	1	1	1	4	5	1	1
2998378	1	1	1	1	4	1	1
2998379	1	1	1	1	4	1	1
2998380	1	1	1	1	4	1	1
2998382	1	1	1	1	4	1	1
2998383	1	1	2	7	6	1	1
2998384	1	1	1	1	5	1	1
2998385	1	1	1	1	4	1	1
2998386	1	1	1	1	4	1	1
2998387	1	1	2	1	6	1	1
2998388	1	1	1	1	4	1	1
2998389	1	1	1	5	5	1	1
2998391	1	1	1	1	4	1	1
2998392	1	1	1	1	4	1	1
2998393	1	1	1	1	4	1	1
2998394	1	1	1	1	4	2	2
2998395	1	1	1	1	4	1	1
2998396	1	1	1	1	4	1	1
2998397	1	1	1	1	4	1	2
2998398	1	1	3	1	4	2	1
2998399	1	1	1	1	6	1	1
2998400	1	1	1	1	4	2	2
2998401	1	1	1	1	4	2	2
2998402	1	1	3	1	6	2	2
2998403	1	1	3	1	6	2	2
2998404	1	1	3	5	5	2	1
2998405	1	1	1	2	4	1	1
2998406	1	1	1	1	6	1	1
2998407	1	1	3	1	6	2	2
2998408	1	1	3	5	5	2	2
2998409	1	1	3	1	4	2	2
2998410	1	1	3	5	7	2	2
2998411	1	1	3	3	6	2	2
2998412	1	1	1	1	6	1	1
2998413	1	1	3	1	6	2	2
2998414	1	1	3	1	6	2	2
2998415	1	1	2	1	6	2	1
2998416	1	1	1	2	4	1	1
2998417	1	1	3	1	6	2	2
2998418	1	1	1	5	5	2	1
2998419	1	1	1	1	6	2	1
2998420	1	1	1	1	6	2	1
2998421	1	1	1	1	4	1	1
2998422	1	1	3	5	6	2	1
2998423	1	1	3	1	6	2	2
2998424	1	1	1	1	6	1	1
2998425	1	1	1	5	6	2	2
2998426	1	1	3	1	4	2	2
2998427	1	1	3	1	6	2	2
2998428	1	1	1	1	4	1	1
2998429	1	1	3	1	6	2	2
2998430	1	1	3	5	6	2	2
2998431	1	1	3	1	6	2	2
2998432	1	1	2	1	6	2	1
2998433	1	1	1	1	4	1	1
2998434	1	1	3	7	7	2	2
2998435	1	1	3	5	6	2	1
2998436	1	1	2	1	6	2	2
2998437	1	1	3	1	6	2	2
2998438	1	1	1	1	4	1	1
2998440	1	1	1	1	4	1	1
2998441	1	1	1	1	6	2	2
2998442	1	1	1	1	6	2	1
2998443	1	1	1	1	4	1	1
2998444	1	1	1	1	4	1	1
2998445	1	1	3	1	4	2	2
2998446	1	1	1	1	6	1	1
2998447	1	1	1	3	6	1	1
2998448	1	1	3	1	6	2	2
2998449	1	1	1	1	4	1	1
2998452	1	1	3	4	7	2	2
2998453	1	1	3	1	6	2	2
2998454	1	1	1	6	4	2	1
2998455	1	1	2	3	6	1	1
2998456	1	1	2	1	6	1	1
2998458	1	1	2	1	6	2	1
2998459	1	1	3	1	6	2	2
2998460	1	1	1	1	6	1	1
2998461	1	1	1	1	6	2	1
2998462	1	1	2	3	6	1	1
2998463	1	1	3	1	6	2	2
2998464	1	1	3	1	6	2	2
2998465	1	1	3	5	6	2	2
2998466	1	1	2	1	7	2	2
2998467	1	1	3	5	6	2	2
2998468	1	1	3	1	6	2	2
2998469	1	1	3	1	6	2	2
2998470	1	1	1	1	4	1	1
2998473	1	1	3	1	4	2	2
2998474	1	1	1	1	4	1	1
2998475	1	1	3	1	7	2	2
2998476	1	1	2	1	6	2	2
2998477	1	1	1	1	6	1	1
2998478	1	1	2	1	6	2	1
2998479	1	1	3	7	7	2	2
2998480	1	1	3	1	6	2	2
2998481	1	1	3	1	4	2	1
2998482	1	1	3	4	7	2	2
2998483	1	1	3	1	6	2	1
2998484	1	1	3	1	5	2	2
2998486	1	1	3	1	5	2	2
2998487	1	1	1	1	4	1	1
2998488	1	1	2	1	6	1	1
2998489	1	1	1	1	4	1	1
2998490	1	1	3	5	6	2	2
2998491	1	1	3	5	6	2	2
2998492	1	1	1	5	6	2	1
2998493	1	1	2	3	6	1	1
2998494	1	1	1	1	4	2	2
2998496	1	1	1	1	6	1	1
2998498	1	1	3	1	6	2	2
2998500	1	1	3	5	6	2	2
2998501	1	1	2	1	4	1	1
2998502	1	1	2	1	4	1	1
2998504	1	1	3	2	6	2	2
2998505	1	1	1	1	3	1	1
2998506	1	1	3	5	6	2	1
2998508	1	1	3	1	6	2	2
2998510	1	1	1	1	4	1	1
2998513	1	1	1	1	4	1	1
2998514	1	1	1	1	6	1	1
2998515	1	1	1	1	4	1	1
2998516	1	1	1	1	4	2	2
2998517	1	1	3	5	6	2	2
2998518	1	1	3	5	5	2	2
2998520	1	1	3	3	5	2	1
2998521	1	1	1	1	4	1	1
2998522	1	1	1	1	4	1	1
2998523	1	1	2	1	6	1	2
2998524	1	1	1	1	4	1	1
2998526	1	1	2	1	6	1	1
2998527	1	1	1	1	4	1	1
2998528	1	1	3	3	6	2	2
2998529	1	1	3	5	5	2	1
2998530	1	1	3	4	6	2	2
2998531	1	1	3	1	6	2	2
2998532	1	1	1	1	4	1	1
2998533	1	1	1	1	4	1	1
2998534	1	1	1	1	4	1	1
2998535	1	1	2	1	4	1	1
2998536	1	1	3	5	6	2	2
2998538	1	1	3	1	6	2	2
2998539	1	1	3	5	6	2	2
2998541	1	1	1	1	4	1	1
2998542	1	1	3	1	6	2	2
2998543	1	1	1	1	6	1	1
2998544	1	1	2	1	6	1	2
2998545	1	1	1	1	4	2	2
2998547	1	1	1	1	4	1	1
2998548	1	1	1	1	4	1	1
2998549	1	1	1	5	6	2	2
2998551	1	1	3	5	6	2	2
2998552	1	1	3	3	6	2	2
2998553	1	1	3	1	6	2	1
2998554	1	1	3	5	6	2	2
2998555	1	1	3	1	6	2	1
2998556	1	1	1	1	6	1	1
2998557	1	1	1	1	4	1	1
2998558	1	1	1	1	4	1	1
2998559	1	1	1	1	4	1	1
2998560	1	1	3	1	6	2	2
2998561	1	1	2	3	4	1	1
2998562	1	1	3	1	6	2	2
2998563	1	1	1	1	4	1	1
2998564	1	1	3	5	6	2	2
2998565	1	1	2	1	4	1	1
2998566	1	1	3	3	4	2	2
2998567	1	1	1	1	6	1	1
2998569	1	1	2	3	6	1	1
2998570	1	1	1	1	4	1	1
2998571	1	1	1	1	6	1	1
2998572	1	1	1	6	6	2	2
2998573	1	1	2	3	6	2	2
2998576	1	1	1	1	4	1	1
2998578	1	1	1	1	4	1	1
2998579	1	1	1	1	6	1	1
2998580	1	1	1	1	6	1	1
2998581	1	1	1	1	4	1	1
2998583	1	1	1	1	4	1	1
2998584	1	1	1	1	4	1	1
2998585	1	1	2	1	6	1	1
2998586	1	1	1	1	4	1	1
2998587	1	1	1	1	6	1	1
2998588	1	1	1	1	4	1	1
2998589	1	1	1	1	4	1	1
2998590	1	1	1	1	4	1	1
2998591	1	1	1	1	4	1	1
2998592	1	1	1	1	4	1	1
2998593	1	1	3	1	6	2	1
2998594	1	1	1	1	4	1	1
2998595	1	1	2	1	4	1	1
2998596	1	1	1	1	4	1	1
2998597	1	1	1	1	4	1	1
2998598	1	1	1	1	4	2	2
2998599	1	1	1	1	4	2	2
2998600	1	1	2	1	4	1	1
2998601	1	1	1	1	6	2	1
2998602	1	1	3	3	6	2	1
2998603	1	1	2	3	7	1	1
2998604	1	1	3	3	6	2	2
2998605	1	1	3	4	6	2	2
2998606	1	1	3	1	6	2	1
2998607	1	1	3	1	6	2	2
2998608	1	1	2	3	6	2	2
2998609	1	1	1	1	4	1	1
2998610	1	1	1	1	6	2	1
2998611	1	1	3	3	6	2	1
2998612	1	1	1	1	6	2	1
2998613	1	1	1	1	7	2	2
2998614	1	1	2	1	4	1	1
2998615	1	1	1	1	4	2	2
2998616	1	1	1	1	6	2	1
2998617	1	1	1	1	4	2	2
2998618	1	1	1	1	4	1	1
2998619	1	1	1	1	6	1	1
2998620	1	1	1	1	4	1	1
2998621	1	1	1	1	4	1	1
2998622	1	1	3	1	6	2	2
2998623	1	1	1	1	6	2	1
2998624	1	1	1	1	6	1	1
2998625	1	1	3	1	6	2	2
2998626	1	1	3	1	6	2	1
2998627	1	1	3	3	6	2	2
2998628	1	1	1	1	4	1	1
2998629	1	1	1	1	7	1	1
2998630	1	1	1	1	6	2	1
2998631	1	1	1	1	1	1	1
2998632	1	1	1	1	4	1	1
2998633	1	1	2	1	7	1	1
2998634	1	1	1	1	6	2	1
2998635	1	1	1	1	6	1	1
2998636	1	1	3	2	6	2	2
2998637	1	1	1	1	6	2	1
2998638	1	1	2	1	6	2	1
2998639	1	1	1	1	4	1	1
2998640	1	1	3	1	4	2	1
2998641	1	1	2	1	6	1	1
2998642	1	1	1	1	4	1	1
2998643	1	1	1	1	4	1	1
2998644	1	1	1	1	6	1	1
2998645	1	1	3	1	6	2	2
2998646	1	1	1	1	4	2	1
2998647	1	1	1	5	4	2	2
2998648	1	1	1	1	6	2	1
2998649	1	1	3	1	6	2	1
2998650	1	1	3	1	6	2	1
2998651	1	1	3	1	6	2	2
2998652	1	1	1	1	6	2	1
2998653	1	1	1	1	6	2	1
2998654	1	1	1	1	6	2	1
2998655	1	1	2	1	6	2	1
2998656	1	1	2	1	6	2	1
2998657	1	1	1	1	4	2	2
2998658	1	1	3	1	6	2	2
2998659	1	1	1	1	6	2	1
2998660	1	1	1	1	6	1	1
2998661	1	1	3	1	6	2	2
2998662	1	1	3	3	6	2	2
2998663	1	1	3	1	7	2	2
2998664	1	1	1	1	6	2	1
2998665	1	1	3	7	6	2	2
2998666	1	1	1	1	6	2	1
2998667	1	1	2	1	6	2	1
2998668	1	1	1	1	4	2	1
2998669	1	1	3	1	4	2	2
2998670	1	1	3	1	7	2	2
2998671	1	1	3	3	6	2	2
2998672	1	1	1	1	6	2	1
2998673	1	1	1	1	6	1	1
2998674	1	1	3	3	6	2	2
2998675	1	1	1	1	4	1	1
2998676	1	1	3	4	6	2	2
2998677	1	1	1	1	6	2	2
2998678	1	1	1	1	4	1	1
2998679	1	1	3	1	6	2	1
2998680	1	1	1	5	5	1	1
2998681	1	1	1	1	4	1	1
2998682	1	1	1	1	6	2	1
2998683	1	1	1	1	4	1	1
2998684	1	1	1	3	6	2	1
2998685	1	1	1	1	4	1	1
2998686	1	1	3	1	6	2	1
2998687	1	1	3	1	4	2	2
2998688	1	1	1	1	6	2	1
2998689	1	1	2	1	6	1	1
2998690	1	1	1	1	4	1	1
2998691	1	1	1	1	6	2	1
2998692	1	1	3	2	4	2	1
2998693	1	1	3	1	6	2	2
2998694	1	1	1	1	4	1	1
2998695	1	1	1	1	4	1	1
2998696	1	1	1	4	7	2	1
2998697	1	1	2	1	4	2	1
2998698	1	1	2	1	6	2	1
2998699	1	1	1	3	7	2	1
2998700	1	1	1	1	4	1	1
2998701	1	1	2	3	7	1	1
2998702	1	1	1	1	4	1	1
2998703	1	1	1	1	4	1	1
2998704	1	1	1	1	4	1	1
2998705	1	1	2	1	6	1	1
2998706	1	1	3	1	6	2	1
2998707	1	1	1	3	7	2	1
2998708	1	1	1	1	4	1	1
2998709	1	1	3	1	6	2	2
2998710	1	1	1	1	4	2	1
2998711	1	1	1	1	6	2	1
2998712	1	1	1	1	6	1	1
2998713	1	1	1	1	4	1	1
2998714	1	1	1	1	6	1	1
2998715	1	1	1	1	4	1	1
2998716	1	1	3	5	5	2	2
2998717	1	1	1	1	6	2	1
2998718	1	1	1	1	6	1	1
2998719	1	1	1	1	4	1	1
2998720	1	1	1	1	6	1	1
2998721	1	1	1	1	3	1	1
2998722	1	1	1	1	4	1	1
2998723	1	1	1	1	4	1	1
2998724	1	1	1	1	6	1	1
2998725	1	1	1	1	4	1	1
2998726	1	1	1	1	4	2	2
2998727	1	1	1	1	4	1	1
2998728	1	1	1	1	4	1	1
2998729	1	1	1	1	4	1	1
2998730	1	1	3	5	7	2	1
2998731	1	1	3	1	6	2	1
2998732	1	1	3	1	7	2	1
2998733	1	1	1	5	6	2	1
2998734	1	1	1	1	4	2	2
2998735	1	1	1	1	4	1	1
2998736	1	1	1	1	6	1	1
2998737	1	1	1	1	4	1	1
2998738	1	1	1	1	4	1	1
2998739	1	1	1	1	4	1	1
2998740	1	1	1	1	6	1	1
2998741	1	1	1	1	4	1	1
2998742	1	1	1	1	4	1	1
2998743	1	1	1	1	4	1	1
2998744	1	1	1	1	4	1	1
2998745	1	1	1	1	4	1	1
2998746	1	1	1	1	4	1	1
2998747	1	1	1	1	4	1	1
2998748	1	1	1	1	4	1	1
2998749	1	1	3	7	4	2	1
2998750	1	1	1	1	4	2	2
2998751	1	1	3	1	6	2	1
2998752	1	1	1	1	4	1	1
2998753	1	1	1	1	6	1	1
2998754	1	1	1	1	4	1	1
2998755	1	1	1	1	4	1	1
2998756	1	1	1	1	4	1	1
2998757	1	1	1	1	4	1	1
2998758	1	1	1	1	4	1	1
2998759	1	1	3	1	4	2	2
2998760	1	1	3	1	4	2	1
2998761	1	1	2	1	6	2	1
2998762	1	1	3	1	6	2	2
2998763	1	1	1	1	4	1	1
2998764	1	1	2	1	6	2	1
2998765	1	1	1	1	4	2	1
2998766	1	1	2	1	4	2	1
2998767	1	1	3	1	6	2	2
2998768	1	1	3	1	4	2	2
2998769	1	1	3	1	4	2	2
2998770	1	1	1	1	4	1	1
2998771	1	1	1	1	6	1	1
2998772	1	1	1	1	4	1	1
2998773	1	1	2	4	7	2	2
2998774	1	1	1	1	4	1	1
2998775	1	1	1	1	3	1	1
2998778	1	1	2	1	6	2	1
2998780	1	1	1	1	4	1	1
2998781	1	1	1	1	4	1	1
2998782	1	1	1	1	4	1	1
2998783	1	1	1	1	3	1	1
2998784	1	1	1	1	4	1	1
2998785	1	1	1	1	6	1	1
2998786	1	1	2	1	6	1	1
2998797	1	1	1	1	4	1	2
2998798	1	1	2	6	6	1	1
2998800	1	1	1	1	6	1	1
2998801	1	1	1	1	4	1	1
2998802	1	1	1	1	4	1	1
2998803	1	1	1	1	4	2	2
2998804	1	1	1	1	4	1	1
2998833	1	1	1	1	4	1	1
2998834	1	1	1	3	4	1	1
2998835	1	1	1	1	4	1	1
2998836	1	1	1	3	5	1	1
2998837	1	1	3	1	4	1	2
2998838	1	1	3	3	5	2	1
2998839	1	1	3	3	5	2	1
2998840	1	1	3	2	6	2	1
2998841	1	1	3	2	6	2	2
2998842	1	1	1	1	4	1	1
2998843	1	1	1	1	4	1	1
2998844	1	1	3	1	6	2	1
2998845	1	1	3	2	6	2	2
2998846	1	1	3	3	5	2	2
2998847	1	1	3	1	4	2	2
2998848	1	1	3	3	6	2	1
2998849	1	1	3	1	4	2	2
2998850	1	1	3	3	6	2	1
2998851	1	1	1	1	4	1	1
2998860	1	1	1	1	4	1	1
2998861	1	1	1	1	6	1	1
2998862	1	1	1	1	4	1	1
2998863	1	1	1	1	4	1	1
2998864	1	1	3	1	6	2	2
2998866	1	1	3	7	7	2	2
2998867	1	1	1	1	6	1	1
2998868	1	1	1	1	4	1	1
2998870	1	1	1	1	4	1	1
2998871	1	1	3	4	6	2	2
2998872	1	1	3	3	7	2	2
2998873	1	1	3	3	6	2	2
2998874	1	1	1	1	4	1	1
2998875	1	1	1	4	4	1	1
2998879	1	1	1	1	4	1	1
2998881	1	1	1	1	4	1	1
2998883	1	1	1	1	4	1	1
2998884	1	1	1	1	4	1	1
2998885	1	1	1	1	4	1	1
2998886	1	1	1	2	6	1	1
2998887	1	1	1	1	4	1	1
2998888	1	1	3	3	6	2	1
2998889	1	1	1	1	3	1	1
2998890	1	1	1	1	4	1	1
2998891	1	1	1	1	4	1	1
2998892	1	1	1	1	6	1	1
2998893	1	1	1	1	3	1	1
2998894	1	1	1	1	4	1	1
2998895	1	1	1	1	4	1	1
2998896	1	1	1	1	4	1	1
2998897	1	1	1	1	4	1	1
2998898	1	1	1	1	4	1	1
2998899	1	1	1	1	6	1	1
2998900	1	1	1	1	4	1	1
2998901	1	1	1	1	4	1	1
2998902	1	1	1	1	6	1	1
2998903	1	1	1	1	6	1	1
2998904	1	1	1	1	4	1	1
2998905	1	1	1	1	4	1	1
2998906	1	1	1	1	4	1	1
2998907	1	1	3	1	4	2	1
2998908	1	1	1	1	4	1	1
2998909	1	1	1	1	4	1	1
2998910	1	1	1	1	4	1	1
2998911	1	1	1	1	4	1	1
2998913	1	1	1	1	6	1	1
2998915	1	1	1	1	4	1	1
2998916	1	1	2	1	4	1	1
2998917	1	1	1	1	6	1	1
2998918	1	1	1	1	4	1	1
2998920	1	1	3	1	6	2	1
2998922	1	1	3	5	7	2	2
2998924	1	1	3	1	6	2	1
2998925	1	1	1	1	6	1	1
2998927	1	1	1	1	6	1	1
2998928	1	1	3	5	6	2	2
2998929	1	1	3	5	7	2	1
2998930	1	1	3	5	7	2	2
2998931	1	1	3	5	7	2	2
2998932	1	1	3	1	6	2	1
2998933	1	1	3	1	6	2	2
2998934	1	1	2	1	5	2	1
2998935	1	1	3	1	6	1	1
2998936	1	1	3	1	6	2	1
2998937	1	1	1	1	6	1	1
2998938	1	1	1	1	5	1	1
2998940	1	1	1	1	4	1	1
2998941	1	1	1	1	4	1	1
2998943	1	1	1	1	4	1	1
2998944	1	1	2	5	5	2	1
2998945	1	1	2	5	6	2	2
2998947	1	1	2	5	5	2	2
2998948	1	1	2	2	4	1	1
2998949	1	1	1	1	4	1	1
2998950	1	1	1	1	4	1	1
2998951	1	1	3	7	7	2	2
2998952	1	1	1	5	7	2	1
2998954	1	1	1	1	6	1	1
2998955	1	1	1	1	4	1	1
2998956	1	1	2	5	5	2	2
2998957	1	1	3	1	6	2	1
2998958	1	1	1	5	5	2	2
2998959	1	1	1	1	4	1	1
2998961	1	1	1	1	6	1	1
2998962	1	1	2	1	6	2	1
2998963	1	1	3	1	6	2	1
2998964	1	1	3	1	4	2	1
2998965	1	1	1	5	7	2	1
2998966	1	1	1	5	7	2	1
2998968	1	1	1	1	4	1	1
2998969	1	1	1	1	4	1	1
2998970	1	1	1	1	4	1	1
2998971	1	1	1	1	4	1	1
2998972	1	1	1	1	4	1	1
2998973	1	1	2	1	4	2	1
2998974	1	1	1	1	4	1	1
2998975	1	1	1	2	5	1	1
2998976	1	1	2	1	4	2	2
2998977	1	1	3	1	6	2	1
2998978	1	1	1	1	4	1	1
2998979	1	1	3	1	6	2	1
2998982	1	1	2	1	4	1	1
2998983	1	1	3	5	7	2	2
2998984	1	1	1	1	6	1	1
2998985	1	1	3	2	4	2	2
2998986	1	1	3	1	4	2	2
2998987	1	1	1	1	6	1	1
2998988	1	1	1	1	4	2	2
2998989	1	1	3	2	7	2	2
2998990	1	1	1	1	4	1	1
2998991	1	1	1	1	4	1	1
2998992	1	1	3	3	7	2	2
2998993	1	1	1	2	5	1	1
2998994	1	1	1	1	4	1	1
2998995	1	1	1	1	4	1	1
2998996	1	1	1	1	4	1	1
2998997	1	1	1	1	4	1	1
2998998	1	1	1	1	4	1	1
2998999	1	1	2	5	5	2	2
2999000	1	1	1	1	4	1	1
2999001	1	1	1	1	4	1	1
2999002	1	1	1	1	6	1	1
2999004	1	1	1	1	4	1	1
2999006	1	1	3	1	4	2	1
2999009	1	1	1	1	2	1	1
2999010	1	1	3	1	4	1	1
2999011	1	1	1	1	6	1	1
2999012	1	1	1	2	5	1	1
2999013	1	1	1	1	6	1	2
2999014	1	1	1	1	4	1	2
2999015	1	1	1	1	4	2	1
2999016	1	1	1	1	6	1	1
2999017	1	1	1	1	6	1	1
2999018	1	1	1	1	4	1	1
2999019	1	1	1	1	4	1	2
2999020	1	1	1	1	6	1	1
2999021	1	1	3	1	6	2	1
2999022	1	1	1	1	6	1	1
2999023	1	1	1	1	6	1	1
2999024	1	1	3	1	4	2	1
2999025	1	1	1	1	4	1	1
2999026	1	1	1	1	4	1	1
2999027	1	1	1	1	4	1	1
2999028	1	1	1	1	4	1	2
2999029	1	1	2	5	5	2	2
2999030	1	1	1	1	4	1	1
2999031	1	1	1	1	6	1	1
2999032	1	1	1	1	4	1	1
2999033	1	1	1	1	4	1	1
2999034	1	1	1	1	6	1	1
2999035	1	1	1	1	4	1	1
2999036	1	1	1	1	4	1	1
2999037	1	1	1	1	4	1	1
2999038	1	1	1	1	4	1	1
2999039	1	1	1	1	4	1	1
2999040	1	1	1	1	4	1	1
2999042	1	1	1	1	4	1	1
2999043	1	1	2	5	5	2	2
2999044	1	1	1	1	6	1	1
2999045	1	1	1	1	4	1	1
2999046	1	1	1	1	4	1	1
2999047	1	1	2	1	6	1	1
2999048	1	1	1	1	4	1	1
2999049	1	1	1	1	4	1	1
2999050	1	1	1	1	4	1	1
2999052	1	1	3	6	4	2	1
2999053	1	1	2	1	6	1	1
2999054	1	1	1	1	4	1	1
2999055	1	1	1	1	4	1	1
2999056	1	1	3	1	4	2	1
2999057	1	1	1	1	4	1	1
2999058	1	1	1	1	6	1	1
2999059	1	1	1	1	4	1	1
2999060	1	1	1	5	7	2	1
2999061	1	1	2	1	4	1	1
2999062	1	1	1	1	4	1	1
2999063	1	1	1	1	2	1	1
2999064	1	1	1	1	1	1	1
2999065	1	1	1	1	4	1	1
2999066	1	1	1	1	4	1	1
2999067	1	1	1	1	4	1	1
2999068	1	1	1	1	4	1	1
2999069	1	1	1	1	4	1	1
2999071	1	1	2	1	6	1	1
2999072	1	1	1	1	4	1	1
2999073	1	1	3	1	4	2	1
2999074	1	1	3	1	4	1	1
2999075	1	1	1	1	4	1	1
2999076	1	1	3	1	4	2	1
2999077	1	1	3	6	4	2	1
2999078	1	1	3	1	4	2	1
2999079	1	1	3	1	4	2	1
2999080	1	1	1	3	6	1	1
2999081	1	1	1	1	4	1	1
2999082	1	1	3	1	4	2	1
2999083	1	1	3	1	4	2	1
2999084	1	1	1	1	4	1	1
2999086	1	1	2	3	6	2	1
2999087	1	1	1	1	4	1	1
2999088	1	1	1	1	4	1	1
2999089	1	1	1	1	4	1	1
2999090	1	1	1	1	3	1	1
2999091	1	1	1	1	4	1	1
2999092	1	1	1	2	6	1	1
2999093	1	1	3	1	4	2	1
2999094	1	1	3	5	6	2	1
2999095	1	1	3	1	4	2	1
2999096	1	1	1	1	4	1	1
2999097	1	1	3	5	6	1	1
2999098	1	1	3	1	4	2	1
2999099	1	1	3	1	4	2	1
2999100	1	1	3	1	6	2	2
2999101	1	1	1	1	4	1	1
2999102	1	1	1	1	4	2	2
2999103	1	1	1	1	4	1	1
2999104	1	1	1	1	6	1	1
2999105	1	1	1	1	6	1	1
2999106	1	1	1	1	6	1	1
2999107	1	1	3	3	6	2	1
2999108	1	1	1	1	4	1	1
2999109	1	1	1	1	4	1	1
2999110	1	1	1	1	4	1	1
2999111	1	1	1	1	4	1	1
2999112	1	1	1	1	4	1	1
2999113	1	1	1	1	4	1	1
2999114	1	1	1	1	4	1	1
2999115	1	1	1	1	4	1	1
2999116	1	1	1	1	6	1	1
2999117	1	1	1	1	4	1	1
2999118	1	1	1	1	4	1	1
2999119	1	1	1	1	4	1	1
2999120	1	1	1	1	4	1	1
2999121	1	1	1	1	4	1	1
2999122	1	1	1	1	4	1	1
2999123	1	1	1	1	4	1	1
2999124	1	1	3	1	4	2	2
2999125	1	1	1	1	4	1	1
2999126	1	1	1	1	4	1	1
2999127	1	1	1	3	6	1	1
2999129	1	1	3	1	4	2	1
2999130	1	1	3	2	5	2	1
2999131	1	1	3	1	6	2	1
2999133	1	1	3	1	6	2	1
2999134	1	1	1	1	4	1	1
2999135	1	1	1	2	6	1	1
2999136	1	1	3	1	6	2	1
2999137	1	1	3	1	6	2	1
2999138	1	1	3	2	6	2	2
2999139	1	1	3	1	4	2	2
2999140	1	1	3	1	4	2	2
2999141	1	1	3	7	7	2	2
2999142	1	1	1	1	4	1	1
2999143	1	1	3	5	6	2	2
2999144	1	1	3	5	7	2	2
2999145	1	1	1	1	4	1	1
2999146	1	1	3	1	4	2	2
2999148	1	1	1	1	4	1	1
2999151	1	1	3	1	4	2	2
2999152	1	1	1	1	6	1	1
2999153	1	1	1	1	3	1	1
2999155	1	1	1	1	4	1	1
2999156	1	1	1	1	4	1	1
2999157	1	1	1	1	4	1	1
2999158	1	1	1	1	4	1	1
2999160	1	1	1	1	4	1	1
2999161	1	1	1	1	4	1	1
2999162	1	1	1	1	4	1	1
2999163	1	1	1	1	4	1	1
2999164	1	1	1	2	5	1	1
2999165	1	1	1	1	6	1	1
2999166	1	1	1	1	6	1	1
2999168	1	1	1	2	7	1	1
2999169	1	1	1	2	7	1	1
2999171	1	1	1	1	4	1	1
2999172	1	1	1	1	4	1	1
2999173	1	1	1	1	4	1	1
2999176	1	1	1	1	4	1	1
2999177	1	1	3	1	4	2	1
2999178	1	1	1	1	5	1	1
2999179	1	1	1	1	6	1	1
2999180	1	1	1	1	4	1	1
2999181	1	1	1	1	4	1	1
2999182	1	1	1	1	4	1	1
2999183	1	1	1	1	4	1	1
2999184	1	1	1	1	4	1	1
2999185	1	1	1	1	4	1	1
2999186	1	1	1	1	4	1	1
2999187	1	1	1	1	4	1	1
2999188	1	1	1	1	4	1	1
2999189	1	1	1	1	1	1	2
2999190	1	1	1	1	4	1	1
2999191	1	1	1	1	4	1	1
2999192	1	1	1	1	4	1	1
2999193	1	1	1	1	4	1	1
2999194	1	1	1	1	4	1	1
2999195	1	1	1	1	4	1	1
2999196	1	1	1	1	4	1	1
2999197	1	1	1	1	4	1	1
2999198	1	1	3	1	4	2	1
2999199	1	1	1	1	4	1	1
2999200	1	1	1	1	4	1	1
2999201	1	1	1	1	6	1	1
2999202	1	1	1	1	4	1	1
2999203	1	1	1	1	4	1	1
2999204	1	1	1	1	4	1	1
2999205	1	1	1	1	6	1	1
2999206	1	1	1	1	4	1	1
2999207	1	1	3	1	4	2	1
2999208	1	1	3	1	6	2	2
2999209	1	1	1	1	6	1	1
2999210	1	1	1	1	4	1	1
2999211	1	1	3	1	4	2	2
2999212	1	1	1	1	4	1	1
2999213	1	1	1	1	4	2	1
2999214	1	1	1	1	4	1	1
2999215	1	1	1	1	4	1	1
2999216	1	1	1	1	6	1	1
2999217	1	1	1	1	4	1	1
2999218	1	1	1	1	4	1	1
2999219	1	1	1	1	4	1	1
2999220	1	1	1	1	4	1	1
2999221	1	1	1	1	4	1	1
2999222	1	1	1	1	6	1	1
2999223	1	1	1	1	4	1	1
2999224	1	1	1	1	4	1	1
2999225	1	1	1	1	4	1	1
2999226	1	1	1	1	4	1	1
2999227	1	1	1	1	4	1	1
2999228	1	1	1	1	6	1	1
2999229	1	1	1	1	6	1	1
2999230	1	1	1	2	4	1	1
2999231	1	1	1	1	6	1	1
2999232	1	1	1	2	6	1	1
2999233	1	1	1	1	4	1	1
2999234	1	1	3	2	7	2	1
2999235	1	1	2	1	4	2	2
2999236	1	1	1	1	4	1	1
2999237	1	1	3	3	6	2	1
2999238	1	1	3	5	5	2	1
2999239	1	1	3	1	6	2	2
2999240	1	1	1	1	4	1	1
2999241	1	1	1	1	4	1	1
2999242	1	1	1	1	4	1	1
2999243	1	1	3	1	6	2	2
2999244	1	1	2	1	6	1	2
2999245	1	1	2	1	6	1	2
2999246	1	1	2	1	4	1	2
2999247	1	1	3	5	7	2	2
2999248	1	1	3	5	7	2	2
2999250	1	1	2	7	6	1	2
2999251	1	1	3	5	7	2	2
2999252	1	1	2	7	7	1	2
2999253	1	1	2	5	7	1	2
2999254	1	1	1	1	4	1	1
2999256	1	1	1	1	4	1	1
2999258	1	1	3	1	6	2	2
2999259	1	1	1	1	6	1	1
2999260	1	1	2	1	4	1	2
2999261	1	1	1	5	6	1	1
2999262	1	1	1	1	6	1	1
2999263	1	1	1	1	6	1	1
2999264	1	1	1	1	4	1	1
2999265	1	1	1	1	6	1	1
2999266	1	1	1	5	7	1	1
2999268	1	1	3	1	4	1	1
2999269	1	1	3	3	7	2	1
2999270	1	1	1	1	6	1	1
2999271	1	1	1	1	4	1	1
2999273	1	1	1	1	4	1	1
2999274	1	1	1	1	4	1	1
2999275	1	1	1	1	4	1	1
2999276	1	1	1	1	6	1	1
2999277	1	1	1	1	4	1	1
2999278	1	1	1	1	6	1	1
2999279	1	1	1	1	4	1	1
2999280	1	1	1	1	4	1	1
2999281	1	1	1	1	4	1	1
2999282	1	1	1	1	6	1	1
2999283	1	1	3	1	6	1	1
2999284	1	1	2	1	6	1	1
2999285	1	1	1	1	4	2	2
2999286	1	1	3	3	7	2	2
2999287	1	1	3	2	6	2	1
2999288	1	1	3	1	6	1	1
2999289	1	1	3	2	6	1	1
2999290	1	1	3	1	6	2	1
2999291	1	1	1	1	6	1	1
2999292	1	1	3	5	7	2	2
2999293	1	1	1	1	5	1	1
2999294	1	1	1	1	6	1	1
2999295	1	1	3	1	4	1	1
2999296	1	1	2	1	4	1	1
2999297	1	1	1	2	6	1	1
2999298	1	1	2	1	6	1	1
2999299	1	1	2	1	4	2	1
2999300	1	1	1	2	6	1	1
2999301	1	1	1	1	6	1	1
2999302	1	1	1	2	6	1	1
2999303	1	1	3	4	7	2	1
2999304	1	1	3	5	7	2	2
2999305	1	1	3	4	7	2	1
2999306	1	1	2	1	6	1	1
2999307	1	1	3	2	6	2	1
2999308	1	1	1	1	4	1	1
2999309	1	1	1	1	6	1	1
2999310	1	1	2	5	6	1	1
2999311	1	1	3	1	6	1	1
2999312	1	1	1	1	4	1	1
2999313	1	1	3	2	7	2	1
2999314	1	1	3	1	6	2	1
2999315	1	1	1	2	6	1	1
2999316	1	1	2	1	4	2	1
2999317	1	1	1	2	6	1	1
2999318	1	1	1	2	6	1	1
2999319	1	1	1	1	6	1	1
2999320	1	1	3	1	4	2	1
2999321	1	1	3	4	5	2	1
2999322	1	1	3	2	6	2	2
2999323	1	1	1	1	5	1	1
2999324	1	1	3	2	7	2	1
2999325	1	1	2	1	6	2	1
2999326	1	1	1	1	4	1	1
2999327	1	1	2	1	4	1	1
2999328	1	1	1	2	6	1	1
2999329	1	1	1	1	4	1	1
2999330	1	1	1	1	6	1	1
2999331	1	1	3	1	6	2	1
2999332	1	1	1	1	6	1	1
2999334	1	1	2	1	4	1	1
2999335	1	1	3	1	4	2	1
2999336	1	1	1	2	4	1	1
2999337	1	1	3	1	6	2	1
2999338	1	1	3	1	7	2	1
2999339	1	1	3	5	6	2	2
2999340	1	1	3	5	6	2	2
2999341	1	1	3	4	7	2	2
2999342	1	1	1	2	6	1	1
2999343	1	1	2	1	7	1	1
2999344	1	1	3	1	6	2	2
2999345	1	1	3	2	6	2	1
2999348	1	1	3	2	7	2	1
2999349	1	1	3	2	5	2	1
2999350	1	1	3	4	7	2	2
2999351	1	1	1	1	6	1	1
2999352	1	1	2	1	4	1	1
2999353	1	1	3	1	4	2	1
2999354	1	1	1	1	4	1	1
2999355	1	1	2	1	6	2	2
2999356	1	1	2	5	6	2	2
2999357	1	1	3	4	7	2	2
2999358	1	1	2	1	6	2	2
2999359	1	1	3	1	7	2	2
2999360	1	1	2	1	4	1	1
2999361	1	1	1	2	6	1	1
2999362	1	1	1	2	4	1	1
2999363	1	1	1	1	4	2	1
2999364	1	1	1	1	4	1	1
2999365	1	1	1	1	4	1	1
2999366	1	1	1	1	4	1	1
2999367	1	1	3	4	7	2	2
2999368	1	1	3	2	5	2	1
2999369	1	1	1	1	4	1	1
2999371	1	1	1	1	4	1	1
2999372	1	1	2	1	7	2	2
2999373	1	1	1	1	4	1	1
2999374	1	1	1	2	6	1	1
2999375	1	1	2	1	6	2	2
2999376	1	1	1	1	4	1	1
2999377	1	1	2	1	7	2	2
2999378	1	1	1	1	6	1	1
2999379	1	1	1	1	4	1	1
2999380	1	1	1	2	6	1	1
2999381	1	1	1	1	4	1	1
2999383	1	1	1	2	6	1	1
2999384	1	1	3	1	6	2	2
2999385	1	1	3	2	6	2	2
2999387	1	1	2	1	4	1	1
2999389	1	1	1	1	4	1	1
2999390	1	1	2	5	7	2	2
2999391	1	1	2	1	7	2	2
2999392	1	1	1	2	6	1	1
2999393	1	1	1	1	4	1	1
2999394	1	1	1	2	4	1	1
2999395	1	1	2	7	7	1	1
2999396	1	1	1	2	4	1	1
2999397	1	1	1	1	6	1	1
2999398	1	1	3	1	6	1	1
2999399	1	1	3	1	6	2	1
2999402	1	1	1	1	4	1	1
2999403	1	1	1	2	6	1	1
2999404	1	1	1	2	6	1	1
2999405	1	1	1	1	4	1	1
2999406	1	1	1	1	4	1	1
2999407	1	1	1	1	4	1	1
2999408	1	1	1	2	6	1	1
2999409	1	1	1	1	4	1	1
2999410	1	1	1	1	4	1	1
2999411	1	1	1	1	4	1	1
2999412	1	1	3	5	5	2	2
2999413	1	1	3	5	5	2	2
2999414	1	1	3	5	5	2	2
2999415	1	1	3	5	5	2	2
2999416	1	1	3	2	6	2	1
2999417	1	1	3	1	7	2	1
2999418	1	1	3	5	5	2	2
2999419	1	1	3	5	5	2	2
2999420	1	1	2	1	6	2	2
2999421	1	1	1	2	4	1	1
2999422	1	1	1	2	4	1	1
2999423	1	1	3	5	5	2	2
2999424	1	1	1	2	6	1	1
2999425	1	1	3	1	6	2	1
2999426	1	1	1	1	4	1	1
2999427	1	1	3	4	7	2	2
2999428	1	1	2	1	7	2	2
2999429	1	1	2	1	6	2	2
2999430	1	1	3	2	7	2	1
2999431	1	1	1	1	4	1	1
2999432	1	1	3	1	6	2	1
2999433	1	1	1	1	4	1	1
2999434	1	1	1	2	6	1	1
2999435	1	1	1	2	6	1	1
2999436	1	1	1	1	4	1	1
2999437	1	1	2	1	6	2	2
2999438	1	1	2	1	6	2	2
2999439	1	1	2	1	6	2	2
2999440	1	1	1	1	4	1	1
2999441	1	1	2	1	6	2	2
2999442	1	1	3	2	6	2	2
2999443	1	1	1	1	6	1	1
2999444	1	1	2	4	5	1	1
2999445	1	1	2	1	6	1	1
2999448	1	1	3	1	6	2	1
2999449	1	1	3	2	6	2	1
2999450	1	1	3	1	6	2	1
2999451	1	1	1	1	4	1	1
2999452	1	1	1	1	6	1	1
2999453	1	1	3	1	6	2	2
2999454	1	1	2	1	6	2	2
2999455	1	1	2	5	7	2	2
2999456	1	1	1	1	4	1	1
2999458	1	1	3	2	6	2	1
2999459	1	1	1	1	4	1	1
2999460	1	1	3	2	6	2	1
2999461	1	1	3	2	6	2	1
2999462	1	1	2	1	6	2	2
2999463	1	1	1	3	4	1	1
2999464	1	1	3	1	6	2	2
2999465	1	1	3	1	4	2	1
2999466	1	1	2	1	7	2	2
2999467	1	1	3	2	6	2	1
2999468	1	1	3	1	6	2	1
2999469	1	1	3	4	7	2	1
2999470	1	1	3	4	6	2	2
2999471	1	1	3	2	6	2	1
2999476	1	1	2	1	2	1	1
2999477	1	1	1	1	6	1	1
2999478	1	1	1	2	6	1	1
2999479	1	1	1	3	6	1	1
2999480	1	1	1	1	4	1	1
2999481	1	1	1	1	6	1	1
2999482	1	1	3	2	7	2	1
2999483	1	1	1	5	5	2	1
2999484	1	1	3	5	5	2	2
2999485	1	1	2	3	5	1	1
2999486	1	1	3	1	7	2	1
2999487	1	1	1	2	4	1	1
2999488	1	1	3	1	6	2	1
2999489	1	1	1	1	4	1	1
2999490	1	1	3	1	4	2	1
2999491	1	1	1	1	4	1	1
2999492	1	1	3	1	6	2	2
2999493	1	1	1	1	4	1	1
2999494	1	1	3	5	6	2	1
2999495	1	1	1	1	4	1	1
2999496	1	1	3	2	6	2	2
2999497	1	1	3	4	7	2	2
2999498	1	1	1	2	4	1	1
2999499	1	1	1	1	6	1	1
2999500	1	1	1	1	4	1	1
2999501	1	1	1	1	4	1	1
2999502	1	1	1	1	4	1	1
2999503	1	1	1	1	4	1	1
2999504	1	1	3	2	6	2	2
2999505	1	1	3	2	7	2	1
2999507	1	1	3	5	5	2	1
2999508	1	1	2	1	6	2	1
2999509	1	1	1	1	4	1	1
2999510	1	1	3	1	6	2	1
2999511	1	1	2	1	7	2	2
2999512	1	1	2	1	6	2	2
2999513	1	1	2	1	4	2	2
2999514	1	1	2	1	6	2	2
2999515	1	1	3	1	6	2	2
2999516	1	1	2	1	7	2	2
2999517	1	1	1	1	4	1	1
2999518	1	1	1	1	4	1	1
2999519	1	1	2	1	6	2	2
2999520	1	1	3	1	6	2	1
2999521	1	1	2	4	7	2	2
2999522	1	1	1	1	4	1	1
2999523	1	1	1	1	4	1	1
2999525	1	1	1	1	4	1	1
2999526	1	1	1	3	6	1	1
2999527	1	1	3	1	6	2	2
2999528	1	1	3	1	4	2	1
2999529	1	1	2	1	4	1	1
2999530	1	1	1	1	6	1	1
2999531	1	1	1	1	6	1	1
2999532	1	1	1	1	4	1	1
2999533	1	1	1	1	4	2	2
2999534	1	1	1	1	6	2	2
2999535	1	1	1	1	4	1	1
2999536	1	1	2	1	6	1	1
2999537	1	1	1	1	6	1	1
2999538	1	1	1	1	4	1	1
2999539	1	1	1	1	6	1	1
2999540	1	1	1	2	4	1	1
2999541	1	1	1	1	4	1	1
2999542	1	1	2	5	5	2	2
2999543	1	1	1	1	4	1	1
2999544	1	1	2	5	5	2	2
2999545	1	1	2	5	5	2	2
2999546	1	1	2	5	2	2	2
2999547	1	1	2	5	6	2	2
2999548	1	1	3	5	5	2	2
2999549	1	1	3	5	5	2	2
2999550	1	1	3	5	5	2	2
2999551	1	1	1	1	4	1	1
2999552	1	1	2	5	5	2	2
2999553	1	1	3	5	6	2	2
2999554	1	1	2	5	5	2	2
2999555	1	1	3	5	5	2	2
2999556	1	1	2	5	5	2	2
2999557	1	1	2	5	5	2	2
2999558	1	1	1	1	4	1	1
2999559	1	1	2	5	6	2	2
2999560	1	1	1	1	6	2	1
2999561	1	1	3	5	6	2	2
2999562	1	1	3	2	6	1	1
2999563	1	1	3	5	5	2	2
2999564	1	1	3	2	6	1	1
2999565	1	1	3	1	6	2	2
2999566	1	1	3	3	6	1	1
2999567	1	1	3	3	6	1	1
2999568	1	1	2	1	6	2	1
2999569	1	1	2	2	6	1	1
2999570	1	1	1	1	4	1	1
2999571	1	1	3	3	7	2	2
2999572	1	1	3	4	6	2	2
2999573	1	1	3	3	7	2	1
2999574	1	1	3	4	6	2	2
2999575	1	1	3	1	6	1	1
2999576	1	1	3	5	5	2	2
2999577	1	1	3	4	7	2	2
2999578	1	1	1	1	4	1	1
2999579	1	1	1	1	4	1	1
2999580	1	1	2	1	6	1	1
2999581	1	1	1	1	4	1	1
2999582	1	1	3	2	7	2	1
2999583	1	1	3	2	6	2	1
2999584	1	1	3	1	4	1	1
2999585	1	1	3	1	6	1	1
2999586	1	1	3	5	7	2	2
2999587	1	1	3	4	7	2	2
2999588	1	1	3	2	6	2	1
2999589	1	1	1	1	4	1	1
2999590	1	1	3	1	4	2	1
2999591	1	1	3	1	4	1	1
2999592	1	1	3	1	7	2	2
2999593	1	1	3	4	7	2	2
2999594	1	1	3	3	7	2	1
2999595	1	1	3	4	7	2	2
2999596	1	1	3	2	7	2	1
2999597	1	1	1	1	6	1	1
2999598	1	1	3	4	7	2	2
2999599	1	1	3	1	6	1	1
2999600	1	1	3	4	7	2	2
2999601	1	1	2	1	6	1	1
2999602	1	1	3	5	7	2	2
2999605	1	1	3	1	4	2	1
2999606	1	1	3	1	6	2	1
2999607	1	1	3	2	7	1	1
2999608	1	1	3	1	4	2	1
2999610	1	1	3	5	5	2	2
2999611	1	1	3	5	7	2	2
2999612	1	1	3	2	6	2	1
2999613	1	1	3	1	6	1	1
2999614	1	1	3	2	7	1	1
2999615	1	1	3	1	6	2	2
2999616	1	1	3	2	6	2	1
2999617	1	1	3	1	7	2	1
2999618	1	1	2	1	6	1	1
2999619	1	1	3	2	6	2	1
2999620	1	1	3	2	6	2	1
2999621	1	1	3	3	6	1	1
2999622	1	1	3	1	6	2	1
2999624	1	1	3	1	4	2	1
2999625	1	1	1	1	4	1	1
2999626	1	1	3	2	6	2	2
2999627	1	1	3	2	7	2	1
2999628	1	1	3	2	6	2	1
2999629	1	1	3	1	6	2	2
2999630	1	1	3	5	5	2	2
2999631	1	1	2	1	6	1	1
2999632	1	1	3	1	6	2	2
2999633	1	1	3	3	4	2	1
2999634	1	1	3	1	6	2	1
2999635	1	1	3	1	4	2	1
2999636	1	1	3	2	6	2	1
2999637	1	1	3	1	4	2	1
2999638	1	1	3	1	6	1	1
2999639	1	1	2	1	4	1	1
2999640	1	1	3	1	6	2	1
2999641	1	1	2	1	6	1	1
2999642	1	1	3	1	6	1	1
2999643	1	1	3	4	7	2	2
2999645	1	1	3	2	6	1	1
2999646	1	1	3	3	7	2	1
2999648	1	1	3	2	6	2	1
2999649	1	1	1	1	4	1	1
2999650	1	1	3	2	4	2	1
2999651	1	1	3	5	7	2	2
2999653	1	1	3	4	7	2	2
2999654	1	1	3	1	6	1	1
2999655	1	1	3	3	7	2	2
2999656	1	1	1	1	4	1	1
2999657	1	1	3	2	6	2	1
2999658	1	1	2	1	6	2	2
2999659	1	1	2	1	6	2	2
2999660	1	1	3	2	6	2	1
2999661	1	1	3	1	4	2	1
2999662	1	1	3	3	7	2	2
2999663	1	1	3	2	4	2	1
2999664	1	1	3	1	4	2	1
2999665	1	1	1	1	4	1	1
2999666	1	1	3	1	7	2	1
2999667	1	1	3	1	4	2	1
2999668	1	1	3	1	6	2	1
2999669	1	1	3	5	5	2	2
2999670	1	1	3	5	5	2	2
2999671	1	1	1	1	4	1	1
2999672	1	1	3	2	6	2	1
2999673	1	1	3	1	6	1	2
2999675	1	1	3	5	7	2	1
2999676	1	1	3	2	6	1	1
2999677	1	1	3	1	6	2	2
2999678	1	1	2	4	6	2	2
2999679	1	1	1	1	4	1	1
2999680	1	1	3	1	6	1	1
2999681	1	1	2	1	6	1	1
2999682	1	1	1	1	4	1	1
2999683	1	1	1	1	4	1	1
2999685	1	1	3	5	7	2	1
2999686	1	1	3	2	4	2	1
2999687	1	1	1	1	4	1	1
2999688	1	1	3	2	7	2	1
2999689	1	1	1	1	4	1	1
2999690	1	1	1	2	4	1	1
2999691	1	1	3	2	6	1	1
2999692	1	1	3	4	7	2	2
2999693	1	1	1	1	4	1	1
2999694	1	1	3	1	6	2	2
2999695	1	1	3	2	6	1	2
2999696	1	1	3	1	6	1	2
2999697	1	1	2	1	4	1	1
2999698	1	1	3	1	6	1	1
2999699	1	1	3	5	7	2	2
2999700	1	1	3	1	6	2	2
2999701	1	1	1	1	4	1	1
2999702	1	1	1	1	4	1	1
2999703	1	1	1	1	4	1	1
2999704	1	1	1	1	4	1	1
2999705	1	1	3	1	4	1	1
2999706	1	1	1	1	4	1	2
2999707	1	1	1	1	4	1	1
2999708	1	1	1	1	4	2	2
2999709	1	1	1	1	4	1	1
2999710	1	1	1	1	4	1	1
2999711	1	1	1	1	4	1	1
2999712	1	1	1	1	4	1	1
2999713	1	1	1	1	4	1	1
2999714	1	1	1	1	4	1	1
2999715	1	1	3	4	7	1	1
2999716	1	1	1	1	4	1	1
2999717	1	1	1	1	6	1	1
2999718	1	1	1	1	4	1	1
2999719	1	1	1	2	4	1	1
2999720	1	1	3	5	5	2	2
2999721	1	1	2	3	6	1	1
2999722	1	1	3	5	5	2	2
2999723	1	1	1	1	4	1	1
2999724	1	1	1	1	4	1	1
2999725	1	1	1	1	3	1	1
2999726	1	1	2	1	4	1	1
2999727	1	1	1	1	4	1	1
2999728	1	1	1	1	4	1	1
2999729	1	1	1	1	4	1	1
2999730	1	1	1	1	4	1	1
2999731	1	1	1	1	4	1	1
2999732	1	1	3	5	5	2	2
2999733	1	1	3	5	5	2	2
2999734	1	1	3	4	7	2	1
2999735	1	1	1	1	4	1	2
2999736	1	1	1	1	4	1	1
2999737	1	1	1	1	6	1	1
2999738	1	1	3	5	5	2	2
2999739	1	1	3	2	6	2	1
2999740	1	1	3	5	5	2	2
2999741	1	1	1	1	4	1	1
2999742	1	1	1	2	6	1	1
2999743	1	1	3	5	5	2	2
2999744	1	1	3	5	5	2	1
2999745	1	1	1	1	4	1	1
2999746	1	1	3	1	6	2	2
2999747	1	1	3	4	6	2	2
2999748	1	1	3	1	6	2	2
2999749	1	1	3	1	6	2	2
2999750	1	1	1	1	6	1	1
2999751	1	1	1	1	4	1	1
2999752	1	1	3	2	7	2	1
2999753	1	1	3	3	6	2	1
2999754	1	1	1	1	4	1	1
2999755	1	1	3	4	7	2	2
2999757	1	1	1	1	4	1	1
2999758	1	1	3	1	7	2	2
2999759	1	1	3	1	6	2	1
2999761	1	1	1	1	4	2	1
2999762	1	1	1	1	6	1	1
2999763	1	1	3	5	5	2	2
2999764	1	1	3	2	7	2	2
2999765	1	1	1	1	6	1	1
2999766	1	1	1	1	6	1	1
2999767	1	1	1	1	4	1	1
2999768	1	1	3	1	6	2	2
2999769	1	1	3	4	7	2	2
2999770	1	1	3	1	6	2	2
2999771	1	1	3	5	5	2	2
2999772	1	1	1	1	6	1	1
2999773	1	1	3	1	7	2	2
2999774	1	1	3	5	7	2	2
2999775	1	1	1	1	4	1	1
2999776	1	1	1	1	6	1	1
2999777	1	1	3	5	5	2	2
2999778	1	1	1	5	4	2	2
2999780	1	1	3	4	7	2	1
2999781	1	1	3	5	5	2	2
2999782	1	1	3	5	5	2	2
2999783	1	1	3	5	5	2	2
2999784	1	1	3	1	6	2	2
2999785	1	1	2	5	5	2	2
2999786	1	1	3	1	6	2	2
2999787	1	1	2	5	5	2	2
2999788	1	1	2	5	5	2	2
2999789	1	1	1	1	4	1	1
2999790	1	1	3	5	6	2	2
2999791	1	1	1	1	4	1	1
2999792	1	1	1	1	4	1	1
2999793	1	1	1	2	6	1	1
2999794	1	1	1	1	4	1	1
2999795	1	1	1	1	6	1	1
2999796	1	1	1	1	6	1	1
2999797	1	1	1	1	6	1	1
2999798	1	1	1	1	4	1	1
2999799	1	1	2	1	4	1	1
2999800	1	1	2	1	4	1	1
2999801	1	1	1	1	6	2	1
2999802	1	1	3	5	5	2	2
2999803	1	1	3	5	5	2	2
2999804	1	1	1	1	4	1	1
2999805	1	1	1	1	4	1	1
2999806	1	1	1	1	6	1	1
2999807	1	1	1	1	2	1	1
2999808	1	1	1	1	6	1	1
2999809	1	1	1	1	4	1	1
2999810	1	1	3	5	5	2	2
2999811	1	1	1	1	4	1	1
2999812	1	1	2	6	6	1	1
2999813	1	1	1	1	6	1	1
2999814	1	1	1	1	4	1	1
2999815	1	1	1	1	4	1	1
2999817	1	1	1	1	6	1	1
2999818	1	1	1	1	4	1	1
2999819	1	1	1	1	4	1	1
2999820	1	1	1	1	6	1	1
2999821	1	1	1	4	7	1	1
2999822	1	1	1	1	4	1	1
2999823	1	1	1	1	6	1	1
2999824	1	1	1	1	4	1	1
2999825	1	1	1	1	4	1	1
2999826	1	1	1	1	4	1	1
2999827	1	1	2	5	5	2	2
2999828	1	1	3	5	5	2	2
2999829	1	1	1	1	4	1	1
2999830	1	1	1	1	4	1	1
2999831	1	1	1	1	4	1	1
2999832	1	1	2	5	5	2	2
2999833	1	1	2	1	4	1	1
2999834	1	1	1	1	4	1	1
2999835	1	1	1	1	2	1	1
2999836	1	1	1	1	4	1	1
2999837	1	1	2	1	6	1	1
2999838	1	1	1	1	4	1	1
2999839	1	1	1	1	6	1	1
2999840	1	1	2	1	4	1	1
2999841	1	1	1	1	4	1	1
2999842	1	1	1	2	6	1	1
2999844	1	1	1	1	4	1	1
2999845	1	1	1	1	4	1	1
2999846	1	1	2	5	5	2	2
2999847	1	1	1	1	4	1	1
2999848	1	1	2	5	5	2	2
2999849	1	1	1	1	6	1	1
2999850	1	1	1	1	4	1	1
2999851	1	1	1	1	4	1	1
2999852	1	1	2	5	5	2	2
2999853	1	1	1	1	2	1	1
2999854	1	1	1	1	6	1	1
2999855	1	1	1	1	4	1	1
2999856	1	1	1	1	6	1	1
2999857	1	1	3	1	4	2	1
2999858	1	1	1	5	6	1	1
2999859	1	1	1	1	6	1	1
2999860	1	1	1	1	4	1	1
2999861	1	1	1	5	6	1	1
2999862	1	1	1	1	6	1	1
2999863	1	1	1	1	6	1	1
2999864	1	1	1	1	4	1	1
2999865	1	1	1	1	4	1	1
2999866	1	1	1	1	4	1	1
2999867	1	1	1	1	4	1	1
2999868	1	1	1	5	6	1	1
2999869	1	1	1	1	4	1	1
2999870	1	1	3	1	6	2	1
2999871	1	1	1	1	6	1	1
2999872	1	1	1	1	6	1	1
2999873	1	1	3	1	4	1	1
2999874	1	1	1	1	6	1	1
2999875	1	1	1	1	6	1	1
2999876	1	1	1	1	6	1	1
2999877	1	1	1	5	6	1	1
2999878	1	1	1	1	4	2	2
2999879	1	1	1	1	4	1	1
2999880	1	1	1	1	6	1	1
2999881	1	1	1	1	4	1	1
2999882	1	1	1	1	6	2	2
2999883	1	1	1	4	7	1	1
2999884	1	1	1	3	6	1	1
2999885	1	1	1	1	6	1	1
2999886	1	1	1	1	2	1	1
2999887	1	1	1	1	2	1	1
2999888	1	1	1	1	4	1	1
2999889	1	1	1	1	6	2	1
2999890	1	1	3	1	4	1	1
2999891	1	1	3	1	4	1	1
2999892	1	1	1	1	6	2	2
2999893	1	1	1	1	6	2	2
2999894	1	1	2	1	4	2	1
2999895	1	1	3	1	6	2	2
2999896	1	1	3	8	6	2	1
2999897	1	1	3	1	6	2	1
2999898	1	1	1	1	4	1	1
2999900	1	1	1	1	2	1	1
2999901	1	1	1	1	2	1	1
2999902	1	1	3	1	4	2	2
2999903	1	1	3	1	6	1	1
2999904	1	1	3	1	6	2	1
2999905	1	1	3	5	5	2	2
2999906	1	1	1	1	6	1	1
2999907	1	1	1	1	4	1	1
2999908	1	1	3	1	6	2	1
2999909	1	1	2	1	6	1	1
2999910	1	1	3	5	5	2	2
2999911	1	1	1	1	4	1	1
2999912	1	1	1	1	4	2	1
2999913	1	1	1	1	4	1	1
2999914	1	1	3	4	6	1	1
2999915	1	1	2	5	5	2	2
2999916	1	1	1	1	5	2	1
2999917	1	1	1	1	2	1	1
2999918	1	1	1	1	4	1	2
2999919	1	1	3	3	4	1	1
2999920	1	1	1	1	5	1	1
2999921	1	1	1	1	4	1	1
2999922	1	1	1	1	2	1	1
2999923	1	1	1	1	6	2	2
2999924	1	1	1	5	5	2	2
2999925	1	1	1	1	4	2	1
2999926	1	1	1	1	6	2	2
2999927	1	1	1	1	4	1	2
2999928	1	1	1	1	4	2	2
2999929	1	1	2	1	6	2	1
2999930	1	1	2	1	6	2	1
2999931	1	1	1	1	2	1	1
2999932	1	1	3	1	6	2	2
2999933	1	1	3	1	6	2	2
2999934	1	1	1	1	6	2	1
2999936	1	1	1	1	6	1	1
2999937	1	1	1	1	6	2	2
2999938	1	1	1	1	4	1	1
2999941	1	1	3	1	6	2	2
2999942	1	1	3	4	7	2	1
2999944	1	1	3	1	6	2	2
2999945	1	1	3	4	7	2	1
2999946	1	1	3	1	6	2	1
2999947	1	1	3	4	4	2	2
2999948	1	1	3	1	6	2	1
2999949	1	1	3	1	6	2	2
2999950	1	1	3	1	7	2	1
2999951	1	1	3	1	7	2	2
2999952	1	1	3	5	7	2	1
2999953	1	1	3	1	6	2	2
2999954	1	1	3	1	7	2	1
2999955	1	1	3	1	6	2	2
2999956	1	1	2	1	6	2	1
2999957	1	1	1	1	4	1	1
2999958	1	1	3	3	6	2	1
2999959	1	1	3	5	7	2	2
2999960	1	1	2	1	6	2	1
2999961	1	1	1	1	4	1	1
2999962	1	1	3	1	4	2	2
2999963	1	1	1	1	4	1	1
2999964	1	1	3	1	6	2	2
2999965	1	1	3	1	6	2	1
2999966	1	1	3	1	6	2	1
2999967	1	1	2	4	6	2	1
2999968	1	1	3	1	6	2	1
2999969	1	1	1	1	4	1	1
2999970	1	1	1	1	4	1	1
2999971	1	1	3	1	6	2	1
2999972	1	1	1	1	6	1	1
2999973	1	1	1	1	6	2	2
2999974	1	1	1	1	6	1	1
2999976	1	1	1	1	5	1	1
2999977	1	1	3	2	7	2	1
2999978	1	1	3	4	7	2	1
2999979	1	1	1	1	4	1	1
2999980	1	1	3	1	6	2	1
2999981	1	1	3	1	6	2	2
2999982	1	1	1	1	4	1	1
2999983	1	1	1	1	4	1	1
2999984	1	1	3	3	6	2	2
2999985	1	1	1	1	4	1	1
2999986	1	1	3	7	7	2	1
2999987	1	1	3	1	6	2	2
2999988	1	1	1	1	4	1	1
2999989	1	1	2	1	4	1	1
2999990	1	1	3	1	6	2	2
2999991	1	1	2	1	6	1	1
2999992	1	1	1	1	4	1	1
2999993	1	1	2	1	4	1	1
2999994	1	1	3	1	6	2	1
2999995	1	1	3	1	6	2	1
2999996	1	1	3	2	6	2	1
2999997	1	1	3	1	6	2	2
2999998	1	1	3	1	6	2	2
2999999	1	1	3	1	6	2	1
3000001	1	1	2	1	4	2	1
3000002	1	1	2	1	4	1	1
3000003	1	1	1	1	6	1	2
3000004	1	1	3	7	6	2	2
3000005	1	1	1	1	4	1	1
3000006	1	1	3	3	6	2	2
3000007	1	1	3	3	6	2	2
3000008	1	1	1	1	4	1	1
3000009	1	1	1	1	4	1	1
3000010	1	1	1	1	4	1	1
3000011	1	1	1	1	4	1	1
3000012	1	1	1	1	4	1	1
3000013	1	1	3	4	7	2	2
3000014	1	1	3	3	6	2	2
3000015	1	1	1	1	4	1	1
3000016	1	1	3	1	4	2	1
3000017	1	1	1	1	6	1	1
3000018	1	1	2	6	6	1	1
3000019	1	1	1	1	4	1	1
3000020	1	1	3	5	6	2	1
3000021	1	1	2	1	4	2	1
3000022	1	1	2	1	6	1	1
3000023	1	1	1	1	4	1	1
3000024	1	1	1	1	6	1	1
3000025	1	1	1	1	6	1	1
3000026	1	1	2	3	6	2	1
3000027	1	1	2	1	4	1	1
3000028	1	1	1	1	4	1	1
3000029	1	1	3	1	6	2	1
3000030	1	1	3	8	6	2	1
3000031	1	1	2	1	6	1	1
3000032	1	1	2	1	4	1	1
3000033	1	1	3	1	4	1	2
3000034	1	1	1	1	6	1	1
3000035	1	1	1	1	4	1	1
3000036	1	1	1	1	6	1	1
3000037	1	1	3	1	6	2	1
3000038	1	1	3	1	6	2	2
3000039	1	1	1	1	6	1	1
3000040	1	1	2	1	6	2	1
3000041	1	1	1	1	4	1	1
3000042	1	1	1	1	4	1	1
3000043	1	1	3	3	6	2	2
3000044	1	1	1	1	4	1	1
3000045	1	1	1	1	4	1	1
3000046	1	1	1	1	4	1	1
3000047	1	1	2	1	2	1	1
3000048	1	1	1	1	4	1	1
3000049	1	1	3	1	6	2	1
3000050	1	1	2	1	4	1	1
3000051	1	1	3	1	6	2	2
3000052	1	1	2	1	6	1	1
3000053	1	1	3	1	4	2	1
3000054	1	1	3	4	6	2	2
3000055	1	1	2	1	4	1	1
3000056	1	1	1	1	6	1	1
3000057	1	1	2	1	4	1	1
3000058	1	1	2	1	4	1	1
3000059	1	1	2	5	6	2	1
3000060	1	1	1	1	6	1	1
3000061	1	1	2	5	6	2	1
3000062	1	1	1	1	4	1	1
3000063	1	1	2	1	6	1	1
3000064	1	1	2	3	6	2	1
3000065	1	1	3	1	6	2	1
3000066	1	1	1	1	6	1	1
3000067	1	1	2	1	4	1	1
3000068	1	1	3	1	7	2	2
3000069	1	1	1	1	4	1	1
3000070	1	1	2	1	6	2	1
3000071	1	1	2	1	6	1	1
3000074	1	1	2	1	4	2	1
3000075	1	1	1	1	6	1	1
3000076	1	1	1	1	4	1	1
3000077	1	1	1	1	2	1	1
3000078	1	1	3	3	7	2	2
3000079	1	1	2	1	6	1	1
3000080	1	1	2	1	4	1	1
3000081	1	1	2	1	4	1	1
3000082	1	1	2	1	6	2	1
3000083	1	1	3	1	4	2	1
3000084	1	1	3	1	6	2	2
3000085	1	1	3	2	7	2	1
3000086	1	1	3	2	6	2	1
3000087	1	1	2	1	4	1	1
3000088	1	1	1	1	4	2	2
3000089	1	1	3	1	6	2	1
3000090	1	1	1	1	4	1	1
3000091	1	1	2	1	6	2	1
3000092	1	1	2	1	6	2	1
3000093	1	1	1	1	6	1	1
3000094	1	1	2	1	4	1	1
3000095	1	1	1	1	4	2	1
3000096	1	1	3	1	6	2	2
3000097	1	1	2	1	6	2	2
3000098	1	1	1	1	4	1	1
3000099	1	1	1	1	4	1	1
3000100	1	1	3	4	7	2	1
3000101	1	1	2	1	6	1	1
3000102	1	1	2	1	4	1	1
3000103	1	1	1	1	6	1	1
3000104	1	1	1	1	4	1	1
3000105	1	1	2	1	6	2	1
3000106	1	1	2	1	4	1	1
3000107	1	1	3	1	4	2	1
3000108	1	1	2	1	4	1	1
3000109	1	1	1	1	4	1	1
3000110	1	1	3	1	6	2	1
3000111	1	1	3	2	6	2	1
3000112	1	1	3	4	7	2	1
3000113	1	1	1	1	4	1	1
3000114	1	1	2	1	4	1	1
3000115	1	1	3	5	7	2	1
3000116	1	1	3	3	6	2	2
3000117	1	1	2	1	6	1	1
3000118	1	1	2	1	4	2	1
3000119	1	1	2	1	6	1	1
3000120	1	1	1	1	4	1	1
3000121	1	1	1	1	5	1	1
3000122	1	1	2	1	4	1	1
3000123	1	1	2	1	4	1	1
3000124	1	1	3	1	6	2	1
3000125	1	1	2	6	6	1	1
3000126	1	1	3	2	7	2	1
3000127	1	1	1	1	4	1	2
3000128	1	1	1	1	4	1	1
3000129	1	1	1	1	4	1	1
3000130	1	1	3	4	7	2	1
3000131	1	1	1	1	4	1	1
3000132	1	1	2	1	4	1	1
3000133	1	1	3	3	7	2	1
3000134	1	1	1	1	6	1	1
3000135	1	1	3	1	6	2	1
3000136	1	1	3	2	6	2	1
3000137	1	1	3	5	5	2	2
3000140	1	1	1	1	6	1	1
3000141	1	1	2	1	4	1	1
3000142	1	1	3	1	6	2	1
3000143	1	1	2	1	4	1	1
3000144	1	1	1	1	4	1	1
3000145	1	1	2	1	4	2	1
3000146	1	1	2	1	4	1	1
3000147	1	1	1	1	4	1	1
3000148	1	1	1	1	4	1	1
3000149	1	1	2	1	4	1	1
3000150	1	1	1	1	4	1	1
3000151	1	1	1	1	4	1	1
3000152	1	1	3	1	4	2	2
3000153	1	1	3	1	7	2	2
3000154	1	1	3	5	7	2	2
3000155	1	1	3	5	7	2	2
3000156	1	1	3	1	6	2	1
3000157	1	1	3	1	6	2	1
3000159	1	1	3	1	6	2	2
3000160	1	1	3	4	6	2	2
3000161	1	1	1	1	3	1	1
3000162	1	1	3	2	6	2	2
3000163	1	1	3	1	7	2	2
3000164	1	1	1	1	4	1	1
3000165	1	1	3	1	6	1	1
3000166	1	1	3	1	6	2	2
3000167	1	1	1	1	4	2	2
3000168	1	1	3	5	4	2	2
3000169	1	1	1	1	4	1	1
3000170	1	1	3	1	6	2	1
3000171	1	1	1	1	4	1	1
3000172	1	1	3	1	4	2	1
3000173	1	1	3	4	7	2	2
3000174	1	1	1	1	4	1	1
3000175	1	1	3	6	6	2	1
3000176	1	1	3	4	6	2	2
3000177	1	1	1	1	6	1	1
3000178	1	1	1	1	4	1	1
3000179	1	1	3	1	6	2	1
3000180	1	1	1	1	4	1	1
3000181	1	1	1	1	4	1	1
3000182	1	1	1	1	4	1	1
3000183	1	1	1	1	4	1	1
3000184	1	1	1	1	4	1	1
3000185	1	1	2	1	4	1	1
3000186	1	1	1	1	4	1	1
3000187	1	1	2	1	4	1	1
3000188	1	1	1	1	4	1	1
3000189	1	1	3	5	5	2	2
3000190	1	1	1	1	4	1	1
3000191	1	1	3	1	4	2	1
3000192	1	1	1	1	4	1	1
3000193	1	1	3	3	5	1	1
3000194	1	1	3	3	6	2	1
3000195	1	1	3	2	6	2	1
3000196	1	1	3	1	6	2	2
3000197	1	1	2	1	4	1	1
3000198	1	1	3	1	6	2	1
3000199	1	1	3	1	6	2	1
3000200	1	1	1	1	4	1	1
3000201	1	1	3	1	6	2	1
3000202	1	1	3	1	6	1	1
3000203	1	1	3	1	6	2	1
3000204	1	1	3	3	6	2	2
3000205	1	1	3	1	6	2	1
3000206	1	1	3	1	4	2	1
3000207	1	1	1	1	4	1	1
3000208	1	1	3	5	6	2	2
3000209	1	1	3	5	6	2	2
3000210	1	1	3	1	6	2	2
3000211	1	1	3	1	4	2	1
3000212	1	1	3	1	6	2	2
3000213	1	1	3	8	6	2	1
3000214	1	1	1	1	4	1	2
3000215	1	1	3	2	4	2	2
3000216	1	1	3	1	6	2	1
3000217	1	1	3	1	4	2	1
3000218	1	1	1	1	6	1	1
3000219	1	1	3	1	6	2	2
3000220	1	1	3	1	6	1	1
3000221	1	1	3	5	7	2	2
3000222	1	1	3	5	7	2	2
3000223	1	1	3	1	6	2	2
3000224	1	1	3	1	4	2	2
3000225	1	1	3	1	6	2	2
3000226	1	1	1	1	6	1	1
3000227	1	1	1	1	4	1	1
3000228	1	1	3	1	6	2	2
3000229	1	1	3	3	5	2	2
3000230	1	1	1	1	6	1	1
3000231	1	1	3	2	7	2	1
3000232	1	1	1	1	4	1	1
3000233	1	1	1	1	6	1	1
3000234	1	1	1	1	4	1	1
3000235	1	1	3	1	6	2	2
3000236	1	1	2	1	4	1	1
3000237	1	1	3	1	4	2	1
3000238	1	1	1	1	6	1	1
3000239	1	1	3	5	7	2	2
3000240	1	1	1	1	4	1	1
3000241	1	1	3	3	5	2	1
3000242	1	1	3	2	6	2	1
3000243	1	1	3	1	6	2	2
3000244	1	1	1	1	4	1	1
3000245	1	1	3	3	7	2	2
3000246	1	1	3	5	6	2	2
3000247	1	1	3	1	6	2	2
3000248	1	1	3	3	4	2	1
3000249	1	1	3	1	6	2	1
3000250	1	1	3	1	6	2	1
3000251	1	1	3	2	7	2	2
3000252	1	1	3	1	6	2	1
3000253	1	1	3	1	6	2	1
3000254	1	1	1	5	7	1	1
3000255	1	1	3	1	6	2	1
3000256	1	1	3	1	6	2	2
3000257	1	1	2	4	6	2	1
3000258	1	1	2	1	6	2	1
3000259	1	1	3	1	6	2	2
3000260	1	1	2	1	4	2	1
3000261	1	1	3	1	6	2	1
3000262	1	1	3	2	6	2	1
3000263	1	1	3	3	6	2	2
3000264	1	1	3	1	1	2	1
3000265	1	1	3	1	6	2	2
3000266	1	1	3	1	6	2	2
3000267	1	1	1	1	4	1	1
3000268	1	1	3	5	7	2	2
3000269	1	1	3	1	6	2	1
3000270	1	1	3	1	4	2	1
3000271	1	1	1	1	4	1	1
3000273	1	1	3	1	4	2	1
3000276	1	1	1	1	4	1	1
3000277	1	1	3	4	6	2	2
3000278	1	1	3	1	6	1	1
3000279	1	1	1	1	4	1	1
3000280	1	1	1	1	4	1	1
3000282	1	1	3	2	6	2	1
3000283	1	1	1	1	4	1	1
3000284	1	1	1	1	6	1	1
3000285	1	1	1	1	4	1	1
3000286	1	1	1	1	4	1	1
3000287	1	1	1	1	4	1	1
3000288	1	1	3	1	4	2	1
3000289	1	1	3	4	7	2	2
3000290	1	1	3	5	7	2	2
3000291	1	1	3	1	1	1	1
3000292	1	1	3	5	7	2	2
3000293	1	1	1	1	4	1	1
3000294	1	1	1	1	6	1	1
3000295	1	1	1	1	4	1	1
3000296	1	1	2	1	4	2	1
3000297	1	1	1	1	4	1	1
3000298	1	1	1	1	4	1	1
3000299	1	1	2	1	4	2	1
3000300	1	1	1	1	4	1	1
3000301	1	1	1	1	4	1	1
3000302	1	1	3	3	6	2	1
3000303	1	1	1	1	4	1	1
3000304	1	1	2	1	4	2	1
3000305	1	1	1	1	4	1	1
3000306	1	1	3	4	5	2	1
3000307	1	1	3	3	5	2	2
3000308	1	1	3	4	7	2	2
3000309	1	1	1	1	4	1	1
3000310	1	1	2	5	6	1	2
3000312	1	1	1	1	6	1	1
3000313	1	1	1	1	4	1	1
3000314	1	1	1	1	4	1	1
3000315	1	1	1	1	4	1	1
3000317	1	1	3	1	6	2	1
3000318	1	1	1	1	6	1	1
3000319	1	1	2	1	4	1	2
3000320	1	1	3	1	4	2	1
3000321	1	1	2	1	4	1	1
3000322	1	1	1	1	4	1	2
3000323	1	1	3	1	6	2	2
3000324	1	1	1	1	4	1	1
3000325	1	1	2	1	4	1	1
3000326	1	1	1	1	6	1	1
3000327	1	1	2	1	5	2	2
3000328	1	1	2	3	6	2	2
3000329	1	1	1	1	4	1	1
3000330	1	1	1	5	5	1	1
3000331	1	1	1	1	4	1	1
3000333	1	1	1	1	4	1	1
3000334	1	1	2	1	6	2	2
3000335	1	1	3	1	6	2	2
3000336	1	1	1	1	4	1	1
3000337	1	1	1	1	4	1	1
3000338	1	1	1	1	4	1	1
3000339	1	1	3	1	6	2	1
3000340	1	1	3	1	6	2	2
3000341	1	1	1	1	6	1	1
3000342	1	1	1	1	4	1	1
3000343	1	1	1	1	4	1	1
3000344	1	1	1	1	4	1	1
3000345	1	1	1	1	4	1	1
3000346	1	1	2	1	6	1	1
3000347	1	1	1	3	6	1	1
3000348	1	1	1	1	5	1	1
3000349	1	1	1	3	5	1	1
3000350	1	1	3	3	7	2	2
3000351	1	1	3	3	6	2	2
3000352	1	1	2	1	4	1	1
3000353	1	1	2	1	6	1	1
3000354	1	1	1	1	4	1	1
3000355	1	1	1	1	4	1	1
3000356	1	1	1	1	6	1	1
3000357	1	1	2	1	6	2	2
3000359	1	1	1	4	6	1	1
3000360	1	1	1	1	4	1	1
3000361	1	1	2	1	6	1	1
3000362	1	1	2	1	6	2	2
3000363	1	1	2	1	6	1	1
3000364	1	1	3	3	6	2	1
3000365	1	1	1	1	4	1	1
3000366	1	1	2	1	4	1	1
3000367	1	1	1	1	4	1	1
3000368	1	1	1	1	4	1	1
3000369	1	1	2	1	6	1	2
3000370	1	1	3	1	5	2	1
3000371	1	1	1	1	4	1	1
3000372	1	1	1	1	4	1	1
3000373	1	1	1	1	4	1	1
3000374	1	1	2	7	6	2	2
3000375	1	1	1	2	4	1	1
3000376	1	1	1	1	4	1	1
3000377	1	1	1	1	4	1	1
3000379	1	1	2	3	4	1	1
3000380	1	1	1	1	1	1	1
3000381	1	1	2	1	4	2	1
3000382	1	1	1	1	4	1	1
3000383	1	1	2	1	6	1	1
3000384	1	1	2	1	4	1	1
3000385	1	1	1	1	4	1	1
3000386	1	1	1	1	4	1	1
3000387	1	1	1	1	4	1	1
3000388	1	1	1	1	4	1	1
3000389	1	1	1	2	6	1	1
3000390	1	1	1	1	5	1	1
3000391	1	1	1	1	4	1	1
3000392	1	1	2	1	6	2	1
3000393	1	1	2	1	6	2	1
3000394	1	1	1	1	4	1	1
3000395	1	1	1	1	4	1	1
3000396	1	1	1	1	4	1	1
3000397	1	1	1	1	6	1	1
3000398	1	1	1	1	4	1	1
3000399	1	1	1	1	4	1	1
3000400	1	1	1	3	6	1	1
3000401	1	1	1	1	6	1	1
3000402	1	1	1	1	4	1	1
3000403	1	1	1	1	2	1	1
3000404	1	1	1	1	4	1	1
3000405	1	1	1	1	4	1	1
3000406	1	1	3	1	6	2	1
3000407	1	1	3	1	6	2	1
3000408	1	1	1	1	4	1	1
3000409	1	1	3	1	4	2	1
3000410	1	1	3	1	4	2	1
3000412	1	1	1	1	6	1	1
3000413	1	1	1	1	6	1	1
3000414	1	1	2	1	6	2	1
3000415	1	1	1	1	4	1	1
3000416	1	1	3	1	4	2	2
3000417	1	1	3	1	6	2	1
3000418	1	1	1	1	4	1	1
3000419	1	1	1	1	4	1	1
3000420	1	1	1	1	6	1	1
3000421	1	1	2	1	6	2	1
3000422	1	1	2	3	6	1	1
3000423	1	1	1	1	6	1	1
3000424	1	1	1	1	4	1	1
3000425	1	1	1	1	4	1	1
3000426	1	1	1	1	4	1	1
3000427	1	1	1	1	4	1	1
3000428	1	1	2	1	6	1	1
3000429	1	1	1	1	4	1	1
3000430	1	1	3	1	6	2	1
3000431	1	1	3	1	6	2	2
3000432	1	1	1	1	4	1	1
3000433	1	1	3	5	7	2	2
3000434	1	1	2	1	6	2	1
3000435	1	1	3	3	6	2	2
3000436	1	1	2	1	4	2	1
3000437	1	1	2	4	7	2	1
3000438	1	1	1	1	4	1	1
3000439	1	1	3	1	6	2	1
3000440	1	1	3	1	6	2	2
3000441	1	1	3	1	6	2	2
3000442	1	1	3	7	7	2	2
3000443	1	1	2	5	5	2	1
3000444	1	1	3	1	4	2	2
3000445	1	1	3	3	7	2	2
3000446	1	1	1	1	4	1	1
3000447	1	1	1	1	4	1	1
3000448	1	1	3	1	6	2	2
3000449	1	1	1	1	6	1	1
3000450	1	1	1	1	4	1	1
3000451	1	1	3	1	4	2	1
3000452	1	1	2	3	6	1	1
3000453	1	1	1	1	4	1	1
3000454	1	1	1	1	4	1	1
3000455	1	1	3	8	7	2	2
3000456	1	1	3	1	6	2	2
3000457	1	1	3	3	6	2	2
3000458	1	1	1	1	4	1	1
3000459	1	1	1	1	4	1	1
3000460	1	1	2	3	6	1	1
3000461	1	1	2	1	6	2	1
3000462	1	1	2	1	6	2	1
3000463	1	1	1	1	4	1	1
3000464	1	1	2	1	4	2	1
3000465	1	1	3	1	6	2	2
3000466	1	1	1	4	6	1	1
3000467	1	1	1	1	6	1	1
3000468	1	1	1	1	4	1	1
3000469	1	1	3	2	7	2	2
3000470	1	1	2	1	6	1	1
3000471	1	1	2	1	5	1	1
3000472	1	1	1	3	4	1	1
3000473	1	1	1	1	4	1	1
3000474	1	1	2	1	4	1	1
3000475	1	1	1	1	4	1	1
3000476	1	1	1	1	6	1	1
3000477	1	1	2	1	6	2	1
3000478	1	1	3	1	4	2	2
3000479	1	1	1	1	4	1	1
3000480	1	1	1	1	4	1	1
3000481	1	1	3	1	4	2	1
3000482	1	1	3	7	7	2	2
3000483	1	1	2	1	6	2	1
3000484	1	1	2	1	6	2	1
3000485	1	1	1	1	4	1	1
3000486	1	1	3	4	6	2	2
3000487	1	1	3	5	6	2	2
3000488	1	1	2	1	4	2	1
3000489	1	1	1	1	4	1	1
3000490	1	1	3	1	6	2	2
3000491	1	1	1	1	4	1	1
3000492	1	1	3	5	7	2	2
3000493	1	1	1	1	4	1	1
3000494	1	1	3	1	6	1	1
3000495	1	1	1	1	4	1	1
3000496	1	1	2	1	6	1	1
3000497	1	1	3	5	2	2	2
3000498	1	1	1	1	4	1	1
3000499	1	1	1	1	4	1	1
3000500	1	1	2	3	6	1	1
3000501	1	1	3	2	7	2	2
3000502	1	1	1	3	6	1	1
3000503	1	1	2	1	5	1	1
3000504	1	1	1	1	4	1	1
3000505	1	1	2	1	6	2	1
3000506	1	1	3	1	6	2	2
3000507	1	1	1	1	4	1	1
3000508	1	1	1	1	4	1	1
3000509	1	1	3	5	7	2	2
3000510	1	1	3	1	4	2	1
3000512	1	1	2	3	6	2	1
3000513	1	1	2	3	5	2	1
3000514	1	1	2	1	6	2	1
3000515	1	1	3	1	6	2	1
3000516	1	1	2	3	6	1	1
3000517	1	1	2	3	6	1	1
3000518	1	1	3	5	5	2	2
3000519	1	1	2	1	6	2	1
3000520	1	1	1	1	4	1	1
3000521	1	1	3	5	7	2	2
3000522	1	1	2	1	4	2	1
3000523	1	1	1	1	4	1	1
3000524	1	1	1	1	6	1	1
3000525	1	1	3	1	6	2	2
3000526	1	1	3	2	6	2	2
3000527	1	1	3	3	6	2	2
3000528	1	1	2	1	6	2	1
3000529	1	1	3	3	6	2	2
3000530	1	1	3	7	7	2	2
3000531	1	1	2	1	6	1	1
3000532	1	1	2	3	5	2	1
3000533	1	1	3	4	7	2	2
3000534	1	1	2	1	7	2	1
3000535	1	1	3	7	7	2	2
3000536	1	1	3	1	6	2	1
3000537	1	1	1	1	4	1	1
3000538	1	1	1	1	4	1	1
3000539	1	1	2	1	4	1	1
3000540	1	1	3	1	6	2	2
3000541	1	1	2	1	7	2	2
3000542	1	1	3	5	5	2	2
3000543	1	1	1	1	7	1	1
3000544	1	1	3	4	7	2	2
3000545	1	1	1	3	5	1	1
3000546	1	1	3	7	7	2	2
3000547	1	1	3	3	6	2	2
3000548	1	1	3	5	5	2	1
3000549	1	1	2	3	5	2	1
3000550	1	1	3	4	7	2	2
3000551	1	1	2	1	4	2	1
3000552	1	1	1	1	6	1	1
3000553	1	1	1	1	6	1	1
3000554	1	1	1	1	4	1	1
3000555	1	1	1	1	6	1	1
3000556	1	1	1	1	4	1	1
3000557	1	1	3	1	6	2	1
3000558	1	1	2	1	4	2	1
3000559	1	1	1	1	4	1	1
3000560	1	1	1	1	4	1	1
3000561	1	1	1	1	6	1	1
3000562	1	1	2	1	6	2	1
3000563	1	1	1	1	6	1	1
3000564	1	1	3	7	7	2	2
3000565	1	1	2	3	6	2	1
3000566	1	1	1	1	6	1	1
3000567	1	1	2	3	5	1	1
3000568	1	1	2	1	4	1	1
3000569	1	1	1	1	4	1	1
3000570	1	1	2	1	4	1	1
3000571	1	1	1	1	4	1	1
3000572	1	1	2	3	6	2	1
3000573	1	1	1	1	6	1	1
3000574	1	1	1	3	5	1	1
3000575	1	1	1	1	4	2	1
3000576	1	1	1	1	4	1	2
3000577	1	1	2	1	4	1	1
3000578	1	1	1	1	6	1	1
3000579	1	1	1	1	4	1	1
3000580	1	1	2	1	4	1	1
3000581	1	1	3	3	5	2	2
3000582	1	1	1	1	4	2	1
3000583	1	1	1	1	4	1	1
3000584	1	1	2	1	4	1	1
3000585	1	1	1	1	6	1	1
3000586	1	1	3	1	4	2	2
3000587	1	1	1	1	4	1	1
3000588	1	1	3	3	7	2	2
3000589	1	1	1	1	6	1	1
3000590	1	1	1	7	6	1	1
3000591	1	1	1	1	6	1	1
3000592	1	1	1	1	4	1	1
3000593	1	1	3	4	5	2	1
3000594	1	1	1	1	6	1	1
3000595	1	1	1	1	6	1	1
3000596	1	1	1	1	4	1	1
3000597	1	1	2	1	4	1	1
3000598	1	1	1	1	6	1	2
3000599	1	1	1	1	4	2	2
3000600	1	1	1	1	6	1	1
3000601	1	1	2	1	6	1	1
3000602	1	1	2	1	4	1	1
3000603	1	1	1	1	6	1	1
3000604	1	1	1	1	4	1	1
3000606	1	1	1	1	4	1	1
3000607	1	1	1	1	4	1	1
3000608	1	1	1	1	4	1	1
3000609	1	1	1	1	4	1	1
3000610	1	1	1	1	6	2	1
3000611	1	1	1	1	4	2	2
3000612	1	1	2	1	5	1	1
3000613	1	1	3	1	6	2	1
3000614	1	1	1	1	4	2	2
3000615	1	1	2	1	4	1	1
3000616	1	1	3	3	5	2	2
3000617	1	1	1	1	6	1	1
3000618	1	1	1	1	6	1	1
3000619	1	1	3	1	6	2	2
3000620	1	1	1	1	4	1	1
3000621	1	1	1	1	4	1	1
3000622	1	1	1	1	4	1	1
3000623	1	1	1	1	4	1	1
3000624	1	1	1	1	6	1	1
3000625	1	1	1	1	6	1	1
3000626	1	1	1	3	6	1	1
3000628	1	1	1	1	5	1	1
3000629	1	1	1	1	4	1	1
3000630	1	1	1	1	4	1	1
3000631	1	1	3	1	4	2	2
3000632	1	1	1	1	4	1	1
3000633	1	1	1	1	6	2	1
3000634	1	1	1	4	6	1	1
3000635	1	1	1	1	5	1	1
3000636	1	1	1	1	4	1	1
3000637	1	1	1	1	6	1	1
3000638	1	1	1	1	4	1	1
3000639	1	1	2	5	4	1	1
3000640	1	1	1	1	4	1	1
3000641	1	1	1	1	4	1	1
3000642	1	1	1	1	4	1	1
3000643	1	1	3	1	6	2	2
3000644	1	1	1	1	4	1	1
3000645	1	1	1	2	4	1	1
3000646	1	1	1	1	4	1	1
3000647	1	1	1	1	4	1	1
3000648	1	1	1	1	4	1	1
3000649	1	1	1	1	4	1	1
3000650	1	1	1	1	4	1	1
3000651	1	1	1	1	4	2	1
3000652	1	1	1	1	4	1	1
3000653	1	1	1	1	6	2	2
3000654	1	1	1	1	4	2	2
3000655	1	1	1	1	4	1	1
3000656	1	1	1	1	6	2	2
3000657	1	1	1	1	6	2	2
3000658	1	1	1	1	6	2	2
3000659	1	1	3	5	5	2	2
3000660	1	1	1	1	6	2	2
3000661	1	1	1	1	4	2	2
3000662	1	1	1	1	6	2	2
3000663	1	1	1	1	6	2	2
3000664	1	1	1	1	4	2	2
3000665	1	1	1	1	4	1	1
3000666	1	1	3	5	5	2	2
3000667	1	1	1	1	6	2	2
3000669	1	1	1	1	4	1	1
3000670	1	1	1	1	6	2	2
3000671	1	1	1	1	4	1	1
3000672	1	1	1	1	4	1	1
3000674	1	1	3	5	7	2	2
3000675	1	1	2	1	4	2	1
3000676	1	1	3	1	4	2	2
3000677	1	1	2	1	4	2	1
3000678	1	1	2	1	6	2	1
3000679	1	1	2	1	6	2	1
3000680	1	1	3	4	6	2	2
3000681	1	1	1	1	6	1	1
3000682	1	1	1	1	6	1	1
3000684	1	1	3	3	7	2	2
3000685	1	1	3	4	7	2	1
3000687	1	1	2	1	7	2	1
3000688	1	1	1	1	6	1	1
3000690	1	1	1	1	4	1	1
3000691	1	1	1	3	6	1	1
3000693	1	1	2	1	4	1	1
3000694	1	1	1	1	6	2	1
3000695	1	1	1	1	4	1	1
3000696	1	1	2	1	6	1	1
3000697	1	1	2	1	4	2	1
3000699	1	1	3	1	6	2	1
3000700	1	1	1	1	4	1	1
3000701	1	1	1	1	4	1	1
3000703	1	1	2	3	2	1	1
3000704	1	1	3	3	5	2	2
3000706	1	1	1	1	4	1	1
3000708	1	1	1	1	4	1	1
3000709	1	1	2	1	6	2	1
3000710	1	1	1	1	4	1	1
3000711	1	1	2	1	4	1	1
3000712	1	1	2	1	4	1	1
3000714	1	1	2	1	6	2	1
3000715	1	1	2	1	6	2	1
3000716	1	1	2	4	5	1	1
3000717	1	1	2	1	6	2	1
3000718	1	1	1	1	6	1	1
3000719	1	1	3	3	6	2	2
3000721	1	1	1	1	4	1	1
3000722	1	1	1	1	4	2	1
3000723	1	1	3	5	7	2	2
3000724	1	1	1	1	4	1	1
3000725	1	1	2	1	4	2	1
3000726	1	1	3	5	5	2	2
3000727	1	1	1	1	4	1	1
3000728	1	1	2	1	6	1	1
3000731	1	1	3	3	5	2	2
3000732	1	1	2	1	6	1	1
3000733	1	1	1	1	4	1	1
3000735	1	1	3	5	5	2	2
3000736	1	1	2	1	5	2	1
3000737	1	1	3	1	6	1	1
3000738	1	1	3	1	4	2	1
3000739	1	1	3	4	7	2	2
3000742	1	1	3	3	7	2	2
3000745	1	1	3	1	4	2	2
3000746	1	1	2	3	5	1	1
3000747	1	1	3	1	6	2	2
3000748	1	1	1	1	4	1	1
3000749	1	1	2	1	6	1	1
3000750	1	1	3	1	6	2	2
3000751	1	1	3	7	5	2	2
3000752	1	1	2	4	5	1	1
3000753	1	1	3	1	6	2	2
3000754	1	1	1	1	4	1	1
3000755	1	1	3	5	5	2	2
3000756	1	1	2	1	4	2	1
3000757	1	1	1	1	4	1	1
3000758	1	1	3	1	6	1	1
3000759	1	1	1	1	4	1	1
3000760	1	1	3	1	6	2	1
3000761	1	1	3	9	7	2	2
3000762	1	1	1	1	6	1	1
3000763	1	1	1	1	4	1	1
3000764	1	1	1	1	6	1	1
3000765	1	1	1	1	4	2	2
3000766	1	1	1	1	4	1	1
3000767	1	1	1	1	4	1	1
3000768	1	1	1	1	4	1	1
3000770	1	1	1	1	4	1	1
3000774	1	1	2	1	4	2	1
3000778	1	1	1	1	4	1	1
3000780	1	1	1	1	6	1	1
3000781	1	1	1	1	2	1	1
3000782	1	1	1	1	4	1	1
3000784	1	1	1	8	7	1	1
3000785	1	1	2	1	4	2	1
3000786	1	1	1	1	4	1	1
3000787	1	1	2	1	6	1	1
3000789	1	1	2	1	4	2	1
3000790	1	1	1	1	4	1	1
3000791	1	1	1	1	4	1	1
3000792	1	1	1	1	6	1	1
3000793	1	1	1	1	6	1	1
3000794	1	1	1	1	4	2	2
3000795	1	1	1	1	6	1	1
3000796	1	1	2	8	6	2	1
3000797	1	1	1	1	6	1	1
3000803	1	1	2	1	6	2	1
3000804	1	1	1	1	6	2	2
3000807	1	1	2	1	4	1	1
3000810	1	1	2	1	6	1	1
3000811	1	1	2	5	6	1	1
3000814	1	1	2	1	6	1	1
3000818	1	1	1	1	4	2	2
3000819	1	1	1	1	3	1	1
3000822	1	1	1	1	6	1	1
3000823	1	1	2	1	6	2	1
3000832	1	1	2	1	4	1	1
3000833	1	1	1	1	4	1	1
3000834	1	1	1	1	6	1	1
3000835	1	1	2	1	6	2	1
3000836	1	1	2	3	6	1	1
3000837	1	1	2	1	6	2	1
3000839	1	1	1	1	6	1	1
3000842	1	1	1	1	6	1	1
3000845	1	1	1	1	4	1	1
3000849	1	1	1	1	4	1	1
3000853	1	1	1	1	5	1	1
3000854	1	1	1	1	4	1	1
3000855	1	1	2	1	4	2	1
3000856	1	1	1	1	4	1	1
3000860	1	1	1	1	4	1	1
3000862	1	1	1	1	4	1	1
3000863	1	1	1	1	4	1	1
3000864	1	1	1	1	4	1	1
3000865	1	1	1	1	6	1	1
3000866	1	1	1	1	5	2	2
3000867	1	1	1	1	3	1	1
3000868	1	1	1	1	4	1	1
3000869	1	1	1	1	4	1	1
3000870	1	1	1	1	4	2	1
3000871	1	1	1	1	4	1	1
3000872	1	1	2	1	6	2	1
3000873	1	1	1	1	4	1	1
3000874	1	1	1	1	3	1	1
3000875	1	1	2	1	6	2	1
3000876	1	1	1	1	2	1	1
3000877	1	1	2	1	6	2	2
3000878	1	1	3	3	7	2	2
3000879	1	1	1	1	4	1	1
3000880	1	1	1	1	6	1	1
3000881	1	1	1	1	4	1	1
3000882	1	1	1	1	4	1	1
3000883	1	1	3	4	7	2	2
3000884	1	1	3	3	7	2	2
3000885	1	1	3	1	4	2	1
3000888	1	1	3	4	7	2	2
3000897	1	1	1	1	4	1	1
3000899	1	1	1	1	6	1	1
3000900	1	1	3	1	6	1	1
3000901	1	1	3	3	6	2	2
3000902	1	1	1	1	6	1	1
3000903	1	1	3	1	6	2	2
3000904	1	1	3	1	4	2	1
3000905	1	1	1	1	6	1	1
3000907	1	1	1	1	6	1	1
3000908	1	1	3	1	6	2	2
3000909	1	1	2	1	2	1	1
3000911	1	1	2	1	4	1	1
3000912	1	1	3	1	6	2	2
3000913	1	1	1	1	6	1	1
3000914	1	1	2	1	4	1	1
3000915	1	1	2	1	4	1	1
3000916	1	1	3	1	6	1	1
3000917	1	1	1	1	4	1	1
3000918	1	1	1	1	4	1	1
3000919	1	1	3	1	4	2	1
3000920	1	1	1	1	4	1	1
3000921	1	1	1	1	4	1	1
3000922	1	1	1	1	4	1	1
3000923	1	1	1	1	6	1	1
3000924	1	1	1	4	5	1	1
3000925	1	1	1	1	4	1	1
3000926	1	1	1	1	4	1	1
3000927	1	1	1	1	4	1	1
3000928	1	1	2	1	6	1	1
3000929	1	1	1	1	4	1	1
3000931	1	1	1	1	3	1	1
3000932	1	1	3	4	7	2	1
3000933	1	1	1	1	4	1	1
3000935	1	1	3	1	6	2	1
3000937	1	1	3	3	6	2	2
3000938	1	1	3	3	5	2	1
3000940	1	1	1	1	4	1	1
3000941	1	1	3	3	6	2	2
3000942	1	1	1	1	4	1	1
3000943	1	1	1	1	4	1	1
3000944	1	1	1	1	4	1	1
3000945	1	1	1	1	4	1	1
3000946	1	1	1	1	4	1	1
3000947	1	1	1	1	4	1	1
3000948	1	1	1	1	4	1	1
3000949	1	1	1	1	4	1	1
3000950	1	1	1	1	6	1	1
3000951	1	1	1	1	4	1	1
3000952	1	1	1	1	6	1	1
3000953	1	1	1	1	4	1	1
3000954	1	1	1	1	4	1	1
3000955	1	1	1	1	6	1	1
3000956	1	1	1	1	4	1	1
3000957	1	1	1	1	4	1	1
3000958	1	1	1	1	6	2	1
3000961	1	1	3	1	6	2	2
3000962	1	1	3	2	7	2	2
3000963	1	1	3	1	4	2	2
3000964	1	1	1	1	4	1	1
3000965	1	1	1	1	3	1	1
3000968	1	1	1	1	4	1	1
3000969	1	1	2	1	4	1	1
3003126	1	1	2	1	6	2	1
3003127	1	1	1	1	4	1	1
3003128	1	1	1	1	4	1	1
3003129	1	1	2	1	4	1	1
3003130	1	1	2	3	6	1	1
3003131	1	1	1	3	6	1	1
3003132	1	1	2	1	6	1	1
3003137	1	1	1	6	6	1	1
3003138	1	1	1	1	4	2	2
3003139	1	1	1	1	4	1	1
3003143	1	1	1	1	4	1	1
3003145	1	1	1	1	6	1	1
3003150	1	1	1	1	4	1	1
3003151	1	1	3	1	6	2	1
3003152	1	1	1	1	4	1	1
3003153	1	1	3	1	7	2	1
3003154	1	1	1	1	5	1	1
3003156	1	1	1	1	1	1	1
3003157	1	1	3	3	6	2	2
3003158	1	1	1	1	4	1	1
3003166	1	1	1	1	4	1	1
3003167	1	1	1	1	6	1	1
3003170	1	1	3	5	7	2	2
3003177	1	1	1	1	6	1	1
3003178	1	1	1	5	6	1	1
3003179	1	1	1	1	6	1	1
3003180	1	1	1	1	6	1	1
3003181	1	1	1	1	6	1	1
3003182	1	1	1	1	6	1	1
3003183	1	1	1	1	4	1	1
3003184	1	1	1	1	6	1	2
3003191	1	1	1	1	4	1	1
3003193	1	1	1	1	4	1	1
3003194	1	1	3	1	7	2	1
3003195	1	1	1	1	6	1	1
3003196	1	1	1	1	6	1	1
3003200	1	1	1	1	4	1	1
3003201	1	1	1	1	4	1	1
3003202	1	1	1	3	5	1	1
3003203	1	1	1	5	7	1	1
3003204	1	1	3	2	6	2	1
3003207	1	1	1	1	6	1	1
3003208	1	1	1	5	7	1	1
3003209	1	1	1	1	6	1	1
3003210	1	1	1	5	6	1	1
3003212	1	1	1	1	6	1	1
3003217	1	1	1	1	6	1	1
3003221	1	1	1	1	4	1	1
3003222	1	1	2	1	6	2	1
3003223	1	1	3	1	6	2	1
3003225	1	1	1	1	6	1	1
3003226	1	1	2	1	6	1	2
3003227	1	1	3	1	4	2	1
3003232	1	1	1	1	6	1	1
3003234	1	1	1	1	4	1	1
3003235	1	1	1	1	4	1	1
3003242	1	1	1	1	6	1	1
3003243	1	1	1	1	6	1	1
3003244	1	1	2	5	5	2	2
3003245	1	1	1	1	6	1	1
3003247	1	1	2	5	5	2	2
3003248	1	1	1	1	6	2	1
3003251	1	1	2	5	5	2	2
3003252	1	1	1	1	4	1	1
3003253	1	1	2	5	5	2	2
3003254	1	1	2	5	5	2	2
3003255	1	1	1	1	6	1	1
3003267	1	1	1	1	7	2	1
3003268	1	1	1	5	6	2	1
3003269	1	1	1	5	6	2	1
3003270	1	1	1	1	4	1	1
3003271	1	1	1	1	6	2	1
3003272	1	1	1	5	6	2	1
3003273	1	1	1	5	6	2	1
3003274	1	1	1	1	4	1	1
3003276	1	1	3	1	4	2	1
3003277	1	1	2	1	6	2	1
3003278	1	1	2	1	6	1	1
3003279	1	1	2	1	6	2	1
3003288	1	1	1	1	6	2	1
3003289	1	1	1	1	6	2	1
3003290	1	1	3	1	6	2	1
3003291	1	1	1	1	6	1	1
3003292	1	1	1	1	4	1	1
3003298	1	1	1	1	4	1	1
3003299	1	1	2	7	6	1	1
3003300	1	1	2	1	4	1	1
3003303	1	1	2	1	7	2	1
3003304	1	1	2	1	6	2	1
3003305	1	1	2	1	6	2	1
3003309	1	1	1	1	4	1	1
3003310	1	1	3	3	7	2	1
3003311	1	1	2	4	6	2	1
3003312	1	1	2	3	4	1	1
3003313	1	1	2	1	4	1	1
3003314	1	1	2	1	4	1	1
3003316	1	1	2	1	6	2	1
3003317	1	1	2	4	6	1	1
3003335	1	1	1	1	4	1	1
3003336	1	1	1	1	4	2	1
3003337	1	1	2	1	6	1	1
3003339	1	1	2	1	4	1	1
3003340	1	1	3	5	7	2	1
3003341	1	1	3	5	7	2	2
3003342	1	1	3	5	7	2	1
3003343	1	1	3	5	7	2	1
3003344	1	1	3	5	7	2	2
3003345	1	1	3	5	7	2	1
3003347	1	1	3	5	6	2	2
3003348	1	1	3	5	7	2	2
3003349	1	1	3	5	7	2	2
3003354	1	1	3	6	4	2	1
3003355	1	1	3	6	6	2	1
3003358	1	1	3	1	4	2	1
3003365	1	1	3	5	7	2	2
3003370	1	1	1	5	7	2	1
3003371	1	1	1	5	7	2	1
3003379	1	1	1	1	4	1	1
3003380	1	1	1	1	4	1	1
3003401	1	1	1	1	6	1	1
3003405	1	1	1	1	4	1	1
3003407	1	1	1	1	4	1	1
3003408	1	1	1	1	6	1	1
3003409	1	1	1	1	6	1	1
3003411	1	1	1	1	6	1	1
3003415	1	1	1	1	4	1	1
3003419	1	1	1	1	4	1	1
3003422	1	1	1	1	6	1	1
3003434	1	1	1	1	4	1	1
3003436	1	1	1	1	7	1	1
3003438	1	1	2	2	6	1	1
3003442	1	1	3	5	6	2	1
3003445	1	1	1	1	6	1	1
3003446	1	1	1	1	4	1	1
3003447	1	1	3	1	6	2	2
3003452	1	1	1	1	4	1	1
3003453	1	1	1	1	4	1	1
3003454	1	1	1	1	4	1	1
3003455	1	1	1	1	7	1	1
3003457	1	1	1	1	4	1	1
3003458	1	1	1	1	6	1	1
3003459	1	1	1	1	6	1	1
3003463	1	1	3	1	6	2	1
3003464	1	1	3	5	5	2	2
3003465	1	1	1	1	4	1	1
3003466	1	1	3	1	6	2	2
3003468	1	1	3	5	5	2	2
3003469	1	1	3	1	6	2	1
3003470	1	1	3	4	6	2	2
3003480	1	1	2	1	6	2	1
3003486	1	1	3	1	6	2	1
3003487	1	1	3	2	6	2	1
3003492	1	1	3	1	6	2	1
3003493	1	1	3	1	6	2	1
3003496	1	1	3	1	6	2	1
3003499	1	1	1	1	6	1	1
3003500	1	1	2	5	5	2	2
3003501	1	1	3	1	6	2	1
3003502	1	1	2	5	5	2	2
3003503	1	1	1	1	4	1	1
3003505	1	1	1	1	6	1	1
3003507	1	1	2	1	7	2	1
3003508	1	1	2	6	5	2	2
3003509	1	1	2	5	5	2	2
3003510	1	1	2	1	5	2	2
3003511	1	1	2	5	5	2	2
3003514	1	1	3	1	6	2	1
3003515	1	1	2	5	5	2	2
3003516	1	1	1	1	4	1	1
3003524	1	1	1	1	4	1	1
3003540	1	1	2	5	5	2	2
3003541	1	1	1	1	4	1	1
3003543	1	1	1	1	6	1	1
3003548	1	1	2	5	5	2	2
3003556	1	1	1	1	4	1	1
3003570	1	1	2	5	6	2	2
3003571	1	1	2	5	5	2	2
3003574	1	1	2	5	5	2	2
3003579	1	1	1	1	4	1	1
3003586	1	1	2	5	5	2	2
3003590	1	1	2	5	5	2	2
3003593	1	1	1	1	4	1	1
3003596	1	1	1	1	4	2	1
3003601	1	1	1	1	4	1	1
3003602	1	1	1	1	4	1	1
3003603	1	1	2	5	5	2	2
3003608	1	1	1	1	4	1	1
3003609	1	1	1	1	4	1	1
3003618	1	1	2	5	5	2	2
3003619	1	1	2	5	5	2	2
3003620	1	1	2	1	6	2	2
3003622	1	1	2	1	6	2	2
3003623	1	1	2	1	6	2	2
3003624	1	1	2	1	6	2	2
3003625	1	1	2	1	6	2	2
3003628	1	1	1	1	4	1	1
3003629	1	1	1	1	4	1	1
3003632	1	1	1	1	4	1	1
3003633	1	1	1	1	4	1	1
3003634	1	1	3	4	6	2	2
3003635	1	1	3	4	7	2	2
3003636	1	1	3	1	7	2	1
3003637	1	1	3	1	6	2	2
3003638	1	1	3	1	4	2	2
3003640	1	1	3	5	5	2	2
3003643	1	1	3	5	5	2	2
3003645	1	1	3	4	6	2	1
3003648	1	1	3	4	7	2	2
3003649	1	1	3	1	6	2	1
3003650	1	1	1	1	4	1	1
3003651	1	1	1	1	6	1	1
3003652	1	1	1	1	4	1	1
3003653	1	1	1	1	4	1	1
3003654	1	1	1	1	4	1	1
3003655	1	1	3	4	5	2	2
3003656	1	1	1	1	4	1	1
3003657	1	1	3	1	6	2	1
3003659	1	1	1	1	4	1	1
3003660	1	1	3	3	7	2	1
3003661	1	1	3	4	6	2	2
3003664	1	1	1	1	4	1	1
3003667	1	1	3	1	7	2	2
3003668	1	1	3	1	6	2	1
3003670	1	1	3	3	6	2	2
3003671	1	1	1	1	6	1	1
3003673	1	1	3	5	5	2	2
3003675	1	1	3	5	5	2	2
3003676	1	1	3	5	2	2	2
3003677	1	1	3	1	6	2	2
3003679	1	1	3	1	7	2	2
3003682	1	1	1	1	4	1	1
3003683	1	1	3	1	4	2	1
3003684	1	1	3	4	7	2	2
3003685	1	1	3	4	7	2	2
3003689	1	1	3	3	6	2	2
3003692	1	1	1	1	4	1	1
3003693	1	1	3	1	6	2	1
3003694	1	1	3	4	7	2	2
3003695	1	1	3	1	6	2	1
3003696	1	1	1	1	4	2	2
3003697	1	1	1	1	4	1	1
3003698	1	1	3	5	7	2	2
3003699	1	1	3	1	6	2	2
3003707	1	1	1	1	4	1	1
3003708	1	1	1	1	6	2	1
3003709	1	1	1	1	4	1	1
3003710	1	1	3	5	5	2	2
3003711	1	1	3	1	4	2	1
3003712	1	1	1	1	4	1	1
3003713	1	1	3	4	7	2	2
3003714	1	1	3	1	6	2	1
3003715	1	1	1	1	4	1	1
3003716	1	1	1	1	4	1	1
3003717	1	1	1	1	4	1	1
3003718	1	1	1	1	4	1	1
3003719	1	1	1	1	4	1	1
3003721	1	1	1	1	4	1	1
3003722	1	1	3	1	4	1	1
3003723	1	1	3	1	4	1	1
3003724	1	1	1	1	3	1	1
3003725	1	1	3	1	6	2	2
3003726	1	1	3	1	6	2	2
3003727	1	1	3	1	6	1	1
3003728	1	1	3	5	5	2	2
3003729	1	1	3	5	5	2	2
3003730	1	1	3	5	5	2	2
3003731	1	1	3	8	6	2	1
3003732	1	1	3	1	6	2	1
3003733	1	1	3	1	6	2	1
3003734	1	1	3	1	6	2	1
3003735	1	1	3	1	6	2	1
3003736	1	1	3	1	6	2	2
3003737	1	1	3	5	6	2	2
3003738	1	1	3	5	5	2	2
3003739	1	1	3	1	6	1	1
3003740	1	1	1	1	6	1	1
3003741	1	1	3	4	7	2	2
3003742	1	1	1	1	4	1	1
3003743	1	1	3	1	6	1	1
3003744	1	1	3	8	7	2	2
3003745	1	1	3	1	4	1	1
3003746	1	1	1	1	4	1	1
3003747	1	1	3	4	7	2	2
3003749	1	1	1	1	4	1	1
3003750	1	1	3	8	6	2	2
3003751	1	1	3	1	6	1	1
3003752	1	1	3	5	7	2	2
3003753	1	1	3	1	6	1	1
3003754	1	1	2	1	6	2	1
3003755	1	1	3	1	6	2	1
3003756	1	1	3	3	7	2	2
3003758	1	1	3	5	5	2	2
3003759	1	1	3	5	5	2	2
3003760	1	1	3	1	6	2	2
3003761	1	1	3	1	6	1	1
3003762	1	1	1	1	6	1	1
3003763	1	1	3	1	6	2	1
3003765	1	1	2	1	6	2	1
3003766	1	1	2	1	6	2	1
3003767	1	1	3	2	6	2	1
3003768	1	1	2	1	6	2	1
3003769	1	1	2	1	6	2	1
3003770	1	1	2	1	6	2	1
3003771	1	1	3	1	6	1	1
3003773	1	1	2	1	6	2	1
3003774	1	1	2	1	6	2	1
3003775	1	1	3	1	6	1	1
3003776	1	1	2	1	6	2	1
3003777	1	1	2	7	6	2	1
3003778	1	1	2	4	7	2	1
3003779	1	1	3	4	7	2	2
3003780	1	1	3	2	6	1	1
3003781	1	1	3	1	6	2	1
3003782	1	1	3	4	6	2	2
3003783	1	1	2	1	6	2	1
3003784	1	1	2	1	6	2	2
3003786	1	1	3	3	7	2	1
3003787	1	1	3	5	6	2	2
3003789	1	1	3	1	5	1	1
3003793	1	1	1	1	4	1	1
3003802	1	1	3	5	7	2	2
3003803	1	1	3	1	4	1	1
3003806	1	1	1	1	4	1	1
3003807	1	1	3	1	6	2	1
3003810	1	1	3	1	6	2	1
3003814	1	1	3	1	6	2	1
3003818	1	1	1	1	4	1	1
3003819	1	1	3	1	4	1	1
3003823	1	1	3	1	6	2	1
3003824	1	1	1	1	4	1	1
3003826	1	1	3	1	6	2	1
3003827	1	1	3	1	6	2	2
3003829	1	1	1	1	4	1	1
3003830	1	1	3	5	5	2	2
3003833	1	1	1	1	4	1	1
3003834	1	1	1	1	4	1	1
3003835	1	1	1	1	4	1	1
3003836	1	1	3	1	6	2	1
3003837	1	1	1	1	4	1	1
3003838	1	1	1	1	4	1	1
3003839	1	1	2	1	6	1	1
3003840	1	1	1	1	4	1	1
3003844	1	1	1	1	4	1	1
3003845	1	1	2	4	7	2	1
3003846	1	1	2	1	6	2	1
3003847	1	1	1	1	4	1	1
3003848	1	1	1	1	4	1	1
3003849	1	1	3	4	6	2	2
3003850	1	1	1	1	4	1	1
3003851	1	1	3	1	6	2	2
3003852	1	1	1	1	6	2	1
3003853	1	1	3	3	6	2	1
3003854	1	1	1	1	6	2	2
3003855	1	1	1	1	6	2	2
3003856	1	1	2	4	7	2	1
3003857	1	1	3	5	5	2	2
3003858	1	1	3	4	6	2	2
3003859	1	1	3	5	5	2	2
3003860	1	1	1	1	4	1	1
3003861	1	1	2	1	4	2	1
3003862	1	1	3	1	7	2	1
3003863	1	1	3	4	7	2	1
3003864	1	1	1	1	7	2	2
3003865	1	1	3	4	6	2	1
3003866	1	1	1	1	4	1	1
3003867	1	1	1	1	6	2	2
3003868	1	1	2	4	6	2	1
3003869	1	1	1	1	4	1	1
3003870	1	1	3	1	4	2	2
3003871	1	1	3	1	6	2	2
3003872	1	1	3	1	6	2	2
3003873	1	1	2	1	6	2	1
3003874	1	1	1	1	4	1	1
3003875	1	1	1	1	6	2	2
3003876	1	1	1	1	4	1	1
3003877	1	1	1	1	4	1	1
3003878	1	1	1	1	4	1	1
3003879	1	1	3	1	6	2	1
3003880	1	1	1	1	4	1	1
3003881	1	1	1	1	4	1	1
3003882	1	1	2	1	4	2	1
3003883	1	1	3	1	6	2	2
3003884	1	1	3	2	6	2	1
3003885	1	1	1	1	6	2	2
3003886	1	1	2	1	6	2	1
3003887	1	1	2	1	4	2	1
3003888	1	1	1	1	4	1	1
3003889	1	1	3	1	4	2	1
3003890	1	1	3	2	7	2	2
3003891	1	1	3	1	7	2	1
3003892	1	1	2	1	6	2	1
3003893	1	1	1	1	4	1	1
3003894	1	1	1	1	6	1	1
3003895	1	1	1	1	6	2	2
3003896	1	1	2	1	6	2	1
3003897	1	1	3	1	6	2	1
3003898	1	1	1	1	7	1	1
3003899	1	1	3	5	5	2	2
3003900	1	1	3	5	5	2	2
3003901	1	1	1	4	7	2	2
3003902	1	1	3	1	6	2	2
3003903	1	1	1	1	4	1	1
3003904	1	1	1	1	6	2	2
3003905	1	1	3	1	6	2	2
3003906	1	1	3	1	6	2	1
3003907	1	1	3	1	6	2	2
3003908	1	1	1	1	4	1	1
3003909	1	1	3	4	7	2	2
3003910	1	1	3	1	6	2	1
3003912	1	1	1	1	6	2	2
3003913	1	1	3	3	6	2	2
3003914	1	1	1	1	4	1	1
3003916	1	1	3	1	6	2	2
3003919	1	1	2	3	6	2	1
3003920	1	1	2	4	7	2	1
3003921	1	1	3	1	6	2	1
3003922	1	1	3	4	7	2	2
3003923	1	1	3	4	7	2	1
3003924	1	1	1	1	4	1	1
3003925	1	1	3	1	6	2	1
3003926	1	1	1	1	6	2	2
3003927	1	1	3	1	6	2	1
3003929	1	1	2	4	7	2	1
3003930	1	1	1	1	4	1	1
3003931	1	1	3	1	6	2	1
3003933	1	1	1	1	4	1	1
3003934	1	1	1	1	7	1	1
3003935	1	1	3	1	4	2	1
3003936	1	1	3	3	6	2	2
3003937	1	1	3	4	6	2	2
3003938	1	1	1	1	6	1	1
3003941	1	1	1	1	4	2	1
3003942	1	1	1	1	6	2	1
3003943	1	1	1	1	6	2	1
3003944	1	1	1	1	4	1	1
3003945	1	1	1	1	6	2	1
3003946	1	1	1	1	4	1	1
3003948	1	1	1	1	4	2	1
3003949	1	1	1	1	4	2	1
3003952	1	1	1	1	4	2	1
3003953	1	1	1	1	4	1	1
3003954	1	1	1	1	4	1	1
3003955	1	1	1	1	7	1	1
3003956	1	1	1	1	6	2	1
3003957	1	1	1	1	6	1	1
3003959	1	1	1	1	6	2	1
3003960	1	1	1	1	4	1	1
3003961	1	1	3	1	7	2	2
3003962	1	1	3	5	7	2	2
3003963	1	1	3	1	7	2	2
3003964	1	1	3	4	7	2	2
3003965	1	1	3	4	7	2	2
3003966	1	1	3	5	7	2	2
3003967	1	1	1	1	4	1	1
3003968	1	1	3	4	7	2	2
3003969	1	1	3	5	6	2	2
3003970	1	1	3	1	6	2	1
3003971	1	1	3	1	6	2	2
3003972	1	1	3	1	6	2	1
3003973	1	1	1	1	6	1	1
3003974	1	1	1	1	5	1	1
3003976	1	1	3	1	6	2	2
3003977	1	1	3	4	7	2	1
3003978	1	1	3	1	6	2	1
3003979	1	1	3	4	7	2	2
3003980	1	1	3	1	4	2	1
3003981	1	1	1	1	4	1	1
3003982	1	1	3	1	6	2	1
3003983	1	1	3	5	5	2	2
3003984	1	1	1	1	4	1	1
3003985	1	1	1	1	6	1	1
3003986	1	1	3	1	7	2	1
3003987	1	1	3	3	6	2	1
3003988	1	1	3	1	6	2	1
3003989	1	1	1	1	6	1	1
3003990	1	1	1	1	4	1	1
3003991	1	1	3	1	6	2	1
3003992	1	1	3	4	7	2	2
3003993	1	1	3	4	7	2	2
3003995	1	1	3	2	6	2	1
3003996	1	1	3	1	6	2	1
3003997	1	1	3	4	7	2	1
3003998	1	1	1	1	6	1	1
3003999	1	1	3	1	6	2	1
3004000	1	1	3	5	7	2	1
3004001	1	1	1	1	4	2	2
3004002	1	1	3	4	7	2	2
3004003	1	1	1	1	3	1	1
3004004	1	1	1	1	4	1	1
3004005	1	1	3	1	6	2	1
3004006	1	1	3	1	6	2	1
3004007	1	1	3	1	6	2	1
3004008	1	1	3	1	6	2	2
3004009	1	1	3	3	6	2	1
3004010	1	1	3	1	6	2	2
3004011	1	1	1	1	4	1	1
3004012	1	1	3	1	6	2	2
3004013	1	1	1	1	6	1	1
3004014	1	1	1	1	4	1	1
3004015	1	1	1	1	4	1	2
3004016	1	1	1	5	7	2	2
3004018	1	1	1	1	4	2	1
3004020	1	1	3	4	7	2	1
3004021	1	1	3	2	6	2	1
3004022	1	1	1	1	6	1	1
3004023	1	1	3	1	6	2	1
3004024	1	1	3	1	6	2	1
3004025	1	1	3	3	6	2	1
3004026	1	1	1	1	6	1	1
3004027	1	1	2	1	6	1	1
3004028	1	1	3	3	6	2	1
3004029	1	1	1	5	6	1	1
3004030	1	1	3	1	6	2	1
3004031	1	1	3	1	6	2	1
3004032	1	1	1	1	4	1	1
3004033	1	1	1	1	4	1	1
3004034	1	1	1	1	6	2	1
3004035	1	1	2	1	6	2	1
3004036	1	1	1	1	4	1	1
3004037	1	1	1	1	6	1	1
3004038	1	1	2	1	4	1	1
3004042	1	1	2	1	6	1	1
3004043	1	1	2	7	7	2	2
3004044	1	1	2	1	6	2	1
3004045	1	1	1	1	4	1	1
3004046	1	1	3	4	7	2	1
3004047	1	1	1	1	4	1	1
3004048	1	1	3	1	6	2	1
3004050	1	1	1	1	4	1	1
3004051	1	1	1	1	6	2	1
3004052	1	1	2	1	6	1	1
3004053	1	1	3	5	5	2	1
3004054	1	1	3	3	6	2	1
3004055	1	1	3	1	6	2	1
3004056	1	1	1	1	4	1	1
3004057	1	1	3	2	6	2	1
3004058	1	1	1	1	4	1	1
3004059	1	1	1	1	6	1	2
3004060	1	1	1	1	6	1	1
3004061	1	1	1	1	6	1	1
3004062	1	1	3	3	4	1	1
3004063	1	1	1	1	6	2	1
3004064	1	1	1	1	6	1	1
3004065	1	1	1	1	4	1	1
3004066	1	1	1	1	6	2	1
3004067	1	1	1	1	6	1	1
3004068	1	1	1	1	6	2	1
3004069	1	1	1	1	7	2	1
3004070	1	1	3	4	7	2	2
3004071	1	1	3	4	7	2	2
3004072	1	1	3	1	6	2	2
3004073	1	1	3	5	7	2	1
3004074	1	1	1	1	6	1	1
3004075	1	1	3	4	7	2	2
3004077	1	1	3	4	7	2	2
3004078	1	1	2	1	5	2	2
3004079	1	1	2	5	5	2	2
3004081	1	1	1	1	4	2	2
3004082	1	1	3	1	6	2	2
3004083	1	1	2	5	5	2	2
3004086	1	1	3	4	7	2	2
3004088	1	1	2	5	5	2	2
3004089	1	1	3	1	6	2	2
3004090	1	1	2	1	6	2	1
3004091	1	1	3	1	6	2	2
3004093	1	1	3	4	7	2	2
3004094	1	1	3	1	6	2	2
3004095	1	1	3	4	7	2	2
3004096	1	1	1	1	6	1	2
3004097	1	1	1	1	4	1	1
3004098	1	1	1	1	4	1	1
3004099	1	1	3	1	4	2	2
3004100	1	1	3	1	6	2	2
3004101	1	1	1	1	4	1	1
3004102	1	1	1	1	4	1	1
3004103	1	1	1	1	4	1	1
3004104	1	1	1	1	4	1	1
3004105	1	1	3	1	6	2	2
3004106	1	1	1	6	6	2	2
3004107	1	1	1	1	4	2	2
3004108	1	1	2	1	4	2	1
3004109	1	1	2	5	5	2	2
3004110	1	1	2	1	6	2	2
3004111	1	1	1	1	4	2	2
3004113	1	1	2	5	5	2	2
3004114	1	1	1	2	4	1	1
3004115	1	1	1	1	4	1	1
3004117	1	1	1	1	2	1	1
3004118	1	1	2	5	2	2	2
3004119	1	1	1	1	4	1	1
3004120	1	1	1	1	4	1	1
3004121	1	1	1	1	2	1	1
3004122	1	1	3	4	7	2	2
3004123	1	1	3	4	7	2	2
3004124	1	1	3	3	7	2	2
3004126	1	1	3	1	6	2	2
3004127	1	1	3	4	7	2	2
3004128	1	1	3	4	7	2	2
3004129	1	1	3	4	6	2	2
3004130	1	1	3	1	7	2	2
3004131	1	1	1	1	6	1	1
3004132	1	1	1	2	6	1	1
3004134	1	1	3	4	7	2	2
3004135	1	1	3	4	7	2	2
3004137	1	1	3	1	6	2	2
3004141	1	1	1	1	6	1	1
3004143	1	1	3	4	7	2	2
3004145	1	1	3	4	7	2	2
3004146	1	1	1	1	4	1	1
3004154	1	1	3	4	7	2	2
3004159	1	1	2	1	4	1	1
3004160	1	1	3	2	6	2	1
3004161	1	1	3	4	7	2	2
3004162	1	1	3	4	7	2	2
3004163	1	1	2	6	5	1	1
3004164	1	1	2	1	6	1	1
3004165	1	1	2	1	5	1	1
3004166	1	1	2	1	6	1	1
3004167	1	1	3	4	7	2	2
3004168	1	1	2	4	6	2	2
3004169	1	1	2	2	4	1	1
3004170	1	1	1	1	2	1	1
3004171	1	1	3	1	7	2	1
3004172	1	1	1	1	4	1	1
3004173	1	1	2	5	2	2	2
3004174	1	1	2	1	6	1	1
3004175	1	1	2	2	4	1	1
3004176	1	1	2	1	4	1	1
3004177	1	1	2	5	5	2	2
3004178	1	1	2	5	5	2	2
3004179	1	1	2	2	6	1	1
3004180	1	1	1	1	4	1	1
3004181	1	1	1	2	6	2	2
3004183	1	1	1	1	4	1	1
3004184	1	1	2	1	6	1	1
3004185	1	1	2	1	6	2	1
3004186	1	1	2	1	4	2	1
3004187	1	1	2	4	7	2	1
3004188	1	1	1	1	4	2	2
3004190	1	1	2	1	6	2	1
3004191	1	1	2	7	7	2	1
3004192	1	1	2	1	4	2	1
3004193	1	1	2	1	4	2	1
3004194	1	1	2	1	4	2	1
3004195	1	1	1	1	4	1	1
3004197	1	1	1	1	6	1	1
3004198	1	1	2	1	6	2	1
3004199	1	1	2	1	6	1	1
3004200	1	1	2	1	4	2	1
3004201	1	1	2	1	4	2	1
3004202	1	1	2	1	6	2	1
3004203	1	1	1	1	6	1	1
3004204	1	1	1	1	6	1	1
3004205	1	1	1	1	6	1	1
3004206	1	1	3	1	6	2	1
3004207	1	1	1	1	6	1	1
3004208	1	1	1	1	4	1	1
3004209	1	1	3	1	5	2	2
3004210	1	1	3	5	6	2	1
3004211	1	1	1	3	6	1	1
3004212	1	1	1	1	5	2	1
3004213	1	1	1	1	6	1	1
3004214	1	1	1	1	4	1	1
3004215	1	1	3	1	6	2	1
3004216	1	1	1	1	6	1	2
3004217	1	1	3	2	6	2	1
3004218	1	1	3	1	4	2	1
3004219	1	1	3	1	5	2	1
3004220	1	1	1	1	7	1	2
3004221	1	1	3	1	6	2	1
3004222	1	1	1	1	4	2	1
3004223	1	1	3	3	7	2	2
3004224	1	1	1	1	4	1	1
3004225	1	1	3	1	4	2	1
3004226	1	1	3	1	6	2	1
3004229	1	1	2	1	6	2	1
3004230	1	1	3	4	7	2	1
3004231	1	1	3	1	6	2	2
3004232	1	1	3	1	6	2	1
3004233	1	1	1	1	4	2	1
3004234	1	1	2	5	6	2	2
3004235	1	1	2	5	5	2	2
3004236	1	1	3	1	6	2	1
3004237	1	1	3	1	4	2	2
3004238	1	1	1	1	4	1	1
3004240	1	1	3	4	7	2	2
3004241	1	1	1	1	4	2	1
3004242	1	1	3	5	7	1	1
3004243	1	1	3	1	6	2	1
3004244	1	1	3	4	6	2	2
3004245	1	1	3	4	7	2	2
3004246	1	1	3	1	6	2	1
3004248	1	1	3	3	6	2	1
3004249	1	1	3	1	6	2	2
3004250	1	1	2	1	6	2	1
3004251	1	1	3	1	6	2	2
3004252	1	1	1	1	4	1	1
3004253	1	1	1	1	4	2	1
3004254	1	1	1	1	4	1	1
3004255	1	1	2	4	6	2	1
3004257	1	1	2	1	4	1	1
3004258	1	1	2	1	6	2	1
3004259	1	1	3	1	6	2	1
3004260	1	1	2	1	7	2	1
3004261	1	1	2	1	4	1	1
3004262	1	1	1	1	6	1	1
3004266	1	1	3	1	6	2	1
3004268	1	1	3	3	6	2	1
3004269	1	1	1	1	4	1	1
3004270	1	1	2	5	5	2	2
3004271	1	1	2	5	6	2	2
3004273	1	1	3	1	4	2	1
3004274	1	1	3	1	4	2	1
3004275	1	1	3	1	4	2	1
3004276	1	1	1	1	6	1	1
3004277	1	1	2	5	5	2	2
3004278	1	1	1	1	4	1	1
3004279	1	1	1	1	6	1	1
3004280	1	1	3	3	6	2	2
3004281	1	1	3	1	4	2	1
3004282	1	1	3	1	6	2	1
3004283	1	1	1	1	4	1	1
3004284	1	1	3	1	4	2	1
3004285	1	1	3	1	4	1	1
3004286	1	1	1	1	4	1	1
3004287	1	1	3	1	6	2	2
3004288	1	1	3	1	6	2	1
3004290	1	1	3	1	6	2	1
3004291	1	1	3	1	6	2	1
3004292	1	1	2	1	4	1	1
3004293	1	1	3	3	5	2	1
3004294	1	1	1	1	4	1	1
3004295	1	1	3	1	6	2	1
3004296	1	1	3	1	4	2	1
3004297	1	1	1	1	4	1	1
3004298	1	1	3	1	6	2	1
3004301	1	1	1	1	5	1	1
3004302	1	1	3	1	6	2	1
3004303	1	1	1	1	4	1	1
3004305	1	1	1	1	4	1	1
3004307	1	1	2	1	6	2	2
3004312	1	1	2	5	6	2	2
3004313	1	1	1	1	4	1	1
3004314	1	1	2	1	4	2	1
3004315	1	1	1	1	6	1	1
3004316	1	1	1	1	4	1	1
3004318	1	1	1	1	6	1	1
3004319	1	1	1	1	4	1	1
3004320	1	1	1	1	4	1	1
3004321	1	1	1	1	4	1	1
3004346	1	1	3	4	7	2	1
3004350	1	1	3	1	4	2	2
3004351	1	1	3	1	6	2	2
3004352	1	1	3	1	4	1	1
3004354	1	1	1	1	6	2	1
3004355	1	1	1	1	4	2	1
3004357	1	1	2	1	4	1	1
3004358	1	1	2	1	4	2	1
3004359	1	1	1	1	6	2	1
3004361	1	1	1	1	6	2	1
3004363	1	1	1	1	4	1	1
3004365	1	1	3	2	7	2	1
3004366	1	1	3	1	6	2	2
3004367	1	1	1	1	4	2	1
3004368	1	1	1	1	4	1	1
3004369	1	1	1	1	6	1	1
3004370	1	1	1	1	4	2	1
3004371	1	1	2	1	4	2	1
3004373	1	1	2	1	6	2	2
3004374	1	1	2	1	4	2	1
3004375	1	1	3	4	7	2	2
3004376	1	1	3	1	6	2	2
3004377	1	1	1	1	4	2	1
3004378	1	1	1	1	4	1	1
3004379	1	1	3	5	7	2	2
3004380	1	1	1	1	6	2	1
3004381	1	1	1	1	4	1	1
3004382	1	1	3	3	6	2	1
3004383	1	1	2	1	4	2	1
3004384	1	1	1	1	6	2	1
3004385	1	1	2	1	4	2	1
3004386	1	1	3	1	6	2	2
3004388	1	1	1	1	6	2	2
3004389	1	1	1	1	6	2	1
3004390	1	1	2	1	7	2	1
3004391	1	1	1	1	4	1	1
3004392	1	1	3	1	6	2	1
3004393	1	1	3	5	7	2	2
3004394	1	1	2	1	4	2	1
3004395	1	1	3	3	6	2	2
3004397	1	1	3	4	6	2	2
3004399	1	1	3	5	7	2	2
3004401	1	1	2	1	4	2	1
3004402	1	1	2	1	4	1	1
3004403	1	1	1	1	6	1	1
3004404	1	1	1	1	6	1	2
3004405	1	1	3	1	6	2	1
3004410	1	1	1	1	6	1	1
3004411	1	1	2	1	6	2	1
3004413	1	1	2	1	6	2	1
3004414	1	1	1	1	6	1	2
3004418	1	1	1	1	4	1	2
3004419	1	1	1	1	4	1	1
3004421	1	1	2	1	6	2	1
3004425	1	1	3	1	4	2	1
3004426	1	1	2	1	6	2	1
3004430	1	1	1	1	4	1	1
3004433	1	1	1	1	4	1	1
3004434	1	1	1	1	4	1	1
3004438	1	1	2	1	6	2	1
3004440	1	1	2	1	6	2	1
3004444	1	1	2	1	4	2	1
3004445	1	1	1	1	4	1	1
3004447	1	1	1	1	4	1	1
3004448	1	1	2	1	4	2	1
3004451	1	1	1	1	4	1	1
3004452	1	1	1	1	4	1	2
3004453	1	1	1	1	4	1	1
3004454	1	1	3	1	6	2	2
3004455	1	1	1	1	4	1	1
3004456	1	1	1	1	3	1	1
3004457	1	1	1	1	4	1	1
3004458	1	1	2	1	6	1	1
3004459	1	1	2	2	4	1	1
3004465	1	1	1	1	4	1	1
3004467	1	1	3	1	4	2	1
3004470	1	1	3	1	4	2	2
3004473	1	1	3	2	6	2	1
3004474	1	1	3	1	4	2	1
3004476	1	1	1	1	3	1	1
3004477	1	1	3	1	6	2	1
3004478	1	1	3	3	6	2	1
3004479	1	1	2	1	4	2	1
3004480	1	1	1	1	6	2	1
3004481	1	1	3	3	6	2	2
3004482	1	1	1	1	6	1	2
3004483	1	1	1	1	6	2	1
3004484	1	1	3	4	7	2	2
3004485	1	1	1	1	4	2	1
3004488	1	1	1	1	6	2	1
3004489	1	1	1	1	4	2	1
3004490	1	1	1	1	6	2	1
3004496	1	1	1	1	4	2	2
3004498	1	1	3	1	6	2	2
3004502	1	1	1	1	6	2	1
3004505	1	1	1	1	4	1	1
3004512	1	1	1	1	6	1	1
3004514	1	1	3	1	4	1	1
3004517	1	1	1	1	6	2	1
3004520	1	1	3	3	5	2	2
3004521	1	1	3	1	7	2	2
3004522	1	1	3	2	4	2	1
3004523	1	1	3	1	6	2	1
3004524	1	1	1	1	6	2	1
3004525	1	1	3	2	6	2	1
3004526	1	1	1	1	4	2	2
3004527	1	1	3	1	6	2	1
3004528	1	1	3	1	4	2	1
3004529	1	1	1	1	4	2	2
3004530	1	1	3	1	4	2	1
3004532	1	1	1	1	4	1	1
3004535	1	1	1	1	6	2	1
3004538	1	1	1	1	6	2	1
3004539	1	1	1	1	6	1	1
3004540	1	1	1	1	6	1	1
3004543	1	1	1	1	4	1	1
3004545	1	1	1	1	4	1	1
3004546	1	1	1	1	6	1	1
3004547	1	1	1	1	4	2	2
3004554	1	1	1	1	6	2	1
3004555	1	1	1	1	4	1	1
3004557	1	1	1	1	4	1	1
3004559	1	1	3	1	4	2	1
3004561	1	1	1	1	6	1	1
3004566	1	1	2	1	6	1	1
3004571	1	1	1	1	6	1	1
3004572	1	1	1	1	6	1	1
3004573	1	1	1	1	4	1	1
3004574	1	1	3	5	7	2	1
3004575	1	1	2	1	7	2	1
3004576	1	1	1	1	6	1	1
3004578	1	1	1	1	4	1	1
3004579	1	1	2	1	6	1	1
3004580	1	1	1	1	4	1	1
3004581	1	1	1	1	4	1	1
3004589	1	1	3	1	4	1	1
3004590	1	1	3	1	6	1	1
3004591	1	1	2	1	6	2	1
3004594	1	1	2	1	6	2	1
3004596	1	1	3	1	6	2	2
3004598	1	1	3	8	5	2	2
3004599	1	1	2	1	6	2	1
3004603	1	1	3	3	4	2	2
3004605	1	1	3	1	6	2	2
3004607	1	1	1	1	6	1	1
3004611	1	1	2	1	6	2	1
3004612	1	1	2	1	6	2	1
3004614	1	1	2	1	4	2	1
3004615	1	1	2	1	4	2	1
3004616	1	1	2	1	6	2	1
3004617	1	1	3	1	6	2	2
3004618	1	1	3	3	6	2	2
3004619	1	1	3	1	4	2	1
3004620	1	1	2	1	6	2	1
3004621	1	1	2	1	6	2	1
3004622	1	1	3	1	4	2	2
3004623	1	1	1	1	4	2	1
3004624	1	1	3	1	6	2	1
3004625	1	1	1	1	6	2	1
3004626	1	1	1	5	4	1	2
3004627	1	1	3	1	6	2	2
3004628	1	1	3	1	6	2	2
3004629	1	1	3	1	4	2	1
3004630	1	1	3	1	4	2	2
3004631	1	1	3	1	6	2	1
3004632	1	1	1	1	6	2	1
3004633	1	1	1	1	4	1	1
3004634	1	1	1	1	6	1	1
3004635	1	1	3	3	6	2	2
3004636	1	1	3	1	6	2	1
3004637	1	1	1	1	6	1	1
3004638	1	1	1	1	6	1	1
3004639	1	1	1	5	6	1	1
3004640	1	1	1	1	6	1	1
3004642	1	1	1	1	6	2	1
3004643	1	1	3	1	6	2	2
3004644	1	1	1	5	6	1	2
3004645	1	1	1	1	6	1	1
3004646	1	1	1	5	6	2	1
3004647	1	1	1	1	4	2	1
3004648	1	1	1	1	4	1	1
3004649	1	1	1	1	6	1	1
3004650	1	1	1	1	4	1	1
3004651	1	1	1	5	6	1	1
3004652	1	1	1	1	6	1	1
3004653	1	1	1	1	4	2	1
3004654	1	1	1	1	1	1	1
3004655	1	1	1	1	6	1	1
3004659	1	1	1	1	4	1	1
3004666	1	1	2	1	6	2	1
3004667	1	1	2	1	6	2	1
3004668	1	1	2	1	4	2	1
3004669	1	1	2	1	6	2	1
3004670	1	1	2	1	4	2	1
3004671	1	1	1	1	6	1	1
3004672	1	1	2	1	6	2	1
3004673	1	1	1	1	4	1	1
3004674	1	1	1	1	6	1	1
3004675	1	1	1	1	6	1	1
3004678	1	1	3	1	4	2	1
3004680	1	1	3	1	6	2	2
3004684	1	1	3	1	6	2	2
3004686	1	1	1	1	4	1	1
3004687	1	1	3	4	7	2	2
3004688	1	1	1	1	4	1	1
3004692	1	1	1	1	6	1	1
3004694	1	1	1	1	6	1	1
3004695	1	1	1	1	4	1	1
3004697	1	1	1	1	6	1	1
3004698	1	1	3	3	5	2	2
3004700	1	1	1	1	4	1	1
3004702	1	1	1	1	4	1	1
3004708	1	1	3	1	4	2	1
3004710	1	1	1	1	6	1	1
3004712	1	1	1	1	6	1	1
3004713	1	1	1	1	6	1	1
3004714	1	1	2	1	6	2	1
3004715	1	1	1	1	4	1	1
3004716	1	1	3	1	4	2	2
3004717	1	1	1	1	6	1	1
3004718	1	1	1	1	6	1	1
3004719	1	1	3	3	4	2	2
3004720	1	1	1	1	6	1	1
3004721	1	1	1	1	4	1	1
3004722	1	1	3	1	4	2	2
3004723	1	1	3	1	6	2	1
3004724	1	1	1	1	4	1	1
3004725	1	1	1	1	6	1	1
3004726	1	1	1	1	6	1	1
3004727	1	1	1	1	6	1	1
3004728	1	1	1	1	4	1	1
3004729	1	1	1	1	6	1	1
3004730	1	1	1	1	4	1	1
3004731	1	1	3	1	6	2	2
3004732	1	1	3	1	4	1	1
3004733	1	1	1	1	4	1	1
3004734	1	1	1	1	4	1	1
3004735	1	1	1	1	4	1	1
3004736	1	1	1	1	6	2	1
3004737	1	1	1	1	6	1	1
3004738	1	1	3	9	7	2	2
3004739	1	1	1	1	4	1	1
3004740	1	1	1	7	6	1	1
3004741	1	1	1	1	6	1	1
3004742	1	1	1	1	4	1	1
3004743	1	1	3	3	6	2	2
3004744	1	1	1	1	6	2	2
3004745	1	1	1	1	6	1	1
3004746	1	1	1	1	4	1	1
3004749	1	1	1	1	4	1	1
3004750	1	1	1	1	6	1	1
3004751	1	1	1	1	6	1	1
3004752	1	1	3	5	6	2	1
3004753	1	1	1	6	7	2	2
3004754	1	1	1	1	4	1	1
3004755	1	1	1	1	6	1	1
3004756	1	1	1	1	4	1	1
3004757	1	1	3	1	6	2	1
3004758	1	1	1	1	4	1	1
3004759	1	1	1	1	6	1	1
3004760	1	1	1	1	4	1	1
3004761	1	1	1	1	6	1	1
3004762	1	1	1	1	4	1	1
3004763	1	1	1	1	4	1	1
3004764	1	1	3	1	6	2	2
3004765	1	1	1	1	6	1	1
3004768	1	1	1	1	4	1	1
3004769	1	1	1	1	4	1	1
3004770	1	1	1	1	6	1	1
3004773	1	1	1	1	4	1	1
3004774	1	1	1	1	4	1	1
3004775	1	1	1	1	6	1	1
3004776	1	1	1	1	4	1	1
3004777	1	1	3	1	6	2	2
3004778	1	1	3	1	6	2	2
3004779	1	1	2	3	6	2	1
3004780	1	1	2	1	6	2	1
3004781	1	1	1	1	4	1	1
3004782	1	1	1	1	4	1	1
3004783	1	1	1	1	4	1	1
3004784	1	1	1	1	6	1	1
3004785	1	1	1	1	4	1	1
3004786	1	1	1	1	4	1	1
3004787	1	1	2	5	6	2	1
3004788	1	1	1	1	6	1	1
3004789	1	1	2	1	6	2	1
3004790	1	1	1	1	6	1	1
3004791	1	1	1	1	6	1	1
3004792	1	1	1	1	4	1	1
3004793	1	1	1	1	6	1	1
3004794	1	1	3	1	6	2	2
3004795	1	1	1	1	4	1	1
3004796	1	1	1	1	6	1	1
3004797	1	1	1	1	6	1	1
3004798	1	1	3	4	7	2	2
3004799	1	1	2	3	7	2	1
3004800	1	1	2	1	6	2	1
3004801	1	1	1	1	6	1	1
3004802	1	1	3	1	4	2	1
3004803	1	1	3	3	6	2	1
3004804	1	1	1	1	4	1	1
3004805	1	1	3	1	4	1	1
3004806	1	1	3	1	6	2	2
3004807	1	1	1	1	4	1	1
3004808	1	1	1	1	4	1	1
3004809	1	1	3	1	6	2	2
3004810	1	1	1	1	6	1	1
3004811	1	1	1	1	4	1	1
3004812	1	1	3	1	6	2	2
3004813	1	1	3	2	6	1	1
3004814	1	1	1	1	4	1	1
3004815	1	1	1	1	4	1	1
3004816	1	1	1	1	4	1	1
3004817	1	1	3	1	6	2	1
3004818	1	1	1	1	4	1	1
3004819	1	1	3	3	6	2	1
3004820	1	1	2	3	6	2	1
3004821	1	1	3	1	6	2	1
3004822	1	1	2	1	6	2	1
3004823	1	1	3	1	4	2	1
3004824	1	1	3	1	6	2	1
3004825	1	1	1	1	6	1	1
3004826	1	1	3	1	4	2	1
3004827	1	1	3	1	6	2	1
3004828	1	1	3	1	6	1	1
3004829	1	1	2	5	6	2	1
3004830	1	1	2	1	7	2	1
3004831	1	1	3	1	6	2	2
3004832	1	1	3	1	6	2	1
3004833	1	1	3	1	6	1	1
3004834	1	1	3	1	4	1	1
3004835	1	1	1	1	6	1	1
3004836	1	1	2	1	6	1	1
3004837	1	1	2	1	6	1	1
3004838	1	1	3	1	4	2	1
3004839	1	1	2	1	4	1	1
3004840	1	1	3	1	6	2	2
3004841	1	1	3	1	4	2	1
3004842	1	1	1	1	4	2	2
3004843	1	1	1	1	2	1	1
3004844	1	1	1	1	4	1	1
3004845	1	1	1	1	4	1	1
3004846	1	1	2	1	4	1	1
3004847	1	1	1	1	4	1	1
3004848	1	1	3	1	6	1	1
3004849	1	1	2	4	6	1	1
3004850	1	1	3	1	4	1	1
3004851	1	1	3	1	6	1	1
3004852	1	1	1	1	6	2	1
3004853	1	1	1	1	5	1	1
3004854	1	1	1	1	4	1	1
3004855	1	1	3	1	4	2	1
3004856	1	1	1	1	6	1	1
3004857	1	1	3	1	4	2	1
3004858	1	1	3	1	4	2	1
3004859	1	1	3	1	6	2	1
3004860	1	1	3	1	6	2	1
3004861	1	1	3	1	6	1	1
3004862	1	1	3	1	4	2	1
3004863	1	1	1	1	6	1	1
3004864	1	1	3	3	6	1	1
3004865	1	1	3	1	6	2	1
3004866	1	1	3	1	6	1	1
3004867	1	1	3	1	4	2	1
3004868	1	1	3	1	6	2	1
3004869	1	1	2	1	5	1	1
3004870	1	1	1	1	4	1	1
3004871	1	1	3	1	4	2	1
3004872	1	1	1	1	4	2	1
3004873	1	1	3	1	4	2	1
3004874	1	1	3	1	6	2	1
3004875	1	1	3	1	6	2	1
3004876	1	1	3	1	4	2	1
3004877	1	1	1	1	6	1	1
3004878	1	1	1	1	6	1	1
3004879	1	1	3	1	6	2	1
3004880	1	1	3	1	6	1	1
3004881	1	1	1	1	4	1	1
3004882	1	1	3	1	4	2	1
3004883	1	1	1	1	4	1	1
3004884	1	1	3	1	4	2	1
3004885	1	1	3	1	4	2	1
3004886	1	1	3	3	6	2	1
3004887	1	1	3	1	6	2	1
3004888	1	1	1	1	4	1	1
3004889	1	1	2	1	4	1	1
3004890	1	1	1	1	4	1	1
3004891	1	1	1	1	6	1	1
3004892	1	1	1	1	4	1	1
3004893	1	1	1	1	6	1	1
3004894	1	1	3	3	5	2	1
3004895	1	1	1	1	6	1	1
3004896	1	1	1	1	6	1	1
3004897	1	1	1	1	4	1	1
3004898	1	1	3	1	6	2	1
3004899	1	1	1	1	6	1	1
3004900	1	1	3	1	6	2	1
3004901	1	1	3	3	6	1	1
3004926	1	1	3	1	4	2	1
3004931	1	1	1	1	6	2	1
3004932	1	1	3	1	4	2	2
3004933	1	1	3	4	6	2	2
3004934	1	1	3	1	6	2	2
3004935	1	1	3	1	6	2	2
3004936	1	1	3	1	6	2	2
3004937	1	1	3	1	4	2	1
3004938	1	1	3	1	6	2	2
3004939	1	1	3	3	6	2	1
3004940	1	1	3	1	6	2	2
3004941	1	1	3	7	7	2	2
3004942	1	1	3	1	6	2	2
3004943	1	1	1	1	6	1	1
3004944	1	1	3	1	6	2	1
3004945	1	1	3	1	6	2	2
3004947	1	1	3	1	6	2	2
3004948	1	1	3	1	4	2	2
3004949	1	1	3	1	6	2	2
3004952	1	1	3	1	6	2	2
3004953	1	1	3	7	4	2	1
3004954	1	1	1	1	4	2	1
3004955	1	1	3	1	6	2	1
3004957	1	1	3	3	6	2	2
3004959	1	1	2	5	6	2	1
3004962	1	1	3	1	6	2	2
3004963	1	1	2	1	6	2	1
3004964	1	1	3	1	6	2	2
3004965	1	1	1	1	4	1	1
3004966	1	1	3	5	6	2	2
3004967	1	1	3	1	4	2	1
3004968	1	1	3	3	6	2	2
3004969	1	1	3	1	6	2	2
3004970	1	1	3	1	6	2	1
3004971	1	1	3	1	6	2	2
3004973	1	1	3	1	6	2	2
3004974	1	1	3	1	6	2	2
3004976	1	1	1	1	4	1	1
3004978	1	1	3	1	6	2	2
3004979	1	1	3	1	4	2	2
3004980	1	1	3	1	6	2	2
3004986	1	1	3	1	6	2	2
3004989	1	1	2	1	6	2	1
3004991	1	1	3	1	6	2	2
3004992	1	1	3	4	7	2	1
3004993	1	1	3	3	6	2	1
3004994	1	1	3	1	6	2	2
3004996	1	1	3	1	4	2	2
3004997	1	1	2	1	6	2	1
3004998	1	1	2	1	5	2	1
3004999	1	1	3	1	7	2	2
3005001	1	1	3	1	6	2	1
3005002	1	1	1	1	4	1	1
3005003	1	1	1	5	6	2	2
3005004	1	1	2	1	6	1	1
3005005	1	1	1	1	4	1	1
3005006	1	1	3	1	6	2	1
3005007	1	1	3	1	4	2	1
3005008	1	1	3	1	6	2	2
3005009	1	1	1	1	4	2	1
3005010	1	1	1	1	4	1	1
3005011	1	1	3	1	6	2	1
3005012	1	1	3	1	6	2	1
3005013	1	1	1	1	4	1	1
3005014	1	1	3	1	6	2	1
3005015	1	1	1	1	4	1	1
3005016	1	1	1	1	4	1	1
3005017	1	1	3	1	6	2	2
3005018	1	1	1	1	6	1	1
3005019	1	1	1	1	6	1	1
3005020	1	1	1	1	4	1	2
3005021	1	1	1	1	4	2	1
3005022	1	1	3	1	4	2	2
3005023	1	1	3	1	6	2	1
3005024	1	1	1	1	6	1	1
3005025	1	1	1	1	6	2	1
3005026	1	1	1	1	4	1	1
3005028	1	1	1	1	6	1	1
3005029	1	1	1	1	6	1	1
3005030	1	1	3	7	5	2	2
3005031	1	1	1	1	4	1	1
3005032	1	1	1	1	4	1	1
3005033	1	1	1	1	4	2	2
3005034	1	1	1	1	4	1	1
3005035	1	1	3	1	6	2	2
3005036	1	1	3	1	6	2	2
3005040	1	1	1	1	4	1	1
3005042	1	1	1	1	4	1	1
3005043	1	1	1	1	4	2	1
3005044	1	1	1	1	4	1	1
3005045	1	1	3	1	4	2	2
3005046	1	1	1	1	6	1	1
3005047	1	1	1	1	4	1	1
3005048	1	1	3	3	4	2	1
3005049	1	1	1	1	6	1	1
3005051	1	1	3	1	6	2	2
3005052	1	1	1	1	6	1	1
3005053	1	1	1	1	4	1	1
3005054	1	1	3	1	6	2	2
3005055	1	1	2	1	6	2	1
3005056	1	1	1	1	4	1	1
3005057	1	1	1	1	4	1	1
3005059	1	1	1	1	4	1	2
3005060	1	1	1	1	6	2	1
3005061	1	1	1	1	6	2	2
3005063	1	1	3	1	6	1	1
3005064	1	1	1	1	2	1	1
3005066	1	1	1	1	4	1	1
3005067	1	1	1	1	4	1	1
3005068	1	1	1	1	4	1	1
3005071	1	1	1	1	4	1	1
3005073	1	1	1	1	4	1	1
3005074	1	1	1	1	5	1	1
3005075	1	1	1	1	4	1	1
3005076	1	1	1	1	2	1	1
3005077	1	1	1	1	4	1	1
3005078	1	1	1	1	4	1	1
3005079	1	1	1	1	4	1	1
3005080	1	1	1	1	4	1	1
3005081	1	1	1	1	4	1	1
3005082	1	1	1	1	4	1	1
3005083	1	1	1	1	4	1	1
3005084	1	1	1	1	4	1	1
3005085	1	1	1	1	4	1	1
3005086	1	1	1	1	4	1	1
3005087	1	1	1	1	4	1	1
3005088	1	1	1	1	4	1	1
3005089	1	1	3	1	4	2	2
3005090	1	1	1	1	4	2	2
3005091	1	1	3	2	6	1	1
3005092	1	1	1	1	2	1	1
3005093	1	1	1	1	6	2	1
3005094	1	1	1	1	4	1	1
3005095	1	1	1	1	1	1	1
3005096	1	1	3	5	6	2	1
3005097	1	1	1	1	6	1	1
3005098	1	1	3	1	6	1	1
3005099	1	1	1	1	4	1	1
3005100	1	1	1	1	4	2	2
3005101	1	1	3	1	4	2	2
3005102	1	1	3	1	4	1	1
3005103	1	1	1	1	6	2	1
3005105	1	1	3	1	4	2	2
3005107	1	1	1	1	2	1	1
3005108	1	1	1	1	4	2	1
3005109	1	1	1	1	6	1	1
3005110	1	1	1	1	6	2	1
3005111	1	1	1	1	6	2	1
3005112	1	1	1	1	2	1	1
3005113	1	1	1	1	6	2	1
3005114	1	1	1	6	4	2	2
3005118	1	1	2	1	6	2	1
3005119	1	1	2	5	6	2	1
3005121	1	1	3	5	2	2	2
3005122	1	1	1	1	4	1	1
3005123	1	1	1	1	6	1	1
3005126	1	1	1	1	4	2	2
3005127	1	1	1	1	4	1	1
3005128	1	1	1	1	4	1	1
3005129	1	1	1	1	6	2	2
3005130	1	1	1	1	4	1	1
3005131	1	1	1	1	6	1	1
3005133	1	1	1	1	6	2	1
3005134	1	1	3	4	7	2	2
3005135	1	1	1	1	4	1	1
3005136	1	1	1	1	4	1	1
3005137	1	1	2	5	6	2	1
3005140	1	1	1	1	4	1	1
3005141	1	1	1	1	5	1	1
3005146	1	1	2	1	6	2	1
3005147	1	1	1	1	4	1	1
3005148	1	1	1	1	6	1	1
3005149	1	1	3	1	6	1	1
3005150	1	1	1	1	4	1	1
3005151	1	1	1	1	4	1	1
3005152	1	1	1	1	4	1	1
3005153	1	1	1	1	3	1	1
3005154	1	1	1	1	4	1	1
3005155	1	1	3	1	6	1	1
3005156	1	1	1	1	4	1	1
3005158	1	1	1	1	4	2	2
3005159	1	1	3	1	4	2	1
3005160	1	1	1	1	4	1	1
3005162	1	1	3	1	4	2	2
3005163	1	1	3	1	6	2	2
3005165	1	1	3	3	4	2	2
3005166	1	1	3	1	6	1	1
3005168	1	1	1	1	4	1	1
3005171	1	1	3	3	4	2	2
3005173	1	1	1	5	5	2	2
3005174	1	1	1	1	6	2	1
3005176	1	1	1	1	6	1	1
3005177	1	1	1	1	4	2	1
3005179	1	1	1	1	4	2	1
3005181	1	1	1	1	6	1	1
3005182	1	1	1	1	6	2	2
3005183	1	1	3	1	4	2	1
3005184	1	1	3	1	4	1	1
3005185	1	1	1	1	6	1	1
3005186	1	1	1	1	4	1	1
3005187	1	1	3	1	6	1	1
3005188	1	1	3	1	6	2	1
3005191	1	1	1	1	6	1	1
3005192	1	1	1	1	6	2	2
3005195	1	1	3	1	6	2	1
3005197	1	1	1	1	4	1	1
3005198	1	1	1	1	4	1	1
3005203	1	1	3	1	6	1	1
3005210	1	1	1	1	6	1	1
3005214	1	1	1	1	4	1	1
3005215	1	1	1	1	4	2	1
3005217	1	1	3	1	4	2	1
3005218	1	1	1	1	4	1	1
3005220	1	1	1	1	4	1	1
3005221	1	1	1	1	4	1	1
3005223	1	1	1	1	4	1	1
3005224	1	1	1	1	6	1	1
3005225	1	1	3	1	4	1	1
3005226	1	1	1	1	4	1	1
3005230	1	1	3	3	4	2	1
3005233	1	1	2	1	6	2	1
3005237	1	1	1	1	6	2	1
3005238	1	1	1	1	6	2	1
3005242	1	1	3	1	4	2	2
3005243	1	1	1	1	4	1	1
3005249	1	1	3	1	6	2	1
3005253	1	1	3	1	4	1	1
3005260	1	1	1	1	4	1	2
3005261	1	1	1	1	6	1	1
3005262	1	1	3	1	4	1	1
3005264	1	1	1	1	4	1	1
3005272	1	1	1	1	4	1	1
3005273	1	1	1	1	6	1	1
3005274	1	1	1	1	3	1	1
3005278	1	1	1	1	4	1	1
3005280	1	1	1	1	4	1	1
3005281	1	1	1	1	4	1	1
3005285	1	1	1	1	4	2	2
3005286	1	1	1	1	6	1	1
3005294	1	1	1	1	4	1	1
3005299	1	1	1	1	3	1	1
3005300	1	1	1	1	4	1	1
3005301	1	1	3	1	6	1	1
3005303	1	1	1	1	1	1	1
3005310	1	1	1	1	4	1	1
3005312	1	1	1	3	5	1	1
3005314	1	1	1	1	6	1	1
3005315	1	1	1	1	6	1	1
3005317	1	1	1	1	6	2	1
3005318	1	1	1	1	3	1	1
3005319	1	1	3	1	6	1	1
3005323	1	1	1	1	4	1	2
3005326	1	1	1	1	4	1	1
3005327	1	1	1	1	4	1	1
3005328	1	1	1	1	4	1	1
3005330	1	1	1	1	4	2	1
3005331	1	1	1	1	4	1	1
3005338	1	1	1	1	4	1	1
3005339	1	1	1	1	4	1	1
3005341	1	1	3	1	4	1	1
3005344	1	1	1	1	4	1	1
3005354	1	1	1	1	4	1	1
3005366	1	1	1	1	2	1	1
3005367	1	1	3	5	7	2	2
3005368	1	1	2	1	4	1	1
3005369	1	1	3	1	6	2	2
3005370	1	1	3	1	6	2	1
3005371	1	1	3	1	6	2	2
3005372	1	1	3	1	6	2	1
3005373	1	1	1	1	4	2	1
3005376	1	1	1	1	4	1	1
3005377	1	1	1	1	6	2	1
3005378	1	1	1	1	2	1	1
3005381	1	1	3	1	6	2	1
3005382	1	1	1	3	6	2	2
3005383	1	1	3	1	6	2	1
3005384	1	1	1	1	6	2	1
3005385	1	1	3	1	6	2	1
3005387	1	1	3	1	6	2	1
3005388	1	1	1	1	4	1	1
3005390	1	1	3	1	6	2	1
3005391	1	1	3	3	4	2	1
3005392	1	1	1	1	6	2	1
3005393	1	1	1	1	4	1	1
3005395	1	1	1	5	6	2	1
3005396	1	1	1	1	6	2	1
3005397	1	1	1	1	4	1	1
3005400	1	1	1	1	6	2	2
3005402	1	1	3	1	4	2	1
3005403	1	1	1	1	1	1	1
3005404	1	1	1	1	4	1	1
3005405	1	1	1	1	6	2	1
3005406	1	1	3	1	6	1	1
3005407	1	1	3	1	6	2	2
3005408	1	1	1	1	4	2	1
3005409	1	1	1	1	6	2	1
3005410	1	1	3	1	4	2	1
3005412	1	1	3	1	6	2	2
3005415	1	1	1	1	4	2	1
3005417	1	1	3	1	4	2	1
3005418	1	1	1	1	6	2	1
3005419	1	1	1	1	4	2	2
3005421	1	1	3	1	6	2	2
3005424	1	1	1	1	4	1	1
3005427	1	1	1	1	4	1	1
3005433	1	1	1	1	4	1	1
3005437	1	1	1	1	4	1	1
3005458	1	1	2	1	4	2	1
3005459	1	1	2	1	6	2	1
3005460	1	1	2	1	5	2	1
3005461	1	1	1	1	4	1	2
3005463	1	1	1	4	7	2	2
3005464	1	1	1	1	6	2	2
3005467	1	1	3	1	6	2	1
3005469	1	1	1	1	6	2	1
3005472	1	1	2	1	4	2	1
3005475	1	1	1	1	6	2	1
3005477	1	1	1	1	4	1	1
3005478	1	1	1	1	4	2	1
3005485	1	1	1	1	4	1	1
3005486	1	1	1	1	6	2	1
3005489	1	1	1	1	6	2	2
3005492	1	1	1	1	6	2	1
3005495	1	1	1	1	4	1	2
3005504	1	1	1	1	4	1	2
3005506	1	1	2	1	6	2	1
3005507	1	1	1	1	4	2	2
3005508	1	1	1	1	4	1	1
3005509	1	1	1	1	4	1	1
3005510	1	1	1	1	4	1	2
3005512	1	1	2	1	6	2	1
3005513	1	1	2	1	4	2	1
3005515	1	1	2	1	6	2	1
3005517	1	1	1	1	4	1	1
3005519	1	1	1	1	4	2	2
3005521	1	1	1	1	6	1	1
3005523	1	1	3	1	4	2	1
3005524	1	1	1	1	2	1	1
3005525	1	1	1	1	4	1	2
3005526	1	1	1	1	4	1	1
3005527	1	1	2	1	6	2	1
3005528	1	1	2	1	6	2	1
3005529	1	1	1	1	4	1	1
3005531	1	1	1	1	4	1	1
3005532	1	1	1	1	4	1	2
3005533	1	1	1	1	6	1	2
3005534	1	1	2	1	6	2	1
3005536	1	1	1	1	4	1	2
3005538	1	1	1	1	4	1	1
3005540	1	1	1	1	4	1	1
3005541	1	1	1	1	6	2	2
3005542	1	1	1	1	4	1	1
3005547	1	1	1	1	4	1	1
3005548	1	1	1	1	6	2	2
3005553	1	1	1	1	4	2	2
3005555	1	1	1	1	4	1	2
3005556	1	1	1	1	6	2	1
3005557	1	1	1	1	6	2	1
3005558	1	1	1	1	4	2	2
3005563	1	1	1	1	4	1	2
3005566	1	1	1	1	4	2	1
3005571	1	1	1	1	4	2	1
3005572	1	1	1	1	6	2	2
3005573	1	1	1	1	4	1	1
3005574	1	1	1	1	6	1	2
3005575	1	1	1	1	4	2	2
3005576	1	1	1	1	4	1	2
3005577	1	1	1	1	4	2	1
3005578	1	1	1	4	7	2	2
3005579	1	1	1	3	7	2	2
3005580	1	1	1	1	4	2	2
3005582	1	1	1	1	6	2	2
3005584	1	1	1	1	4	1	1
3005585	1	1	1	1	4	1	1
3005586	1	1	3	1	6	2	2
3005587	1	1	1	4	6	2	2
3005588	1	1	2	1	6	2	1
3005589	1	1	3	3	6	2	1
3005590	1	1	3	4	6	2	2
3005591	1	1	1	1	4	2	1
3005593	1	1	1	1	4	1	1
3005594	1	1	1	5	6	2	2
3005595	1	1	1	1	6	2	1
3005596	1	1	1	1	4	1	1
3005597	1	1	2	1	6	2	2
3005598	1	1	1	1	6	2	1
3005599	1	1	1	1	4	1	1
3005600	1	1	2	1	6	2	1
3005601	1	1	1	1	6	2	2
3005602	1	1	2	1	6	2	1
3005603	1	1	1	1	4	2	1
3005604	1	1	1	4	6	2	2
3005606	1	1	3	4	7	2	2
3005607	1	1	3	1	6	2	2
3005608	1	1	3	1	6	2	2
3005609	1	1	1	1	6	1	1
3005610	1	1	1	1	4	2	2
3005611	1	1	1	1	6	2	2
3005612	1	1	1	1	4	1	1
3005613	1	1	1	1	4	1	1
3005614	1	1	1	1	4	1	1
3005615	1	1	3	3	6	2	1
3005617	1	1	2	1	6	2	1
3005618	1	1	3	4	7	2	2
3005621	1	1	1	1	4	1	1
3005623	1	1	1	1	4	1	1
3005625	1	1	3	4	7	2	2
3005627	1	1	1	1	6	2	2
3005628	1	1	3	1	6	2	2
3005629	1	1	2	1	6	2	1
3005630	1	1	3	1	6	2	1
3005631	1	1	3	4	7	2	2
3005632	1	1	2	1	6	2	1
3005633	1	1	1	1	4	1	2
3005634	1	1	1	4	6	2	2
3005635	1	1	1	1	6	2	2
3005636	1	1	1	1	4	2	2
3005638	1	1	2	3	7	2	2
3005639	1	1	3	4	6	2	2
3005640	1	1	2	1	6	2	1
3005641	1	1	1	1	6	2	2
3005642	1	1	1	1	4	2	1
3005643	1	1	3	1	6	2	2
3005644	1	1	1	1	6	2	2
3005645	1	1	2	1	6	2	1
3005646	1	1	1	1	4	1	1
3005647	1	1	2	1	6	2	1
3005648	1	1	2	1	6	2	1
3005649	1	1	1	1	6	2	2
3005650	1	1	2	1	6	2	1
3005651	1	1	2	1	6	2	1
3005652	1	1	3	1	6	2	2
3005653	1	1	3	1	6	2	1
3005654	1	1	2	1	6	2	2
3005656	1	1	3	3	6	2	2
3005657	1	1	1	1	4	1	1
3005658	1	1	2	1	6	2	2
3005659	1	1	3	1	4	2	2
3005660	1	1	1	1	4	2	2
3005663	1	1	2	1	6	2	1
3005666	1	1	2	3	6	1	1
3005667	1	1	2	5	5	2	1
3005668	1	1	1	1	4	1	1
3005669	1	1	1	1	4	1	1
3005670	1	1	2	1	6	2	1
3005673	1	1	2	1	4	1	1
3005676	1	1	1	1	4	1	1
3005677	1	1	2	1	6	1	1
3005678	1	1	1	1	4	1	1
3005679	1	1	3	4	5	2	1
3005684	1	1	1	1	4	1	1
3005685	1	1	2	1	6	1	1
3005688	1	1	1	1	4	1	1
3005689	1	1	1	1	4	1	1
3005690	1	1	1	1	4	1	2
3005691	1	1	1	1	4	1	1
3005692	1	1	1	1	5	1	1
3005693	1	1	2	1	4	1	1
3005694	1	1	1	1	4	2	2
3005696	1	1	1	1	5	1	1
3005697	1	1	1	1	4	1	1
3005698	1	1	2	1	6	2	2
3005699	1	1	1	1	4	1	1
3005700	1	1	1	1	4	2	2
3005701	1	1	1	1	6	2	2
3005703	1	1	3	3	7	2	2
3005705	1	1	2	1	6	2	1
3005706	1	1	1	1	4	1	1
3005707	1	1	1	1	3	1	1
3005708	1	1	2	1	4	1	1
3005709	1	1	2	1	6	1	1
3005710	1	1	2	1	6	2	2
3005711	1	1	2	4	7	2	2
3005712	1	1	1	1	4	1	1
3005713	1	1	2	7	6	1	1
3005714	1	1	1	1	4	1	1
3005715	1	1	2	1	6	2	1
3005716	1	1	2	3	6	2	1
3005717	1	1	2	4	7	2	1
3005718	1	1	3	1	4	2	2
3005719	1	1	1	1	4	1	1
3005720	1	1	1	1	4	1	1
3005721	1	1	3	1	6	2	2
3005722	1	1	1	1	4	1	1
3005724	1	1	3	7	7	2	2
3005725	1	1	1	1	4	2	2
3005730	1	1	3	5	7	2	2
3005731	1	1	1	1	4	1	1
3005732	1	1	3	4	7	2	2
3005733	1	1	3	1	6	2	2
3005734	1	1	1	1	4	1	1
3005735	1	1	1	1	4	2	2
3005736	1	1	1	1	4	1	1
3005737	1	1	1	1	4	1	1
3005738	1	1	1	1	4	1	1
3005739	1	1	1	1	4	1	1
3005740	1	1	2	3	6	2	1
3005741	1	1	1	1	4	1	1
3005742	1	1	1	1	4	1	1
3005743	1	1	1	1	4	1	1
3005744	1	1	3	4	7	2	2
3005745	1	1	1	1	4	1	1
3005747	1	1	1	1	4	1	1
3005748	1	1	1	1	4	1	1
3005749	1	1	1	1	4	1	1
3005750	1	1	1	1	4	2	2
3005751	1	1	1	1	4	2	2
3005752	1	1	1	1	4	1	1
3005753	1	1	1	1	4	1	1
3005754	1	1	1	1	4	1	1
3005755	1	1	1	1	6	1	1
3005756	1	1	2	1	6	2	1
3005757	1	1	2	1	6	1	1
3005758	1	1	1	1	6	2	2
3005759	1	1	1	1	6	2	1
3005760	1	1	1	1	4	2	2
3005761	1	1	2	1	4	1	1
3005762	1	1	1	1	4	1	1
3005763	1	1	1	1	4	1	1
3005764	1	1	1	1	6	1	1
3005765	1	1	1	1	4	2	2
3005768	1	1	1	1	4	1	1
3005769	1	1	1	1	4	1	1
3005770	1	1	1	1	6	1	1
3005771	1	1	1	6	6	1	1
3005772	1	1	1	6	6	1	1
3005773	1	1	1	1	4	1	1
3005774	1	1	1	1	4	1	1
3005775	1	1	1	1	6	1	1
3005776	1	1	1	1	4	1	1
3005777	1	1	1	1	4	1	1
3005778	1	1	1	1	6	1	1
3005779	1	1	1	1	6	1	1
3005780	1	1	1	1	4	1	1
3005781	1	1	1	1	6	1	1
3005782	1	1	1	1	4	1	1
3005783	1	1	1	1	4	1	1
3005784	1	1	1	1	6	1	1
3005796	1	1	2	3	6	2	1
3005797	1	1	1	1	4	1	1
3005798	1	1	2	4	7	2	1
3005799	1	1	2	3	6	2	1
3005800	1	1	2	1	6	2	1
3005801	1	1	1	1	6	2	2
3005802	1	1	1	1	4	1	1
3005803	1	1	1	1	4	1	1
3005804	1	1	1	1	4	1	1
3005805	1	1	1	1	4	1	1
3005806	1	1	1	1	4	1	1
3005807	1	1	1	1	6	1	1
3005808	1	1	1	1	4	1	1
3005809	1	1	1	1	4	1	2
3005810	1	1	1	1	6	1	1
3005818	1	1	1	1	4	1	1
3005819	1	1	1	1	4	1	1
3005842	1	1	1	1	4	2	1
3005843	1	1	1	6	4	1	1
3005844	1	1	1	1	4	1	1
3005847	1	1	2	1	6	2	1
3005848	1	1	1	1	4	2	2
3005850	1	1	1	1	6	1	2
3005853	1	1	1	1	6	2	2
3005859	1	1	3	3	6	2	2
3005866	1	1	1	5	4	2	1
3005871	1	1	1	1	4	1	1
3005872	1	1	1	1	4	2	2
3005874	1	1	1	1	4	1	1
3005875	1	1	1	1	4	1	1
3005876	1	1	1	1	4	2	2
3005877	1	1	1	1	4	2	2
3005879	1	1	3	1	6	2	1
3005880	1	1	3	1	4	2	2
3005881	1	1	3	1	6	2	1
3005882	1	1	3	1	6	2	1
3005883	1	1	3	1	6	2	1
3005884	1	1	3	1	6	2	1
3005885	1	1	3	1	4	2	2
3005886	1	1	3	2	7	2	2
3005887	1	1	3	1	4	2	2
3005888	1	1	2	1	6	2	2
3005889	1	1	2	1	6	2	2
3005891	1	1	2	1	6	2	1
3005897	1	1	3	1	4	1	1
3007023	1	1	1	1	4	1	2
3007024	1	1	1	1	3	1	1
3007026	1	1	1	1	3	1	1
3007027	1	1	1	1	4	1	1
3007028	1	1	1	1	4	1	1
3007029	1	1	1	1	4	1	1
3007030	1	1	1	1	6	1	1
3007033	1	1	1	1	4	1	1
3007036	1	1	1	1	6	1	1
3007037	1	1	1	1	4	1	1
3007039	1	1	1	1	4	1	1
3007040	1	1	1	1	4	1	1
3007042	1	1	3	1	4	2	1
3007043	1	1	1	7	5	1	1
3007045	1	1	3	3	7	2	1
3007048	1	1	1	1	6	1	1
3007049	1	1	1	1	6	1	1
3007052	1	1	1	1	6	1	1
3007053	1	1	1	1	4	1	1
3007055	1	1	1	1	4	1	1
3007062	1	1	1	1	4	1	1
3007063	1	1	1	1	4	1	1
3007066	1	1	1	1	4	1	1
3007067	1	1	1	1	4	1	1
3007070	1	1	1	1	4	2	1
3007073	1	1	1	1	4	1	1
3007074	1	1	1	1	4	1	1
3007075	1	1	1	1	6	1	1
3007083	1	1	1	1	4	1	1
3007089	1	1	1	1	6	1	1
3007090	1	1	1	1	6	1	1
3007098	1	1	1	1	6	1	1
3007099	1	1	1	1	4	1	1
3007101	1	1	1	1	6	1	1
3007102	1	1	1	1	4	1	1
3007103	1	1	1	1	4	1	1
3007104	1	1	1	1	6	1	1
3007105	1	1	1	1	4	2	2
3007106	1	1	1	1	6	1	1
3007107	1	1	1	1	4	1	1
3007111	1	1	1	1	4	1	1
3007113	1	1	1	1	6	1	1
3007114	1	1	1	1	4	1	1
3007115	1	1	1	1	6	1	1
3007127	1	1	1	1	4	1	1
3007128	1	1	1	1	4	1	1
3007129	1	1	1	1	4	1	1
3007130	1	1	1	1	4	1	1
3007131	1	1	1	1	4	1	1
3007133	1	1	1	5	6	2	2
3007134	1	1	1	1	4	1	1
3007136	1	1	1	5	4	1	1
3007142	1	1	1	1	6	1	1
3007143	1	1	2	1	6	1	1
3007147	1	1	1	1	4	1	1
3007148	1	1	1	1	4	1	1
3007149	1	1	1	5	5	1	1
3007150	1	1	1	1	4	1	1
3007151	1	1	1	5	6	1	1
3007156	1	1	1	1	4	1	1
3007157	1	1	3	1	4	2	1
3007158	1	1	1	1	6	1	1
3007160	1	1	2	1	6	1	1
3007161	1	1	1	5	4	1	1
3007162	1	1	1	5	6	1	1
3007164	1	1	3	2	4	2	1
3007167	1	1	1	1	6	1	1
3007169	1	1	1	5	6	1	2
3007172	1	1	1	1	6	2	2
3007173	1	1	1	1	4	2	1
3007176	1	1	3	1	6	2	1
3007178	1	1	1	5	4	1	1
3007179	1	1	1	1	4	1	1
3007181	1	1	1	1	4	1	1
3007182	1	1	1	1	4	1	1
3007184	1	1	1	1	7	1	1
3007185	1	1	1	5	6	1	1
3007188	1	1	2	1	6	1	1
3007189	1	1	1	1	6	1	1
3007190	1	1	2	1	6	1	1
3007191	1	1	1	1	4	1	1
3007192	1	1	1	5	6	1	1
3007199	1	1	1	1	4	1	1
3007200	1	1	1	1	5	1	1
3007203	1	1	1	3	4	1	1
3007204	1	1	3	1	6	2	1
3007205	1	1	3	1	6	2	1
3007207	1	1	3	1	6	2	1
3007208	1	1	3	1	4	2	1
3007209	1	1	3	1	6	2	1
3007213	1	1	3	5	7	2	2
3007217	1	1	3	1	4	2	1
3007218	1	1	3	5	7	2	2
3007219	1	1	3	5	7	2	2
3007221	1	1	3	1	6	2	1
3007224	1	1	1	1	4	1	1
3007227	1	1	3	1	4	2	1
3007247	1	1	3	5	7	2	1
3007249	1	1	2	1	4	1	1
3007251	1	1	1	1	6	1	1
3007252	1	1	3	5	7	2	2
3007256	1	1	3	5	7	2	1
3007258	1	1	3	5	7	2	2
3007260	1	1	1	1	4	1	1
3007262	1	1	1	1	4	1	1
3007263	1	1	1	1	4	1	1
3007265	1	1	2	1	4	1	1
3007272	1	1	1	1	4	1	1
3007274	1	1	1	1	4	1	1
3007276	1	1	1	1	4	1	1
3007277	1	1	1	1	4	1	1
3007279	1	1	1	1	4	1	1
3007280	1	1	3	5	7	2	2
3007281	1	1	3	5	7	2	2
3007282	1	1	1	1	4	1	1
3007283	1	1	1	1	4	1	1
3007284	1	1	3	5	7	2	2
3007285	1	1	1	2	4	1	1
3007286	1	1	3	5	7	2	2
3007287	1	1	3	5	7	2	2
3007288	1	1	3	5	7	2	2
3007291	1	1	3	5	7	2	2
3007292	1	1	1	1	6	1	1
3007293	1	1	3	5	7	2	2
3007294	1	1	2	1	4	2	1
3007295	1	1	1	1	4	1	1
3007296	1	1	1	1	4	1	1
3007297	1	1	1	1	4	1	1
3007299	1	1	1	1	6	1	1
3007300	1	1	1	1	4	1	1
3007301	1	1	1	1	6	1	1
3007302	1	1	1	1	6	1	1
3007303	1	1	3	5	6	2	2
3007304	1	1	3	5	6	2	2
3007306	1	1	3	5	7	2	2
3007307	1	1	3	5	7	2	2
3007308	1	1	1	1	4	1	1
3007309	1	1	3	1	4	2	1
3007310	1	1	1	1	4	1	1
3007311	1	1	1	1	4	1	1
3007312	1	1	3	5	7	2	2
3007313	1	1	3	5	6	2	2
3007314	1	1	1	1	6	1	1
3007315	1	1	1	1	4	1	1
3007316	1	1	3	5	7	2	2
3007317	1	1	3	5	7	2	2
3007318	1	1	2	1	6	1	1
3007320	1	1	2	1	6	1	1
3007321	1	1	2	1	4	1	1
3007322	1	1	2	1	6	1	1
3007346	1	1	1	1	6	1	1
3007347	1	1	1	1	4	1	1
3007348	1	1	1	1	4	1	1
3007350	1	1	1	1	4	1	1
3007353	1	1	2	1	6	1	2
3007354	1	1	1	1	6	1	1
3007357	1	1	3	5	7	2	2
3007358	1	1	3	5	7	2	2
3007359	1	1	1	1	6	1	1
3007360	1	1	1	1	6	1	1
3007361	1	1	3	1	6	2	2
3007362	1	1	1	1	4	1	1
3007363	1	1	3	5	7	2	2
3007364	1	1	1	1	4	1	1
3007367	1	1	3	5	7	2	2
3007371	1	1	3	5	7	2	2
3007372	1	1	3	5	7	2	2
3007373	1	1	3	5	7	2	2
3007375	1	1	1	1	4	1	1
3007398	1	1	1	1	4	1	1
3007399	1	1	1	1	4	1	1
3007401	1	1	1	1	4	1	1
3007402	1	1	1	1	6	1	1
3007404	1	1	3	5	6	2	1
3007405	1	1	1	1	4	1	1
3007406	1	1	1	1	4	1	1
3007409	1	1	3	1	4	2	1
3007428	1	1	3	1	6	2	1
3007429	1	1	1	1	4	1	1
3007431	1	1	1	1	6	1	1
3007437	1	1	3	1	4	2	1
3007439	1	1	1	1	4	1	1
3007458	1	1	1	1	6	1	1
3007459	1	1	1	1	6	1	1
3007460	1	1	1	1	4	1	1
3007462	1	1	1	1	6	1	1
3007464	1	1	1	1	4	1	1
3007465	1	1	1	1	4	1	1
3007466	1	1	1	1	6	1	1
3007470	1	1	2	1	4	1	1
3007471	1	1	1	1	4	1	1
3007472	1	1	1	1	4	1	1
3007473	1	1	1	1	4	1	1
3007481	1	1	1	1	4	2	1
3007482	1	1	1	1	6	1	1
3007488	1	1	1	1	4	1	1
3007493	1	1	1	1	4	1	1
3007495	1	1	1	1	4	1	1
3007496	1	1	1	1	4	1	1
3007497	1	1	1	5	6	2	1
3007500	1	1	1	5	6	1	1
3007504	1	1	3	1	4	2	1
3007505	1	1	1	1	6	1	1
3007507	1	1	3	1	6	1	1
3007508	1	1	3	1	6	2	2
3007509	1	1	2	5	5	2	2
3007511	1	1	3	1	4	2	1
3007512	1	1	2	1	4	1	1
3007514	1	1	3	3	5	2	1
3007515	1	1	1	1	4	2	1
3007516	1	1	1	1	4	1	1
3007517	1	1	1	1	6	2	1
3007520	1	1	1	1	4	2	1
3007525	1	1	1	1	4	1	1
3007526	1	1	1	1	4	2	1
3007527	1	1	1	1	4	1	1
3007529	1	1	2	5	2	2	2
3007533	1	1	1	1	4	1	1
3007534	1	1	3	1	4	2	2
3007535	1	1	3	1	6	2	1
3007537	1	1	3	1	4	2	1
3007540	1	1	3	1	4	2	1
3007541	1	1	1	1	4	2	1
3007542	1	1	1	1	4	1	1
3007543	1	1	3	1	4	2	1
3007544	1	1	3	1	6	2	2
3007548	1	1	1	1	4	1	1
3007549	1	1	1	1	6	1	1
3007550	1	1	1	1	6	1	1
3007551	1	1	1	1	6	1	1
3007552	1	1	2	1	6	1	1
3007553	1	1	3	1	4	2	1
3007554	1	1	3	1	6	2	1
3007555	1	1	1	1	4	1	1
3007556	1	1	1	1	6	1	1
3007557	1	1	3	3	6	2	2
3007558	1	1	3	4	7	2	2
3007559	1	1	3	1	4	2	1
3007560	1	1	3	1	4	2	1
3007562	1	1	2	1	6	2	1
3007563	1	1	2	1	2	2	1
3007565	1	1	2	5	5	1	1
3007567	1	1	3	1	4	2	1
3007569	1	1	1	1	6	1	1
3007570	1	1	3	1	6	2	2
3007572	1	1	1	1	4	1	1
3007573	1	1	1	1	6	1	1
3007574	1	1	2	1	7	2	1
3007575	1	1	3	1	4	2	2
3007576	1	1	3	1	6	2	1
3007577	1	1	3	1	6	2	1
3007578	1	1	2	5	5	2	1
3007580	1	1	3	1	4	2	1
3007581	1	1	3	1	4	2	2
3007582	1	1	1	1	4	1	1
3007583	1	1	2	1	5	2	1
3007584	1	1	3	1	6	2	2
3007585	1	1	2	1	6	1	1
3007586	1	1	2	5	5	1	1
3007588	1	1	1	1	4	1	1
3007589	1	1	3	5	6	2	2
3007590	1	1	3	2	4	2	1
3007592	1	1	2	1	6	2	1
3007595	1	1	3	1	6	2	1
3007597	1	1	1	1	6	1	1
3007598	1	1	1	1	6	2	1
3007599	1	1	1	2	4	1	1
3007600	1	1	1	1	4	2	1
3007615	1	1	1	1	4	2	1
3007617	1	1	3	1	6	2	1
3007619	1	1	1	5	5	2	1
3007620	1	1	3	1	7	2	2
3007621	1	1	3	5	6	2	2
3007622	1	1	3	1	4	2	1
3007623	1	1	1	1	6	1	1
3007627	1	1	3	5	7	2	2
3007631	1	1	3	5	6	2	2
3007634	1	1	1	1	4	1	1
3007635	1	1	3	5	6	2	2
3007636	1	1	1	1	6	1	1
3007637	1	1	3	1	4	2	1
3007638	1	1	3	5	7	2	2
3007640	1	1	3	1	6	2	1
3007650	1	1	3	5	5	2	2
3007653	1	1	1	1	4	1	1
3007655	1	1	3	1	4	2	1
3007656	1	1	3	1	4	2	1
3007657	1	1	3	1	6	2	1
3007665	1	1	1	5	6	1	1
3007666	1	1	3	1	4	2	1
3007667	1	1	1	1	6	1	1
3007669	1	1	1	1	6	1	1
3007670	1	1	1	5	6	1	1
3007671	1	1	1	5	6	1	1
3007672	1	1	1	1	6	1	1
3007675	1	1	1	5	5	2	1
3007679	1	1	3	1	4	2	1
3007704	1	1	1	1	4	1	1
3007705	1	1	1	1	4	1	1
3007706	1	1	1	1	4	1	1
3007707	1	1	1	1	4	1	1
3007708	1	1	1	1	4	1	1
3007709	1	1	3	5	7	2	2
3007710	1	1	3	5	7	2	2
3007711	1	1	1	1	4	1	1
3007712	1	1	1	1	4	1	1
3007714	1	1	1	1	4	1	1
3007715	1	1	3	5	7	2	2
3007717	1	1	1	1	4	1	1
3007718	1	1	3	1	4	2	2
3007719	1	1	3	5	7	2	2
3007721	1	1	3	1	6	2	2
3007723	1	1	3	1	4	2	1
3007724	1	1	1	1	4	1	1
3007725	1	1	3	5	7	2	2
3007726	1	1	1	1	4	1	1
3007727	1	1	1	1	4	1	1
3007728	1	1	3	1	7	2	2
3007729	1	1	1	1	4	1	1
3007730	1	1	3	5	7	2	2
3007731	1	1	1	1	4	1	1
3007732	1	1	1	1	4	1	1
3007733	1	1	3	1	6	2	2
3007734	1	1	3	5	7	2	2
3007735	1	1	3	1	6	2	2
3007736	1	1	3	5	7	2	2
3007737	1	1	1	1	4	1	1
3007738	1	1	3	1	6	2	2
3007739	1	1	3	1	6	2	2
3007742	1	1	3	1	6	2	2
3007744	1	1	1	1	4	1	1
3007745	1	1	3	5	5	2	2
3007746	1	1	1	1	4	1	1
3007747	1	1	1	1	6	1	1
3007749	1	1	1	1	4	1	1
3007750	1	1	1	1	4	1	1
3007756	1	1	1	1	4	1	1
3007758	1	1	1	1	6	2	1
3007759	1	1	1	1	6	2	1
3007760	1	1	2	1	6	2	2
3007762	1	1	2	5	7	2	2
3007763	1	1	1	1	4	1	1
3007764	1	1	1	5	5	2	1
3007766	1	1	1	1	6	2	1
3007770	1	1	1	1	6	2	1
3007772	1	1	1	5	5	2	2
3007773	1	1	3	1	4	2	1
3007774	1	1	1	1	5	2	2
3007775	1	1	1	1	6	1	1
3007777	1	1	2	1	4	2	1
3007778	1	1	1	1	6	2	2
3007779	1	1	2	1	4	2	1
3007780	1	1	1	1	4	2	2
3007781	1	1	2	1	6	2	2
3007782	1	1	2	5	7	2	2
3007783	1	1	2	1	4	2	1
3007784	1	1	2	1	6	2	2
3007785	1	1	1	1	4	1	1
3007786	1	1	2	5	7	2	2
3007787	1	1	2	1	6	2	2
3007788	1	1	2	5	6	2	2
3007789	1	1	1	1	4	1	1
3007791	1	1	2	1	6	2	2
3007792	1	1	1	1	4	1	1
3007794	1	1	1	1	6	2	2
3007795	1	1	2	4	6	2	1
3007796	1	1	2	5	7	2	2
3007797	1	1	1	1	4	2	2
3007798	1	1	1	5	5	2	1
3007799	1	1	1	1	6	2	1
3007800	1	1	2	1	6	2	1
3007801	1	1	1	1	4	2	2
3007804	1	1	3	5	7	2	2
3007805	1	1	3	1	6	2	2
3007807	1	1	3	5	7	2	2
3007809	1	1	3	5	7	2	2
3007810	1	1	3	1	6	2	2
3007811	1	1	3	5	7	2	2
3007812	1	1	3	3	6	2	1
3007813	1	1	3	1	6	2	1
3007815	1	1	3	1	4	1	2
3007818	1	1	3	5	7	2	2
3007819	1	1	3	5	5	2	2
3007821	1	1	3	5	7	2	2
3007824	1	1	3	5	5	2	2
3007825	1	1	3	3	6	2	1
3007826	1	1	3	5	7	2	2
3007827	1	1	3	3	6	2	1
3007829	1	1	3	1	4	2	1
3007830	1	1	3	3	6	2	1
3007834	1	1	3	4	6	2	1
3007838	1	1	3	3	6	2	1
3007840	1	1	1	1	4	1	1
3007843	1	1	1	1	4	1	1
3007844	1	1	3	4	6	2	1
3007845	1	1	3	3	6	2	1
3007850	1	1	1	1	6	2	2
3007851	1	1	2	1	4	2	1
3007853	1	1	2	1	7	2	1
3007854	1	1	2	1	6	2	1
3007855	1	1	2	1	6	2	1
3007856	1	1	1	5	5	1	1
3007857	1	1	1	1	4	1	1
3007858	1	1	3	5	5	1	1
3007859	1	1	3	1	6	2	1
3007860	1	1	2	5	6	2	1
3007862	1	1	3	1	6	2	1
3007866	1	1	3	3	4	2	2
3007867	1	1	1	2	4	1	1
3007868	1	1	3	5	5	1	1
3007870	1	1	3	1	6	2	1
3007871	1	1	2	5	6	2	1
3007872	1	1	3	3	7	2	2
3007874	1	1	3	3	6	2	2
3007877	1	1	3	3	7	2	2
3007881	1	1	2	1	6	2	1
3007882	1	1	3	1	6	1	1
3007886	1	1	3	4	7	2	2
3007887	1	1	1	1	4	1	1
3007889	1	1	3	1	6	1	1
3007890	1	1	1	2	5	1	1
3007891	1	1	3	5	5	1	2
3007892	1	1	3	1	4	2	1
3007893	1	1	3	1	6	2	1
3007894	1	1	1	1	6	1	1
3007896	1	1	1	1	4	1	1
3007897	1	1	3	1	6	1	1
3007898	1	1	3	1	6	2	2
3007899	1	1	3	1	6	2	2
3007900	1	1	3	1	6	2	1
3007903	1	1	3	3	6	2	2
3007904	1	1	3	2	7	2	2
3007906	1	1	1	1	4	1	1
3007907	1	1	3	1	6	2	2
3007908	1	1	1	1	4	1	1
3007912	1	1	1	1	4	1	1
3007923	1	1	1	1	4	1	1
3007928	1	1	1	1	4	1	1
3007933	1	1	1	2	5	1	1
3007934	1	1	3	5	5	2	2
3007935	1	1	3	5	5	2	2
3007937	1	1	1	5	6	1	1
3007938	1	1	3	1	6	2	2
3007939	1	1	1	5	5	1	1
3007940	1	1	1	1	4	1	1
3007944	1	1	3	1	6	2	1
3007948	1	1	3	3	7	2	2
3007950	1	1	3	5	5	2	2
3007953	1	1	1	1	4	1	1
3007955	1	1	1	1	6	1	1
3007956	1	1	3	3	6	2	2
3007959	1	1	3	5	5	2	2
3007963	1	1	3	3	7	2	2
3007964	1	1	3	4	7	2	2
3007965	1	1	3	1	6	2	1
3007967	1	1	3	5	6	2	2
3007970	1	1	3	3	6	2	2
3007971	1	1	3	5	5	2	2
3007974	1	1	3	1	6	2	1
3007975	1	1	3	5	5	2	1
3007977	1	1	3	5	5	2	2
3007978	1	1	1	2	5	1	1
3007979	1	1	1	1	4	1	1
3007980	1	1	1	1	6	1	1
3007981	1	1	1	1	4	1	1
3007982	1	1	1	1	4	1	1
3007983	1	1	1	1	6	1	1
3007986	1	1	1	1	6	1	1
3007987	1	1	1	1	4	1	1
3007988	1	1	1	5	6	1	1
3007989	1	1	1	1	4	1	2
3007990	1	1	1	1	4	1	1
3007991	1	1	1	1	4	1	2
3007992	1	1	1	1	6	1	1
3007993	1	1	1	1	4	1	2
3007994	1	1	1	1	6	1	1
3008005	1	1	1	1	4	1	1
3008006	1	1	1	1	4	2	2
3008023	1	1	1	5	5	2	2
3008025	1	1	1	5	5	2	2
3008029	1	1	1	1	4	1	1
3008030	1	1	1	1	6	1	1
3008032	1	1	1	1	4	2	2
3008033	1	1	1	1	4	1	2
3008050	1	1	3	4	7	2	1
3008053	1	1	1	1	4	1	1
3008057	1	1	1	5	6	1	1
3008058	1	1	3	1	6	2	1
3008065	1	1	1	1	4	2	2
3008067	1	1	1	1	2	2	2
3008074	1	1	1	5	6	1	1
3008075	1	1	1	1	6	1	1
3008076	1	1	3	1	6	2	1
3008077	1	1	1	1	4	2	1
3008078	1	1	3	8	7	2	1
3008079	1	1	1	1	4	2	1
3008080	1	1	3	1	7	2	1
3008081	1	1	1	1	4	1	1
3008083	1	1	3	1	6	2	1
3008085	1	1	3	1	6	2	1
3008086	1	1	1	1	4	2	1
3008087	1	1	3	1	4	2	1
3008088	1	1	1	1	4	2	2
3008089	1	1	3	1	4	2	1
3008090	1	1	1	1	4	1	1
3008091	1	1	3	1	6	2	1
3008092	1	1	1	5	5	2	1
3008093	1	1	1	5	6	2	1
3008094	1	1	1	1	6	2	2
3008095	1	1	1	1	4	2	2
3008096	1	1	1	1	6	1	1
3008097	1	1	1	1	4	1	2
3008098	1	1	1	1	4	1	1
3008099	1	1	1	1	6	2	1
3008100	1	1	1	1	4	2	2
3008101	1	1	1	1	6	2	1
3008103	1	1	1	1	6	2	1
3008104	1	1	1	1	4	1	1
3008105	1	1	1	1	4	2	1
3008106	1	1	1	1	4	2	2
3008107	1	1	1	1	4	1	2
3008108	1	1	1	1	4	1	1
3008109	1	1	1	1	6	2	1
3008110	1	1	3	1	4	2	1
3008111	1	1	1	5	7	2	1
3008112	1	1	1	1	6	2	1
3008113	1	1	1	1	4	2	1
3008114	1	1	1	5	6	2	1
3008115	1	1	1	1	6	1	1
3008116	1	1	1	5	5	2	1
3008117	1	1	1	1	6	1	1
3008118	1	1	1	1	6	1	1
3008121	1	1	1	1	4	1	1
3008123	1	1	1	1	4	1	1
3008125	1	1	1	5	6	2	1
3008126	1	1	1	1	4	1	1
3008127	1	1	1	5	6	2	1
3008128	1	1	1	1	4	2	2
3008130	1	1	1	1	4	2	2
3008133	1	1	1	1	3	1	1
3008134	1	1	1	1	4	1	1
3008135	1	1	1	1	4	1	1
3008136	1	1	1	2	4	1	1
3008138	1	1	1	1	4	1	1
3008139	1	1	3	5	7	2	2
3008140	1	1	3	4	7	2	1
3008142	1	1	1	1	4	2	2
3008143	1	1	1	1	6	1	1
3008144	1	1	3	1	4	2	1
3008145	1	1	3	1	4	2	2
3008146	1	1	3	5	5	1	1
3008147	1	1	1	5	6	2	1
3008148	1	1	1	5	6	2	1
3008149	1	1	1	1	4	1	1
3008150	1	1	3	1	6	2	1
3008151	1	1	1	1	6	1	1
3008154	1	1	1	1	4	1	1
3008155	1	1	3	1	4	2	1
3008156	1	1	1	1	4	1	1
3008157	1	1	3	1	5	2	1
3008158	1	1	1	5	7	2	1
3008159	1	1	1	1	3	1	1
3008160	1	1	3	1	4	2	1
3008161	1	1	1	1	4	1	1
3008162	1	1	1	3	5	1	1
3008163	1	1	1	1	4	1	1
3008164	1	1	1	5	5	2	2
3008165	1	1	1	1	6	1	1
3008166	1	1	3	1	4	2	1
3008167	1	1	1	1	4	2	2
3008168	1	1	1	1	6	1	1
3008169	1	1	1	1	4	2	1
3008170	1	1	1	5	5	2	1
3008171	1	1	1	1	6	2	1
3008172	1	1	1	5	7	2	1
3008174	1	1	1	5	7	2	1
3008177	1	1	3	1	6	2	2
3008178	1	1	1	1	4	1	1
3008179	1	1	1	1	4	1	2
3008180	1	1	1	1	4	1	1
3008181	1	1	1	1	4	1	1
3008182	1	1	1	1	4	1	1
3008183	1	1	1	1	6	1	1
3008184	1	1	1	1	4	2	2
3008185	1	1	2	1	4	2	1
3008187	1	1	1	1	4	1	1
3008189	1	1	1	1	4	1	1
3008190	1	1	3	2	6	2	2
3008191	1	1	3	1	4	2	2
3008192	1	1	3	1	6	2	1
3008193	1	1	3	3	7	2	1
3008194	1	1	1	1	4	1	1
3008195	1	1	1	1	4	1	1
3008196	1	1	3	1	4	2	1
3008197	1	1	1	1	6	1	1
3008198	1	1	3	1	6	2	1
3008199	1	1	3	1	6	2	1
3008200	1	1	3	1	6	2	1
3008201	1	1	3	4	5	2	1
3008205	1	1	3	3	7	2	1
3008207	1	1	3	1	4	2	1
3008208	1	1	1	1	4	1	1
3008209	1	1	1	1	4	1	1
3008210	1	1	1	1	4	1	1
3008211	1	1	3	4	5	2	1
3008212	1	1	1	1	4	1	1
3008214	1	1	3	4	5	2	2
3008215	1	1	1	1	4	1	1
3008216	1	1	3	1	6	2	2
3008217	1	1	1	1	4	1	1
3008218	1	1	1	1	6	1	1
3008219	1	1	1	1	7	1	1
3008220	1	1	1	1	4	2	2
3008221	1	1	1	1	6	1	1
3008222	1	1	1	1	6	1	1
3008223	1	1	1	1	4	2	1
3008225	1	1	1	1	4	1	1
3008227	1	1	1	1	6	1	1
3008228	1	1	1	1	4	1	1
3008229	1	1	1	1	4	1	1
3008230	1	1	1	1	4	1	1
3008231	1	1	1	5	7	1	1
3008235	1	1	1	1	4	1	1
3008236	1	1	1	1	4	2	2
3008237	1	1	2	3	5	1	1
3008238	1	1	1	1	6	1	1
3008239	1	1	2	1	6	1	1
3008240	1	1	2	1	6	2	1
3008241	1	1	2	1	6	2	1
3008242	1	1	2	1	6	2	1
3008243	1	1	2	1	6	2	1
3008247	1	1	1	1	6	1	1
3008250	1	1	1	1	6	1	1
3008251	1	1	2	1	6	2	1
3008253	1	1	1	1	4	1	1
3008254	1	1	1	5	5	2	2
3008255	1	1	1	1	6	1	1
3008299	1	1	1	1	4	1	1
3008301	1	1	1	1	4	1	1
3008302	1	1	3	1	4	2	1
3008313	1	1	1	3	5	1	1
3008319	1	1	1	1	4	2	2
3008321	1	1	3	1	6	2	1
3008322	1	1	2	5	5	2	2
3008324	1	1	3	1	4	2	1
3008325	1	1	1	1	6	1	1
3008326	1	1	3	3	7	2	1
3008327	1	1	2	5	5	2	2
3008328	1	1	2	5	5	2	2
3008329	1	1	2	5	5	2	2
3008330	1	1	3	4	6	2	1
3008336	1	1	2	5	5	2	2
3008346	1	1	1	1	4	1	1
3008347	1	1	1	1	4	1	1
3008363	1	1	1	1	4	1	1
3008370	1	1	1	1	4	1	1
3008377	1	1	1	1	4	1	1
3008378	1	1	1	1	4	1	1
3008379	1	1	1	1	4	1	1
3008380	1	1	1	1	6	1	1
3008381	1	1	2	1	6	2	1
3008383	1	1	2	1	4	2	1
3008384	1	1	3	5	4	2	2
3008385	1	1	2	5	5	2	2
3008386	1	1	3	5	6	2	2
3008387	1	1	1	1	4	1	1
3008389	1	1	3	1	6	2	1
3008390	1	1	2	1	6	2	1
3008391	1	1	3	5	6	2	2
3008392	1	1	2	1	6	2	1
3008393	1	1	2	1	5	1	1
3008394	1	1	2	1	6	2	1
3008395	1	1	1	1	4	1	1
3008396	1	1	1	1	4	1	1
3008397	1	1	3	5	6	2	2
3008398	1	1	3	3	5	1	1
3008399	1	1	2	1	6	1	1
3008400	1	1	2	5	5	2	2
3008401	1	1	2	1	6	1	1
3008402	1	1	3	5	7	2	2
3008403	1	1	2	5	5	2	2
3008404	1	1	3	5	6	2	1
3008405	1	1	1	1	6	1	1
3008406	1	1	3	5	6	2	2
3008415	1	1	3	5	6	2	2
3008424	1	1	1	1	6	1	1
3008446	1	1	1	1	4	1	1
3008449	1	1	3	1	6	2	1
3008452	1	1	1	1	4	1	1
3008456	1	1	2	1	6	2	1
3008457	1	1	1	1	4	1	1
3008460	1	1	1	1	4	1	1
3008461	1	1	1	5	5	1	1
3008462	1	1	1	1	4	1	1
3008464	1	1	1	1	4	1	1
3008468	1	1	1	1	5	1	1
3008481	1	1	1	1	4	1	1
3008482	1	1	1	1	4	1	1
3008484	1	1	3	4	7	2	2
3008485	1	1	1	3	6	2	1
3008486	1	1	1	1	6	2	1
3008487	1	1	3	5	5	2	2
3008488	1	1	3	5	5	2	2
3008489	1	1	3	5	5	2	2
3008490	1	1	1	1	6	1	1
3008491	1	1	3	5	2	2	2
3008492	1	1	1	1	4	1	1
3008493	1	1	3	1	6	2	1
3008496	1	1	1	1	4	1	1
3008497	1	1	1	1	4	2	1
3008507	1	1	1	1	4	1	1
3008510	1	1	1	1	4	1	1
3008511	1	1	1	1	4	1	1
3008512	1	1	1	1	4	1	1
3008513	1	1	1	1	4	1	1
3008514	1	1	1	4	6	1	1
3008515	1	1	3	3	6	2	2
3008517	1	1	3	4	7	2	2
3008519	1	1	3	4	7	2	2
3008520	1	1	1	1	4	1	1
3008521	1	1	3	1	4	2	2
3008523	1	1	3	7	7	2	1
3008524	1	1	2	1	6	2	1
3008526	1	1	1	1	4	1	1
3008529	1	1	3	4	5	2	2
3008530	1	1	3	5	2	2	2
3008532	1	1	3	3	4	2	2
3008533	1	1	2	1	6	2	1
3008537	1	1	3	5	5	2	2
3008538	1	1	2	1	6	2	1
3008539	1	1	3	1	6	2	2
3008540	1	1	3	4	7	2	2
3008541	1	1	2	5	6	2	1
3008544	1	1	3	1	6	2	2
3008545	1	1	3	5	7	2	2
3008547	1	1	2	1	6	2	1
3008548	1	1	3	4	7	2	2
3008549	1	1	1	1	4	1	1
3008550	1	1	2	1	5	2	1
3008551	1	1	1	1	4	1	1
3008552	1	1	3	1	6	2	1
3008553	1	1	3	1	6	2	2
3008554	1	1	3	5	5	2	2
3008555	1	1	2	1	6	2	1
3008556	1	1	3	2	7	2	1
3008557	1	1	2	5	5	2	1
3008558	1	1	1	1	4	1	1
3008559	1	1	1	1	4	1	1
3008561	1	1	1	1	6	1	1
3008562	1	1	1	1	4	1	1
3008563	1	1	1	1	7	1	1
3008564	1	1	1	1	6	1	1
3008565	1	1	1	1	4	1	1
3008566	1	1	1	1	5	1	1
3008567	1	1	1	1	6	1	1
3008568	1	1	1	1	4	1	1
3008569	1	1	1	1	4	1	1
3008572	1	1	1	1	4	1	1
3008573	1	1	2	6	6	2	1
3008574	1	1	2	5	5	2	1
3008575	1	1	2	1	5	2	1
3008576	1	1	1	1	4	1	1
3008577	1	1	2	5	5	2	1
3008578	1	1	2	5	5	2	1
3008579	1	1	1	1	4	1	1
3008580	1	1	1	1	4	1	1
3008581	1	1	1	1	4	1	1
3008582	1	1	1	1	6	2	1
3008583	1	1	1	1	4	1	1
3008584	1	1	1	1	4	1	1
3008585	1	1	1	1	4	1	1
3008586	1	1	1	1	4	1	1
3008587	1	1	1	1	4	1	1
3008589	1	1	2	1	6	2	1
3008594	1	1	1	1	4	1	1
3008595	1	1	1	1	4	1	1
3008596	1	1	1	1	4	1	1
3008597	1	1	1	1	4	1	1
3008598	1	1	1	1	4	1	1
3008599	1	1	1	1	4	1	1
3008600	1	1	3	1	4	2	1
3008602	1	1	1	1	4	1	1
3008603	1	1	3	3	7	2	1
3008604	1	1	1	1	4	1	1
3008605	1	1	3	1	4	1	1
3008607	1	1	1	1	6	2	1
3008608	1	1	3	3	6	2	2
3008609	1	1	1	1	6	1	1
3008610	1	1	1	1	6	1	1
3008612	1	1	3	4	5	2	2
3008613	1	1	3	1	6	1	1
3008614	1	1	1	1	4	1	1
3008615	1	1	1	1	4	1	2
3008616	1	1	1	1	4	1	1
3008617	1	1	1	1	4	1	1
3008618	1	1	1	1	6	1	1
3008620	1	1	1	1	5	1	1
3008621	1	1	1	1	6	2	1
3008622	1	1	1	1	4	1	1
3008623	1	1	1	1	4	1	1
3008624	1	1	1	1	3	1	1
3008625	1	1	3	3	5	2	1
3008629	1	1	1	1	5	1	1
3008630	1	1	1	2	5	1	1
3008631	1	1	1	1	6	1	1
3008632	1	1	3	1	7	1	1
3008635	1	1	1	1	4	1	1
3008636	1	1	3	1	6	2	1
3008637	1	1	3	3	5	2	2
3008638	1	1	1	1	6	1	1
3008639	1	1	1	1	4	1	1
3008642	1	1	1	1	4	1	1
3008643	1	1	1	1	4	1	1
3008644	1	1	2	1	6	1	1
3008645	1	1	1	1	6	1	1
3008646	1	1	3	3	7	2	2
3008648	1	1	1	1	4	1	1
3008649	1	1	1	1	4	1	1
3008651	1	1	1	1	4	1	1
3008662	1	1	3	4	7	2	2
3008663	1	1	1	1	4	1	1
3008664	1	1	1	1	4	1	1
3008665	1	1	1	1	4	1	1
3008666	1	1	1	1	4	1	1
3008667	1	1	1	1	4	1	1
3008669	1	1	1	1	4	1	1
3008670	1	1	1	1	4	1	1
3008671	1	1	1	1	4	1	1
3008672	1	1	1	1	4	1	1
3008673	1	1	1	1	1	1	1
3008674	1	1	2	1	6	2	1
3008675	1	1	2	1	6	1	1
3008676	1	1	3	1	6	2	1
3008677	1	1	2	1	4	2	1
3008683	1	1	2	1	6	2	1
3008689	1	1	2	1	4	2	1
3008695	1	1	3	1	6	2	1
3008696	1	1	3	3	6	2	2
3008698	1	1	2	1	6	1	1
3008703	1	1	2	1	6	1	1
3008704	1	1	2	3	6	1	1
3008711	1	1	2	3	6	1	1
3008714	1	1	3	1	4	2	1
3008717	1	1	2	1	4	2	1
3008718	1	1	1	1	4	1	1
3008721	1	1	3	1	6	2	1
3008723	1	1	2	1	6	1	1
3008726	1	1	1	1	4	1	1
3008730	1	1	2	1	6	1	1
3008731	1	1	1	1	4	1	1
3008732	1	1	1	1	6	1	1
3008733	1	1	1	1	4	1	1
3008734	1	1	1	1	4	1	1
3008735	1	1	1	1	4	1	1
3008736	1	1	1	1	4	1	1
3008737	1	1	1	1	6	1	1
3008738	1	1	2	1	6	1	1
3008739	1	1	2	1	6	1	1
3008740	1	1	1	1	6	1	1
3008741	1	1	2	7	5	1	1
3008743	1	1	1	1	4	1	1
3008744	1	1	1	1	4	1	1
3008745	1	1	1	1	4	1	2
3008746	1	1	1	1	4	1	1
3008747	1	1	1	1	4	1	1
3008748	1	1	1	1	4	1	1
3008749	1	1	1	1	4	1	1
3008750	1	1	1	1	4	1	1
3008751	1	1	1	1	6	1	1
3008752	1	1	1	1	4	1	1
3008753	1	1	1	1	4	1	1
3008754	1	1	1	1	4	1	1
3008755	1	1	2	4	6	1	1
3008756	1	1	1	1	6	2	2
3008757	1	1	1	1	4	1	1
3008758	1	1	1	1	4	1	1
3008759	1	1	1	1	4	1	1
3008761	1	1	1	1	4	1	1
3008762	1	1	1	1	4	1	1
3008763	1	1	2	1	6	1	1
3008764	1	1	1	1	4	1	1
3008765	1	1	2	7	5	1	1
3008766	1	1	1	1	4	1	1
3008767	1	1	2	3	6	1	1
3008768	1	1	2	1	6	1	1
3008769	1	1	2	4	6	1	1
3008770	1	1	2	3	6	1	1
3008771	1	1	3	1	6	2	1
3008772	1	1	2	1	6	1	1
3008773	1	1	2	1	6	1	1
3008774	1	1	2	4	6	1	1
3008775	1	1	1	1	4	1	1
3008776	1	1	1	1	4	1	1
3008777	1	1	3	1	7	2	1
3008778	1	1	2	4	6	1	1
3008779	1	1	3	1	4	2	1
3008782	1	1	1	5	6	2	2
3008783	1	1	1	1	4	1	1
3008784	1	1	1	1	4	1	1
3008785	1	1	3	1	4	2	1
3008786	1	1	3	1	4	2	1
3008787	1	1	1	1	4	1	1
3008788	1	1	1	1	4	1	1
3008789	1	1	3	1	6	1	1
3008791	1	1	3	1	4	2	1
3008792	1	1	3	1	4	2	1
3008793	1	1	1	1	4	1	1
3008794	1	1	2	1	4	1	1
3008795	1	1	1	1	4	1	1
3008796	1	1	1	8	6	1	1
3008797	1	1	1	8	6	1	1
3008798	1	1	3	1	4	2	1
3008799	1	1	3	1	6	2	1
3008801	1	1	3	1	6	1	1
3008802	1	1	3	1	6	2	1
3008803	1	1	1	1	4	1	1
3008804	1	1	1	1	4	1	1
3008806	1	1	1	1	4	1	1
3008807	1	1	1	1	6	1	1
3008808	1	1	1	1	4	1	1
3008809	1	1	1	1	4	1	1
3008810	1	1	1	1	4	1	1
3008811	1	1	1	1	4	1	1
3008812	1	1	1	1	4	1	1
3008813	1	1	1	1	4	1	1
3008814	1	1	1	1	4	1	1
3008816	1	1	1	1	4	1	1
3008821	1	1	1	1	4	1	1
3008822	1	1	1	1	4	1	1
3008823	1	1	1	1	6	1	1
3008825	1	1	1	1	4	1	1
3008826	1	1	1	1	6	1	1
3008827	1	1	1	1	4	2	2
3008828	1	1	1	1	4	1	1
3008829	1	1	1	1	4	1	1
3008830	1	1	1	1	4	1	1
3008831	1	1	1	1	4	1	1
3008832	1	1	1	1	4	1	1
3008833	1	1	1	1	4	1	1
3008834	1	1	1	1	4	1	1
3008835	1	1	1	1	4	1	1
3008837	1	1	1	1	4	1	1
3008840	1	1	1	1	6	1	1
3008841	1	1	2	1	4	1	1
3008842	1	1	2	1	6	1	1
3008843	1	1	2	1	6	1	1
3008844	1	1	2	1	4	1	1
3008847	1	1	2	1	6	1	1
3008848	1	1	2	1	4	2	2
3008853	1	1	2	1	4	2	1
3008854	1	1	2	1	6	1	1
3008855	1	1	2	1	6	2	1
3008856	1	1	1	1	4	1	1
3008857	1	1	2	1	4	1	1
3008858	1	1	2	1	4	1	1
3008859	1	1	2	1	4	1	1
3008860	1	1	2	1	6	1	1
3008861	1	1	2	1	4	1	1
3008862	1	1	2	1	6	1	1
3008863	1	1	1	1	4	1	1
3008864	1	1	2	1	4	1	1
3008865	1	1	2	1	6	1	1
3008866	1	1	2	1	6	1	1
3008867	1	1	2	1	6	2	1
3008869	1	1	2	1	4	2	1
3008870	1	1	2	1	4	1	1
3008871	1	1	1	1	4	1	1
3008873	1	1	2	1	6	1	1
3008874	1	1	1	1	4	1	1
3008875	1	1	2	1	4	1	1
3008876	1	1	1	1	6	1	1
3008877	1	1	1	1	4	1	1
3008878	1	1	2	1	6	1	1
3008879	1	1	2	1	6	1	1
3008880	1	1	2	5	6	1	2
3008882	1	1	1	1	4	1	1
3008883	1	1	1	1	4	1	1
3008892	1	1	1	1	6	1	1
3008893	1	1	1	1	4	1	1
3008896	1	1	1	1	4	1	1
3008898	1	1	1	1	4	1	1
3008904	1	1	1	1	4	1	1
3008905	1	1	1	1	4	1	1
3008906	1	1	1	1	4	1	1
3008907	1	1	1	1	4	1	1
3008908	1	1	1	1	4	1	1
3008909	1	1	1	1	4	1	1
3008910	1	1	1	1	5	1	1
3008911	1	1	1	1	4	1	1
3008912	1	1	1	1	4	1	1
3008913	1	1	1	1	6	1	1
3008916	1	1	1	1	4	1	1
3008917	1	1	1	1	4	1	1
3008919	1	1	1	1	4	1	1
3008921	1	1	1	1	4	1	1
3008922	1	1	1	1	6	1	2
3008925	1	1	1	1	4	1	2
3008932	1	1	1	1	6	1	1
3008946	1	1	1	1	4	1	1
3008974	1	1	1	1	4	1	1
3008981	1	1	1	1	6	1	1
3008982	1	1	1	1	4	1	1
3008983	1	1	1	1	4	1	1
3008985	1	1	1	1	4	1	1
3008986	1	1	1	1	4	1	1
3008988	1	1	1	1	4	1	1
3008995	1	1	1	1	4	1	1
3009013	1	1	1	1	4	1	1
3009024	1	1	1	1	4	1	1
3009026	1	1	1	1	4	1	1
3009030	1	1	1	1	4	1	1
3009031	1	1	1	1	4	1	1
3009071	1	1	3	1	6	2	2
3009072	1	1	3	5	6	2	2
3009073	1	1	3	1	4	2	1
3009077	1	1	2	1	6	1	1
3009078	1	1	1	1	6	1	1
3009082	1	1	3	5	5	2	2
3009085	1	1	2	1	4	1	1
3009090	1	1	3	1	6	2	1
3009093	1	1	3	1	6	2	1
3009094	1	1	3	1	6	2	1
3009098	1	1	3	1	4	2	1
3009104	1	1	2	1	6	1	1
3009113	1	1	1	1	1	1	1
3009116	1	1	3	1	6	2	1
3009118	1	1	3	1	4	2	1
3009123	1	1	3	7	7	2	2
3009138	1	1	1	1	4	1	1
3009139	1	1	1	1	4	1	1
3009141	1	1	1	1	6	1	1
3009155	1	1	2	1	4	1	1
3009156	1	1	1	1	6	1	1
3009158	1	1	1	1	4	1	1
3009177	1	1	2	1	4	1	1
3009179	1	1	1	1	6	2	2
3009192	1	1	1	1	4	1	1
3009193	1	1	1	1	4	1	1
3009203	1	1	2	1	4	1	1
3009208	1	1	2	1	4	2	1
3009212	1	1	3	1	4	2	1
3009215	1	1	1	1	6	1	1
3009216	1	1	1	1	4	1	1
3009219	1	1	1	1	4	1	1
3009221	1	1	1	1	1	1	1
3009223	1	1	1	1	4	1	1
3009224	1	1	1	8	6	1	1
3009225	1	1	1	1	4	1	1
3009226	1	1	1	1	4	1	1
3009227	1	1	1	1	4	1	1
3009228	1	1	1	1	4	1	1
3009229	1	1	1	1	4	1	1
3009230	1	1	1	1	6	1	1
3009235	1	1	1	1	4	1	1
3009238	1	1	1	1	4	1	1
3009239	1	1	3	5	5	2	2
3009242	1	1	1	1	5	2	2
3009243	1	1	1	1	4	1	1
3009245	1	1	1	1	4	1	1
3009246	1	1	1	1	4	1	1
3009247	1	1	1	1	4	1	1
3009248	1	1	3	1	7	2	2
3009249	1	1	3	1	6	2	2
3009250	1	1	3	2	6	2	2
3009251	1	1	1	1	4	1	1
3009252	1	1	3	4	6	2	1
3009253	1	1	3	1	6	2	1
3009254	1	1	3	1	6	2	1
3009255	1	1	3	2	6	2	2
3009256	1	1	1	1	6	1	1
3009257	1	1	3	1	6	2	1
3009260	1	1	3	1	6	2	2
3009261	1	1	3	3	7	2	2
3009265	1	1	3	1	6	2	2
3009266	1	1	3	1	6	2	1
3009268	1	1	3	1	6	2	2
3009272	1	1	3	5	6	2	2
3009274	1	1	3	1	6	2	2
3009275	1	1	3	5	6	2	2
3009277	1	1	1	1	6	1	1
3009279	1	1	3	1	6	2	1
3009281	1	1	1	1	6	1	1
3009282	1	1	1	1	4	1	1
3009284	1	1	2	1	6	2	2
3009286	1	1	2	1	6	2	2
3009288	1	1	1	1	4	1	1
3009295	1	1	3	1	6	2	1
3009296	1	1	3	1	6	2	2
3009297	1	1	2	1	4	2	1
3009299	1	1	3	1	6	2	2
3009301	1	1	2	1	6	2	1
3009302	1	1	3	6	6	2	1
3009303	1	1	3	1	6	2	2
3009305	1	1	1	1	4	2	2
3009310	1	1	1	1	4	1	1
3009311	1	1	3	1	6	2	2
3009313	1	1	1	1	4	1	1
3009314	1	1	1	1	4	1	1
3009316	1	1	1	1	4	1	1
3009318	1	1	1	1	4	2	2
3009320	1	1	1	1	4	1	1
3009321	1	1	1	1	4	1	1
3009323	1	1	1	1	4	1	1
3009324	1	1	1	1	6	1	1
3009325	1	1	1	1	4	1	1
3009326	1	1	1	3	4	2	2
3009327	1	1	3	1	4	2	1
3009328	1	1	3	1	4	2	1
3009331	1	1	1	1	4	1	1
3009332	1	1	1	1	4	1	1
3009333	1	1	1	1	4	1	1
3009334	1	1	1	1	4	1	1
3009338	1	1	1	1	4	1	1
3009340	1	1	1	1	4	1	1
3009341	1	1	1	1	4	1	1
3009342	1	1	3	1	6	2	2
3009343	1	1	3	1	4	2	2
3009349	1	1	1	1	4	1	1
3009350	1	1	3	1	6	2	2
3009351	1	1	1	1	4	2	2
3009352	1	1	1	1	4	1	1
3009353	1	1	1	1	4	1	1
3009354	1	1	1	1	4	1	1
3009356	1	1	1	1	4	1	1
3009357	1	1	1	1	4	1	1
3009358	1	1	1	1	4	1	1
3009359	1	1	1	1	4	2	2
3009360	1	1	1	1	4	1	1
3009361	1	1	1	1	4	1	1
3009362	1	1	1	1	4	2	2
3009369	1	1	1	1	4	1	1
3009370	1	1	3	1	4	2	2
3009371	1	1	1	1	4	1	2
3009372	1	1	1	1	4	1	1
3009375	1	1	1	1	4	1	1
3009377	1	1	1	1	4	2	2
3009378	1	1	1	1	4	2	2
3009380	1	1	1	1	6	2	2
3009383	1	1	1	5	4	2	1
3009386	1	1	1	1	6	1	2
3009387	1	1	1	1	4	1	1
3009388	1	1	3	1	4	2	1
3009389	1	1	1	1	4	1	1
3009390	1	1	1	1	4	1	1
3009391	1	1	1	1	4	2	2
3009392	1	1	1	1	4	1	1
3009393	1	1	1	1	4	1	1
3009394	1	1	3	1	6	2	1
3009396	1	1	1	1	6	1	1
3009397	1	1	1	1	4	1	1
3009398	1	1	1	1	4	1	1
3009399	1	1	1	1	4	2	1
3009400	1	1	1	1	6	1	1
3009411	1	1	3	1	4	2	1
3009423	1	1	1	1	6	1	1
3009430	1	1	3	5	6	2	2
3009431	1	1	2	1	4	1	1
3009442	1	1	1	1	2	1	1
3009444	1	1	1	1	4	1	1
3009445	1	1	1	1	6	1	1
3009458	1	1	1	1	4	2	1
3009464	1	1	3	1	4	2	1
3009469	1	1	1	1	4	1	1
3009475	1	1	1	1	4	2	2
3009480	1	1	3	1	7	2	2
3009487	1	1	1	1	6	1	1
3009502	1	1	1	1	4	1	1
3009503	1	1	1	1	6	1	1
3009506	1	1	2	1	6	1	1
3009524	1	1	1	1	6	1	1
3009528	1	1	1	1	6	1	1
3009530	1	1	1	1	4	1	1
3009532	1	1	1	1	4	1	1
3009546	1	1	1	1	4	2	2
3009555	1	1	1	1	6	1	1
3009562	1	1	1	1	6	1	1
3009569	1	1	1	1	4	1	1
3009572	1	1	1	1	4	1	1
3009573	1	1	2	1	6	1	1
3009575	1	1	1	1	4	1	1
3009579	1	1	1	1	4	1	1
3009589	1	1	1	1	4	1	1
3009591	1	1	1	1	4	2	2
3009594	1	1	1	1	4	1	1
3009596	1	1	1	1	6	1	1
3009597	1	1	1	1	4	1	1
3009606	1	1	1	1	6	1	1
3009614	1	1	1	1	4	1	1
3009616	1	1	1	1	4	1	1
3009617	1	1	1	1	6	2	1
3009618	1	1	1	1	4	1	1
3009626	1	1	1	1	4	1	1
3009634	1	1	1	1	4	2	2
3009645	1	1	1	1	4	1	1
3009646	1	1	3	1	4	2	1
3009647	1	1	3	1	6	2	2
3009648	1	1	3	1	4	2	1
3009651	1	1	1	1	4	2	2
3009654	1	1	3	1	6	2	1
3009655	1	1	1	1	4	1	1
3009656	1	1	3	1	6	2	1
3009657	1	1	1	1	4	1	1
3009658	1	1	3	1	4	2	2
3009659	1	1	3	1	4	2	1
3009661	1	1	1	1	4	1	1
3009663	1	1	1	1	6	1	1
3009666	1	1	3	1	6	2	2
3009669	1	1	1	1	4	1	1
3009670	1	1	3	1	4	2	2
3009672	1	1	1	1	4	1	1
3009673	1	1	1	1	6	1	1
3009677	1	1	2	1	4	1	1
3009678	1	1	3	1	7	2	2
3009679	1	1	3	1	6	2	1
3009680	1	1	3	1	6	2	2
3009682	1	1	3	1	4	2	1
3009685	1	1	2	1	6	1	1
3009690	1	1	1	1	4	1	1
3009709	1	1	3	1	4	2	1
3009717	1	1	3	1	6	2	1
3009725	1	1	1	1	4	1	1
3009728	1	1	1	1	4	1	1
3009733	1	1	1	1	4	1	1
3009738	1	1	1	1	4	1	1
3009741	1	1	3	1	6	2	1
3009742	1	1	3	1	5	2	1
3009744	1	1	1	1	2	1	1
3009747	1	1	1	1	1	1	1
3009749	1	1	1	1	4	1	1
3009759	1	1	1	1	6	1	1
3009760	1	1	1	1	4	1	1
3009761	1	1	1	1	4	1	1
3009763	1	1	1	1	4	1	1
3009765	1	1	1	1	4	1	1
3009766	1	1	1	1	4	1	1
3009777	1	1	1	1	4	1	1
3009778	1	1	1	1	4	1	1
3009779	1	1	1	1	4	1	1
3009805	1	1	1	1	4	1	1
3009891	1	1	3	1	4	2	2
3009894	1	1	3	1	6	2	2
3009919	1	1	1	1	4	1	1
3009920	1	1	3	1	6	2	2
3009923	1	1	1	1	3	1	1
3009927	1	1	1	1	3	1	1
3009928	1	1	1	1	4	1	1
3009931	1	1	1	1	4	1	1
3009933	1	1	1	1	4	1	1
3009942	1	1	1	1	4	1	1
3009952	1	1	1	1	4	1	1
3009968	1	1	1	1	4	1	2
3009969	1	1	1	5	5	1	1
3009970	1	1	1	1	6	1	1
3009972	1	1	1	1	4	1	1
3009973	1	1	1	1	4	1	1
3009974	1	1	1	1	4	1	1
3009989	1	1	1	1	4	1	1
3009999	1	1	1	1	4	1	1
3010000	1	1	1	1	4	1	1
3010001	1	1	1	1	4	2	2
3010002	1	1	1	1	4	1	1
3010003	1	1	3	4	7	2	2
3010004	1	1	1	1	4	2	2
3010005	1	1	3	3	6	2	2
3010007	1	1	1	1	6	2	2
3010136	1	1	1	1	4	1	1
3010137	1	1	1	1	4	1	1
3010138	1	1	1	1	4	1	1
3010139	1	1	1	1	4	1	1
3010140	1	1	1	1	4	1	1
3010141	1	1	1	1	4	1	1
3010142	1	1	1	1	4	1	1
3010143	1	1	1	1	4	1	1
3010144	1	1	1	1	4	1	1
3010145	1	1	1	1	4	1	1
3010146	1	1	1	1	4	1	1
3010147	1	1	1	1	4	1	1
3010148	1	1	3	1	6	2	2
3010149	1	1	1	1	4	1	1
3010150	1	1	2	1	6	2	2
3010151	1	1	2	1	6	2	2
3010152	1	1	2	1	6	2	2
3010155	1	1	1	1	2	1	1
3010156	1	1	1	1	6	1	1
3010157	1	1	2	5	6	2	2
3010171	1	1	1	8	6	1	1
3010631	1	1	2	1	6	1	1
3010632	1	1	2	1	6	1	1
3010633	1	1	1	1	4	1	1
3010634	1	1	1	1	4	1	2
3010636	1	1	1	1	4	2	2
3010637	1	1	2	1	4	1	2
3010638	1	1	2	1	6	1	1
3010639	1	1	2	5	7	1	1
3010641	1	1	1	1	4	1	1
3010644	1	1	1	1	4	1	1
3010649	1	1	1	1	6	1	1
3010650	1	1	1	1	6	1	1
3010651	1	1	1	1	6	1	1
3010652	1	1	1	1	4	1	1
3010653	1	1	2	1	6	2	2
3010656	1	1	2	1	4	2	2
3010700	1	1	1	1	4	1	1
3010701	1	1	1	1	6	1	1
3010702	1	1	2	1	4	1	1
3010705	1	1	1	1	4	1	1
3010706	1	1	1	1	4	1	1
3010707	1	1	1	1	6	1	1
3010708	1	1	1	1	6	1	1
3010709	1	1	1	1	6	1	1
3010710	1	1	1	1	6	1	1
3010719	1	1	2	7	7	2	2
3010720	1	1	2	7	6	2	2
3010721	1	1	1	1	6	2	1
3010722	1	1	1	1	6	1	1
3010723	1	1	1	1	6	1	1
3010724	1	1	1	1	6	1	1
3010726	1	1	2	1	4	2	2
3010729	1	1	2	1	6	2	2
3010730	1	1	1	1	6	2	1
3010731	1	1	1	5	6	2	1
3010732	1	1	1	1	4	2	1
3010734	1	1	2	1	7	2	2
3010735	1	1	2	5	4	2	2
3010736	1	1	2	1	7	2	2
3010737	1	1	2	1	6	2	2
3010738	1	1	2	5	6	2	2
3010739	1	1	2	1	2	2	2
3010740	1	1	2	1	6	2	1
3010741	1	1	2	1	7	2	2
3010742	1	1	2	5	5	2	1
3010743	1	1	2	1	6	2	2
3010744	1	1	1	1	4	1	1
3010745	1	1	1	1	4	2	1
3010746	1	1	1	1	6	2	1
3010747	1	1	1	1	6	2	1
3010748	1	1	1	1	4	1	1
3010749	1	1	1	1	6	2	1
3010750	1	1	1	1	4	1	1
3010751	1	1	1	1	4	2	1
3010752	1	1	1	1	4	2	1
3010753	1	1	1	1	6	2	1
3010754	1	1	1	1	4	2	1
3010755	1	1	2	1	5	2	2
3010756	1	1	2	5	5	2	2
3010757	1	1	2	1	2	2	2
3010758	1	1	1	1	4	1	1
3010759	1	1	2	5	2	2	2
3010760	1	1	1	5	6	1	1
3010761	1	1	1	1	6	1	1
3010762	1	1	1	5	6	1	1
3010763	1	1	1	5	5	1	1
3010764	1	1	1	1	6	2	1
3010766	1	1	1	1	6	1	1
3010767	1	1	1	5	5	2	1
3010768	1	1	2	1	4	1	1
3010769	1	1	1	1	6	1	1
3010770	1	1	1	1	6	1	1
3010773	1	1	1	1	4	1	1
3010774	1	1	1	1	2	1	1
3010775	1	1	1	1	4	2	2
3010776	1	1	1	1	6	1	1
3010777	1	1	2	5	2	2	1
3010778	1	1	2	5	5	2	1
3010779	1	1	2	5	5	2	1
3010780	1	1	2	2	5	2	1
3010781	1	1	2	5	5	2	1
3010782	1	1	2	5	5	2	1
3010783	1	1	2	5	5	2	1
3010784	1	1	3	4	6	2	1
3010785	1	1	2	7	5	2	1
3010786	1	1	2	7	5	2	1
3010787	1	1	2	1	5	2	1
3010788	1	1	2	5	2	2	1
3010789	1	1	2	7	5	2	1
3010790	1	1	2	7	5	2	1
3010791	1	1	2	7	5	2	1
3010792	1	1	2	2	5	2	1
3010793	1	1	2	7	5	2	1
3010796	1	1	1	1	4	1	1
3010797	1	1	3	5	5	2	2
3010798	1	1	1	1	4	1	1
3010799	1	1	1	1	6	1	1
3010800	1	1	2	1	6	1	1
3010801	1	1	2	1	5	2	1
3010802	1	1	2	1	4	1	1
3010803	1	1	1	1	4	1	1
3010804	1	1	2	1	6	1	1
3010805	1	1	2	5	7	1	1
3010806	1	1	2	1	5	1	1
3010807	1	1	2	1	6	1	1
3010808	1	1	2	1	5	1	1
3010809	1	1	2	1	6	1	1
3010810	1	1	2	1	4	2	1
3010811	1	1	2	1	6	1	1
3010815	1	1	3	1	5	2	2
3010816	1	1	3	5	5	2	2
3010817	1	1	3	5	5	2	2
3010818	1	1	3	5	5	2	2
3010819	1	1	3	1	5	2	2
3010820	1	1	3	5	5	2	2
3010821	1	1	3	5	5	2	2
3010823	1	1	2	1	4	2	1
3010825	1	1	2	1	6	2	1
3010826	1	1	2	1	6	2	1
3010827	1	1	2	1	5	2	1
3010828	1	1	2	1	6	2	1
3010830	1	1	2	5	5	2	1
3010831	1	1	2	5	5	2	1
3010832	1	1	2	1	5	2	1
3010833	1	1	2	1	5	2	1
3010834	1	1	2	5	5	2	1
3010835	1	1	2	1	5	2	2
3010836	1	1	2	1	4	2	1
3010840	1	1	2	5	5	2	1
3010841	1	1	2	5	5	2	1
3010842	1	1	2	5	5	2	1
3010843	1	1	2	5	5	2	1
3010844	1	1	2	5	5	2	1
3010845	1	1	2	5	5	2	1
3010846	1	1	2	5	5	2	1
3010847	1	1	2	1	5	2	1
3010848	1	1	2	1	4	2	1
3010849	1	1	2	5	5	2	1
3010850	1	1	2	5	5	2	1
3010851	1	1	2	1	6	2	1
3010852	1	1	2	1	6	2	1
3010853	1	1	2	1	4	2	1
3010854	1	1	2	1	6	2	1
3010855	1	1	2	5	5	2	1
3010856	1	1	2	5	5	2	1
3010857	1	1	2	5	5	2	1
3010858	1	1	2	5	5	2	1
3010859	1	1	2	1	6	2	1
3010860	1	1	2	5	5	2	1
3010861	1	1	2	5	5	2	1
3010862	1	1	2	5	5	2	1
3010863	1	1	2	1	5	2	1
3010864	1	1	2	1	6	1	1
3010881	1	1	1	1	4	1	1
3010882	1	1	1	5	5	1	1
3010883	1	1	1	5	5	2	1
3010884	1	1	1	5	5	2	1
3010885	1	1	1	5	5	2	1
3010886	1	1	1	1	5	2	1
3010887	1	1	1	5	5	1	1
3010888	1	1	1	1	5	1	1
3010890	1	1	1	1	4	1	1
3010891	1	1	1	1	7	1	1
3010892	1	1	1	5	6	2	1
3010893	1	1	1	1	6	2	1
3010894	1	1	1	1	6	2	1
3010895	1	1	1	1	5	1	1
3010896	1	1	1	1	6	1	1
3010897	1	1	1	1	6	1	1
3010898	1	1	1	1	4	1	1
3010899	1	1	1	1	6	1	1
3010900	1	1	1	1	4	1	1
3010901	1	1	1	1	5	2	1
3010902	1	1	1	1	4	1	1
3010903	1	1	1	1	4	2	1
3010904	1	1	1	1	6	1	1
3010905	1	1	1	1	4	1	1
3010911	1	1	1	1	4	1	1
3010912	1	1	1	1	5	2	2
3010921	1	1	1	5	5	1	1
3010923	1	1	1	1	4	1	1
3010940	1	1	1	1	6	1	1
3010951	1	1	1	7	6	1	1
3010953	1	1	1	1	6	1	1
3010954	1	1	1	1	5	1	1
3010979	1	1	1	1	6	1	1
3011031	1	1	1	1	6	1	1
3011033	1	1	2	1	4	2	2
3011034	1	1	2	1	4	2	2
3011035	1	1	1	6	6	1	1
3011036	1	1	1	1	6	1	2
3011037	1	1	1	1	4	1	1
3011038	1	1	3	1	6	2	2
3011039	1	1	3	5	5	2	2
3011040	1	1	3	1	6	2	2
3011041	1	1	3	5	5	2	2
3011042	1	1	3	1	6	2	2
3011043	1	1	3	5	6	2	2
3011044	1	1	3	5	5	2	2
3011045	1	1	3	3	5	2	2
3011046	1	1	3	5	5	2	2
3011047	1	1	3	1	6	2	2
3011048	1	1	3	3	5	2	2
3011051	1	1	1	1	4	1	1
3011052	1	1	1	1	4	1	1
3011055	1	1	1	1	4	1	1
3011057	1	1	3	1	6	2	2
3011058	1	1	3	1	6	2	2
3011059	1	1	1	1	6	2	2
3011114	1	1	3	4	6	2	1
3011119	1	1	1	1	6	2	2
3011136	1	1	3	1	6	1	1
3011149	1	1	2	1	4	1	1
3011159	1	1	1	1	4	1	1
3013245	1	1	1	1	4	1	1
3013246	1	1	1	1	4	1	1
3013247	1	1	1	1	6	1	1
3013249	1	1	1	1	4	1	1
3013250	1	1	1	1	4	1	1
3013251	1	1	1	1	6	1	1
3013253	1	1	1	1	4	1	1
3013254	1	1	1	1	4	1	1
3013258	1	1	1	1	4	1	1
3013266	1	1	1	1	6	1	1
3013267	1	1	1	1	4	1	1
3013280	1	1	1	1	4	2	1
3013281	1	1	1	1	6	2	1
3013282	1	1	1	1	6	2	1
3013283	1	1	1	1	4	2	2
3013284	1	1	1	1	6	2	1
3013285	1	1	1	1	6	2	1
3013292	1	1	1	1	6	1	1
3013294	1	1	1	1	6	1	1
3013295	1	1	1	1	4	2	1
3013298	1	1	1	1	6	1	1
3013300	1	1	1	1	4	1	1
3013303	1	1	1	5	6	2	2
3013304	1	1	1	1	6	2	1
3013308	1	1	1	1	6	1	1
3013309	1	1	1	1	6	2	1
3013310	1	1	1	1	6	1	1
3013312	1	1	2	1	6	2	1
3013313	1	1	2	1	4	1	1
3013334	1	1	3	5	5	2	2
3013348	1	1	1	5	6	2	1
3013352	1	1	1	1	4	1	1
3013360	1	1	1	1	4	1	1
3013361	1	1	1	1	4	1	1
3013362	1	1	1	1	4	1	1
3013369	1	1	2	1	6	1	1
3013370	1	1	2	1	6	1	1
3013371	1	1	2	1	6	1	1
3013372	1	1	1	1	4	1	1
3013375	1	1	1	1	4	1	1
3013376	1	1	2	1	6	1	1
3013379	1	1	3	1	4	2	2
3013380	1	1	1	1	4	1	1
3013381	1	1	1	1	4	1	1
3013382	1	1	1	1	4	1	1
3013387	1	1	1	1	4	1	1
3013392	1	1	1	1	4	1	1
3013400	1	1	1	1	4	1	1
3013401	1	1	1	1	4	1	1
3013402	1	1	1	1	4	1	1
3013417	1	1	1	1	4	1	1
3013418	1	1	1	1	4	1	1
3013421	1	1	1	1	4	1	1
3013426	1	1	1	1	4	1	1
3013429	1	1	3	1	4	2	2
3013431	1	1	3	1	4	2	2
3013433	1	1	1	1	4	1	1
3013434	1	1	1	1	4	1	1
3013435	1	1	3	1	6	2	2
3013437	1	1	1	1	4	1	1
3013438	1	1	1	1	3	1	1
3013439	1	1	3	8	7	2	2
3013440	1	1	1	1	4	1	1
3013441	1	1	3	1	6	2	2
3013442	1	1	1	1	4	1	1
3013443	1	1	3	5	6	2	2
3013444	1	1	3	1	6	2	2
3013445	1	1	3	1	4	2	2
3013446	1	1	3	1	4	2	2
3013447	1	1	1	1	4	1	1
3013453	1	1	1	1	4	1	1
3013455	1	1	1	1	4	1	1
3013457	1	1	1	1	4	1	1
3013458	1	1	1	1	3	1	1
3013461	1	1	1	1	4	1	1
3013462	1	1	1	1	4	1	1
3013463	1	1	1	1	4	1	1
3013464	1	1	1	1	4	1	1
3013468	1	1	1	1	2	1	1
3013474	1	1	1	1	4	1	1
3013475	1	1	2	5	6	1	1
3013476	1	1	1	1	4	1	1
3013477	1	1	2	5	6	1	1
3013478	1	1	1	1	4	1	1
3013479	1	1	1	1	6	1	1
3013480	1	1	1	1	4	1	1
3013481	1	1	3	1	6	2	2
3013482	1	1	3	1	4	2	2
3013483	1	1	1	1	6	1	1
3013484	1	1	3	1	4	2	1
3013485	1	1	1	1	6	1	1
3013486	1	1	3	1	6	2	1
3013487	1	1	3	1	6	2	1
3013488	1	1	3	1	6	2	1
3013489	1	1	3	1	6	2	1
3013490	1	1	2	1	6	2	1
3013491	1	1	3	5	6	2	1
3013492	1	1	2	1	6	2	1
3013493	1	1	2	1	6	1	1
3013494	1	1	2	1	6	1	1
3013495	1	1	2	1	6	2	1
3013496	1	1	3	5	6	2	1
3013497	1	1	2	1	6	1	1
3013498	1	1	1	1	4	1	1
3013499	1	1	1	1	4	1	1
3013502	1	1	1	1	4	1	1
3013503	1	1	1	1	4	1	1
3013504	1	1	1	1	4	1	1
3013508	1	1	1	1	4	1	1
3013518	1	1	2	1	6	1	1
3013519	1	1	3	2	6	2	1
3013520	1	1	3	1	6	2	1
3013521	1	1	3	1	6	2	1
3013522	1	1	1	1	4	1	1
3013523	1	1	3	1	6	2	1
3013524	1	1	3	4	7	2	2
3013525	1	1	1	1	4	1	1
3013527	1	1	3	2	6	2	1
3013529	1	1	1	1	6	1	1
3013536	1	1	1	1	6	1	1
3013546	1	1	1	1	4	1	1
3013556	1	1	3	2	5	2	2
3013557	1	1	3	1	4	2	1
3013558	1	1	3	1	6	2	2
3013560	1	1	3	1	4	2	2
3013561	1	1	3	1	4	2	1
3013562	1	1	3	1	4	2	1
3013563	1	1	3	1	4	2	1
3013564	1	1	1	1	4	1	1
3013565	1	1	1	1	4	1	1
3013575	1	1	3	7	6	1	1
3013576	1	1	3	1	6	2	1
3013577	1	1	3	1	6	2	1
3013578	1	1	3	8	6	2	1
3013579	1	1	3	1	4	2	1
3013580	1	1	3	1	6	2	2
3013581	1	1	3	1	4	2	1
3013582	1	1	3	1	6	2	1
3013583	1	1	3	1	6	2	1
3013584	1	1	3	1	6	2	1
3013585	1	1	1	1	4	1	1
3013588	1	1	1	1	4	1	1
3013589	1	1	1	1	4	1	1
3013590	1	1	1	1	4	1	1
3013591	1	1	1	1	2	1	1
3013593	1	1	1	1	4	1	1
3013594	1	1	1	1	4	1	1
3013595	1	1	1	1	4	1	1
3013596	1	1	1	1	4	1	1
3013598	1	1	3	1	6	2	2
3013599	1	1	3	1	6	2	1
3013600	1	1	1	1	4	1	1
3013601	1	1	1	1	4	1	1
3013602	1	1	3	1	4	2	1
3013603	1	1	3	1	6	2	1
3013604	1	1	1	1	4	1	1
3013605	1	1	1	1	4	1	1
3013606	1	1	1	1	4	1	1
3013608	1	1	3	2	6	2	2
3013609	1	1	1	1	4	1	1
3013610	1	1	1	1	4	1	1
3013611	1	1	1	1	4	1	1
3013612	1	1	1	1	4	1	1
3013613	1	1	1	1	4	1	1
3013614	1	1	1	1	4	1	1
3013615	1	1	1	1	4	1	1
3013616	1	1	3	3	6	2	2
3013617	1	1	1	1	4	1	1
3013618	1	1	3	1	5	2	2
3013619	1	1	3	1	6	2	2
3013621	1	1	1	1	4	1	1
3013622	1	1	1	1	4	1	1
3013623	1	1	3	5	7	2	2
3013624	1	1	3	1	6	2	2
3013625	1	1	3	1	7	2	2
3013626	1	1	1	1	4	1	1
3013627	1	1	3	1	6	2	2
3013628	1	1	3	1	4	2	1
3013629	1	1	3	1	7	2	2
3013630	1	1	3	1	6	2	2
3013631	1	1	3	5	6	2	2
3013632	1	1	3	5	5	2	2
3013633	1	1	3	1	4	2	1
3013634	1	1	1	1	4	1	1
3013635	1	1	3	4	7	2	2
3013636	1	1	3	5	5	2	1
3013637	1	1	1	1	4	1	1
3013638	1	1	1	1	4	1	1
3013640	1	1	3	5	5	2	1
3013641	1	1	1	1	4	1	1
3013642	1	1	1	1	4	1	1
3013643	1	1	1	1	4	1	1
3013644	1	1	3	1	6	2	1
3013645	1	1	1	1	4	1	1
3013646	1	1	1	1	4	1	1
3013647	1	1	3	1	6	2	1
3013648	1	1	1	1	4	1	1
3013649	1	1	1	1	4	1	1
3013651	1	1	1	1	4	1	1
3013652	1	1	3	1	6	2	2
3013653	1	1	1	1	6	1	1
3013654	1	1	3	2	6	2	1
3013655	1	1	3	1	6	2	1
3013656	1	1	3	1	6	2	1
3013657	1	1	3	1	6	2	1
3013658	1	1	3	1	5	2	2
3013659	1	1	3	5	6	2	1
3013660	1	1	1	1	4	1	1
3013661	1	1	3	7	7	2	1
3013662	1	1	3	1	6	2	1
3013663	1	1	3	1	6	2	1
3013664	1	1	1	1	4	1	1
3013666	1	1	3	1	6	2	2
3013667	1	1	3	1	4	2	1
3013668	1	1	3	1	6	2	1
3013670	1	1	3	1	6	2	1
3013671	1	1	3	1	4	2	1
3013673	1	1	3	1	4	2	1
3013674	1	1	3	2	5	2	1
3013675	1	1	3	4	5	2	2
3013676	1	1	1	1	4	1	1
3013677	1	1	1	1	4	1	1
3013678	1	1	1	1	4	1	1
3013679	1	1	1	1	4	1	1
3013680	1	1	1	1	4	1	1
3013681	1	1	1	1	4	1	1
3013682	1	1	1	1	4	1	1
3013683	1	1	1	1	4	1	1
3013684	1	1	1	1	4	1	1
3013685	1	1	1	1	4	1	1
3013686	1	1	1	1	4	1	1
3013687	1	1	1	1	4	1	1
3013688	1	1	1	1	4	1	1
3013689	1	1	1	1	4	1	1
3013690	1	1	1	1	4	1	1
3013691	1	1	1	1	4	1	1
3013692	1	1	1	1	4	1	1
3013693	1	1	1	1	4	1	1
3013694	1	1	1	1	1	1	1
3013695	1	1	1	1	4	1	1
3013696	1	1	1	1	4	1	1
3013697	1	1	1	1	4	1	1
3013698	1	1	1	1	4	1	1
3013699	1	1	1	1	4	1	1
3013700	1	1	1	1	4	1	1
3013701	1	1	1	1	4	1	1
3013702	1	1	1	1	6	1	1
3013703	1	1	1	1	4	1	1
3013704	1	1	1	1	4	1	1
3013705	1	1	1	1	4	1	1
3013706	1	1	1	1	6	1	1
3013707	1	1	1	1	4	1	1
3013708	1	1	1	1	4	1	1
3013709	1	1	1	1	4	1	1
3013710	1	1	1	1	4	1	1
3013711	1	1	1	1	4	1	1
3013712	1	1	1	1	4	1	1
3013713	1	1	1	1	4	1	1
3013714	1	1	1	1	4	1	1
3013715	1	1	1	1	4	1	1
3013716	1	1	1	1	4	1	1
3013717	1	1	1	1	4	1	1
3013718	1	1	1	1	4	1	1
3013719	1	1	1	1	4	1	1
3013720	1	1	3	1	6	2	2
3013721	1	1	1	1	4	1	1
3013722	1	1	1	1	4	1	1
3013723	1	1	2	1	6	1	1
3013724	1	1	2	1	4	1	1
3013725	1	1	1	1	4	1	1
3013726	1	1	1	1	4	1	1
3013727	1	1	2	1	6	1	1
3013728	1	1	2	1	6	1	1
3013729	1	1	2	1	6	1	1
3013731	1	1	2	1	6	1	1
3013732	1	1	1	1	4	1	1
3013733	1	1	1	1	4	1	1
3013734	1	1	3	1	4	2	2
3013735	1	1	2	1	4	1	1
3013736	1	1	1	1	4	1	1
3013737	1	1	1	1	4	1	1
3013738	1	1	1	1	4	1	1
3013739	1	1	1	1	4	1	1
3013740	1	1	1	1	4	1	1
3013742	1	1	1	1	6	1	1
3013743	1	1	1	1	4	1	1
3013744	1	1	3	1	6	2	2
3013745	1	1	3	1	6	2	2
3013746	1	1	3	4	6	2	2
3013747	1	1	1	1	4	1	1
3013748	1	1	3	5	7	2	2
3013749	1	1	3	1	6	2	2
3013750	1	1	1	1	6	1	1
3013751	1	1	3	1	6	2	2
3013752	1	1	3	1	4	2	1
3013753	1	1	1	1	4	1	1
3013754	1	1	3	1	6	2	2
3013755	1	1	3	1	6	2	2
3013756	1	1	1	1	4	1	1
3013757	1	1	3	1	7	2	2
3013758	1	1	3	1	4	2	2
3013759	1	1	1	1	4	1	1
3013760	1	1	1	1	4	1	1
3013761	1	1	3	1	4	2	1
3013762	1	1	3	1	6	2	1
3013763	1	1	3	1	6	2	1
3013764	1	1	3	7	7	2	1
3013765	1	1	3	1	6	2	1
3013766	1	1	1	1	4	1	1
3013767	1	1	1	1	4	1	1
3013768	1	1	1	1	4	1	1
3013769	1	1	1	1	2	1	1
3013770	1	1	1	1	4	1	1
3013771	1	1	1	1	4	1	1
3013772	1	1	1	1	4	1	1
3013773	1	1	3	1	6	2	2
3013774	1	1	3	1	6	2	2
3013775	1	1	3	1	6	2	2
3013776	1	1	1	1	4	1	1
3013777	1	1	1	1	4	1	1
3013778	1	1	1	1	6	1	1
3013779	1	1	3	1	6	2	2
3013780	1	1	1	1	4	1	1
3013781	1	1	1	1	4	1	1
3013782	1	1	3	1	6	2	1
3013783	1	1	1	1	4	1	1
3013784	1	1	1	1	4	1	1
3013785	1	1	1	1	4	1	1
3013786	1	1	3	1	6	2	1
3013787	1	1	1	1	4	1	1
3013788	1	1	1	1	5	1	1
3013789	1	1	1	1	4	1	1
3013790	1	1	1	1	4	1	1
3013791	1	1	1	1	4	1	1
3013792	1	1	1	1	4	1	1
3013793	1	1	3	1	6	2	1
3013794	1	1	3	1	6	2	1
3013795	1	1	3	5	6	2	1
3013796	1	1	1	1	4	1	1
3013797	1	1	1	1	4	1	1
3013798	1	1	3	1	6	2	2
3013799	1	1	1	1	4	1	1
3013800	1	1	1	1	4	1	1
3013801	1	1	1	1	4	1	1
3013802	1	1	3	5	6	2	2
3013803	1	1	1	1	4	1	1
3013804	1	1	1	1	6	1	1
3013805	1	1	3	7	7	2	2
3013806	1	1	1	1	4	1	1
3013807	1	1	3	1	6	2	1
3013808	1	1	1	1	4	1	1
3013809	1	1	3	1	6	2	2
3013810	1	1	1	1	4	1	1
3013811	1	1	1	1	4	1	1
3013812	1	1	1	1	5	1	1
3013813	1	1	1	1	4	1	1
3013814	1	1	1	1	6	1	1
3013815	1	1	1	1	4	1	1
3013816	1	1	1	1	4	1	1
3013817	1	1	1	1	4	1	1
3013818	1	1	1	1	4	1	1
3013819	1	1	1	1	4	1	1
3013820	1	1	1	1	6	1	1
3013822	1	1	1	1	4	1	1
3013823	1	1	1	1	4	1	1
3013824	1	1	1	1	4	1	1
3013825	1	1	1	1	4	1	1
3013826	1	1	1	1	4	1	1
3013827	1	1	1	1	4	1	1
3013828	1	1	1	1	4	1	1
3013829	1	1	1	1	4	1	1
3013830	1	1	3	1	6	2	2
3013831	1	1	1	1	4	1	1
3013837	1	1	1	1	4	1	1
3013842	1	1	3	1	6	2	2
3013843	1	1	1	1	4	1	1
3013844	1	1	1	1	4	1	1
3013845	1	1	1	1	4	1	1
3013846	1	1	1	1	4	1	1
3013847	1	1	1	1	4	1	1
3013848	1	1	1	1	4	1	1
3013849	1	1	1	1	4	1	1
3013850	1	1	1	1	4	1	1
3013851	1	1	1	1	4	1	1
3013852	1	1	1	1	4	1	1
3013853	1	1	1	1	4	1	1
3013854	1	1	1	1	4	1	1
3013855	1	1	1	1	4	1	1
3013856	1	1	1	1	4	1	1
3013857	1	1	1	1	4	1	1
3013858	1	1	1	1	4	1	1
3013859	1	1	1	1	4	1	1
3013860	1	1	1	1	4	1	1
3013861	1	1	1	1	4	1	1
3013862	1	1	1	1	4	1	1
3013863	1	1	1	1	4	1	1
3013864	1	1	1	1	4	1	1
3013865	1	1	1	1	4	1	1
3013866	1	1	1	1	2	1	1
3013867	1	1	1	1	2	1	1
3013868	1	1	1	1	4	1	1
3013869	1	1	1	1	4	1	1
3013870	1	1	1	1	6	1	1
3013871	1	1	1	1	4	1	1
3013872	1	1	1	1	4	1	1
3013873	1	1	1	1	4	1	1
3013874	1	1	1	1	4	1	1
3013876	1	1	1	1	4	1	1
3013877	1	1	1	1	4	1	1
3013878	1	1	3	1	6	2	2
3013879	1	1	3	1	4	2	2
3013880	1	1	3	5	7	2	2
3013881	1	1	1	1	6	1	1
3013882	1	1	1	1	4	1	1
3013883	1	1	3	1	6	2	2
3013884	1	1	1	1	4	1	1
3013885	1	1	1	1	6	1	1
3013886	1	1	3	1	6	2	2
3013887	1	1	1	1	4	1	1
3013888	1	1	3	1	6	2	2
3013889	1	1	1	1	4	1	1
3013890	1	1	1	1	4	1	1
3013891	1	1	1	1	6	1	1
3013892	1	1	1	1	4	1	1
3013893	1	1	1	1	4	1	1
3013894	1	1	1	1	4	1	1
3013895	1	1	1	1	4	1	1
3013896	1	1	1	1	4	1	1
3013897	1	1	1	1	4	1	1
3013898	1	1	1	1	4	1	1
3013899	1	1	1	1	4	1	1
3013900	1	1	1	1	4	1	1
3013901	1	1	1	1	4	1	1
3013902	1	1	1	1	4	1	1
3013903	1	1	1	1	4	1	1
3013904	1	1	3	1	4	2	2
3013905	1	1	1	1	4	1	1
3013906	1	1	1	1	1	1	1
3013907	1	1	1	1	4	1	1
3013908	1	1	1	1	4	1	1
3013909	1	1	1	1	4	1	1
3013910	1	1	3	1	6	2	2
3013911	1	1	1	1	4	1	1
3013912	1	1	1	1	4	1	1
3013913	1	1	3	5	6	2	2
3013914	1	1	3	5	5	2	2
3013915	1	1	1	1	4	1	1
3013916	1	1	3	5	2	2	2
3013917	1	1	1	1	4	1	1
3013918	1	1	3	5	6	2	2
3013919	1	1	1	5	4	1	1
3013920	1	1	3	1	2	2	2
3013922	1	1	1	1	4	1	1
3013924	1	1	3	3	5	2	2
3013925	1	1	3	1	6	2	2
3013926	1	1	1	1	4	1	1
3013928	1	1	1	1	4	1	1
3013929	1	1	1	1	4	1	1
3013932	1	1	1	1	4	1	1
3013934	1	1	1	1	4	1	1
3013935	1	1	1	1	4	1	1
3013942	1	1	1	1	4	1	1
3013945	1	1	1	1	6	1	1
3013948	1	1	1	1	4	1	1
3013953	1	1	1	1	4	1	1
3013954	1	1	1	1	4	1	1
3013955	1	1	1	1	4	1	1
3013956	1	1	1	1	4	1	1
3013957	1	1	1	1	4	1	1
3013959	1	1	1	1	4	1	1
3013960	1	1	1	1	4	1	1
3013961	1	1	1	1	4	1	1
3013962	1	1	1	1	4	1	1
3013963	1	1	1	1	4	1	1
3013964	1	1	1	1	4	1	1
3013965	1	1	1	1	4	1	1
3013966	1	1	1	1	4	1	1
3013967	1	1	1	1	4	1	1
3013968	1	1	1	1	5	1	1
3013969	1	1	1	1	4	1	1
3013970	1	1	1	1	4	1	1
3013971	1	1	1	1	4	1	1
3013972	1	1	1	1	4	1	1
3013973	1	1	1	1	4	1	1
3013974	1	1	1	1	2	1	1
3013975	1	1	1	1	4	1	1
3013976	1	1	1	1	4	1	1
3013977	1	1	1	1	6	1	1
3013978	1	1	1	1	4	1	1
3013979	1	1	1	1	4	1	1
3013980	1	1	1	1	4	1	1
3013981	1	1	1	1	4	1	1
3013982	1	1	1	1	4	1	1
3013983	1	1	1	1	5	1	1
3013984	1	1	3	5	5	2	2
3013985	1	1	1	1	4	1	1
3013987	1	1	3	1	6	2	2
3013988	1	1	1	1	4	1	1
3013989	1	1	1	1	6	1	1
3013990	1	1	1	1	4	1	1
3013991	1	1	1	1	4	1	1
3013992	1	1	3	1	6	2	2
3013993	1	1	1	1	4	1	1
3013994	1	1	1	1	4	1	1
3013995	1	1	3	1	6	2	2
3013996	1	1	1	1	4	1	1
3013997	1	1	1	1	4	1	1
3013998	1	1	1	1	4	1	1
3013999	1	1	1	1	4	1	1
3014001	1	1	3	1	6	2	2
3014002	1	1	1	1	4	1	1
3014004	1	1	1	1	4	1	1
3014006	1	1	1	1	4	1	1
3014008	1	1	1	1	4	1	1
3014009	1	1	1	1	4	1	1
3014010	1	1	1	1	4	1	1
3014012	1	1	1	1	4	1	1
3014013	1	1	1	1	4	1	1
3014014	1	1	1	1	4	1	1
3014016	1	1	1	1	4	1	1
3014018	1	1	3	5	5	2	2
3014019	1	1	1	1	4	1	1
3014020	1	1	3	5	6	2	2
3014021	1	1	3	1	4	2	2
3014022	1	1	1	1	4	1	1
3014023	1	1	3	1	6	2	2
3014024	1	1	1	1	4	1	1
3014025	1	1	1	1	4	1	1
3014026	1	1	3	1	6	2	2
3014027	1	1	1	1	4	1	1
3014028	1	1	3	1	6	2	2
3014030	1	1	1	1	4	1	1
3014036	1	1	1	1	4	1	1
3014037	1	1	1	1	4	1	1
3014040	1	1	1	1	4	1	1
3014041	1	1	1	1	4	1	1
3014042	1	1	3	1	4	2	2
3014043	1	1	1	1	4	1	1
3014044	1	1	1	1	4	1	1
3014045	1	1	1	1	4	1	1
3014046	1	1	1	1	4	1	1
3014048	1	1	1	1	4	1	1
3014049	1	1	1	1	4	1	1
3014050	1	1	1	1	4	1	1
3014052	1	1	1	1	4	1	1
3014054	1	1	1	1	4	1	1
3014055	1	1	3	1	4	2	2
3014056	1	1	1	1	3	1	1
3014057	1	1	1	1	4	1	1
3014059	1	1	1	1	4	1	1
3014061	1	1	1	1	4	1	1
3014062	1	1	1	1	4	1	1
3014063	1	1	1	1	4	1	1
3014064	1	1	1	1	4	1	1
3014065	1	1	1	1	4	1	1
3014070	1	1	1	1	4	1	1
3014071	1	1	1	1	4	1	1
3014073	1	1	1	1	4	1	1
3014075	1	1	1	1	4	1	1
3014086	1	1	1	1	4	1	1
3014088	1	1	1	1	4	1	1
3014090	1	1	1	1	4	1	1
3014092	1	1	1	1	4	1	1
3014093	1	1	1	1	4	1	1
3014094	1	1	1	1	4	1	1
3014095	1	1	1	1	4	1	1
3014096	1	1	1	1	4	1	1
3014097	1	1	1	1	4	1	1
3014098	1	1	1	1	4	1	1
3014114	1	1	1	1	4	1	1
3014116	1	1	1	1	4	1	1
3014119	1	1	1	1	4	1	1
3014125	1	1	1	1	4	1	1
3014129	1	1	1	1	4	1	1
3014135	1	1	1	1	4	1	1
3014137	1	1	3	1	6	2	2
3014138	1	1	1	1	4	1	1
3014140	1	1	3	1	4	2	2
3014141	1	1	1	1	4	1	1
3014146	1	1	1	1	4	1	1
3014147	1	1	1	1	4	1	1
3014157	1	1	1	1	4	1	1
3014164	1	1	1	1	4	1	1
3014165	1	1	1	1	4	1	1
3014166	1	1	1	1	4	1	1
3014167	1	1	1	1	4	1	1
3014168	1	1	3	1	6	2	2
3014169	1	1	3	1	6	2	2
3014170	1	1	3	1	6	2	2
3014171	1	1	1	1	4	1	1
3014172	1	1	1	1	4	1	1
3014173	1	1	1	1	4	1	1
3014174	1	1	1	1	4	1	1
3014175	1	1	1	1	4	1	1
3014176	1	1	1	1	4	1	1
3014177	1	1	1	1	4	1	1
3014179	1	1	1	1	4	1	1
3014180	1	1	1	1	4	1	1
3014181	1	1	1	1	4	1	1
3014182	1	1	1	1	4	1	1
3014183	1	1	1	1	4	1	1
3014184	1	1	1	1	4	1	1
3014186	1	1	1	1	1	1	1
3014187	1	1	1	1	2	1	1
3014190	1	1	1	1	4	1	1
3014192	1	1	1	1	4	1	1
3014196	1	1	1	1	4	1	1
3014222	1	1	1	1	6	1	1
3014223	1	1	1	1	6	1	1
3014225	1	1	1	1	6	1	1
3014226	1	1	1	1	6	1	1
3014227	1	1	1	1	6	1	1
3014228	1	1	1	1	6	1	1
3014229	1	1	1	1	6	1	1
3014230	1	1	1	1	6	1	1
3014231	1	1	1	1	6	1	1
3014232	1	1	1	1	6	1	1
3014233	1	1	1	1	6	1	1
3014234	1	1	1	1	6	1	1
3014236	1	1	1	1	6	2	1
3014237	1	1	1	1	6	1	1
3014238	1	1	1	1	6	1	1
3014239	1	1	1	1	6	1	1
3014240	1	1	1	1	4	2	1
3014241	1	1	1	1	6	2	1
3014242	1	1	1	1	4	2	1
3014243	1	1	1	1	4	2	1
3014244	1	1	1	1	6	2	1
3014245	1	1	1	1	6	2	1
3014246	1	1	1	1	6	1	1
3014247	1	1	1	1	6	1	1
3014248	1	1	1	1	6	1	1
3014249	1	1	1	1	6	1	1
3014250	1	1	1	1	6	1	1
3014251	1	1	1	1	4	1	1
3014252	1	1	1	1	4	1	1
3014253	1	1	1	1	4	1	1
3014254	1	1	1	1	6	1	1
3014255	1	1	1	1	4	1	1
3014256	1	1	1	1	4	1	1
3014257	1	1	1	1	4	1	1
3014258	1	1	1	1	4	1	1
3014259	1	1	1	1	6	1	1
3014260	1	1	1	1	4	1	1
3014270	1	1	1	1	4	1	1
3014271	1	1	1	1	4	1	1
3014274	1	1	3	1	6	2	1
3014276	1	1	1	1	6	1	1
3014277	1	1	1	1	4	1	1
3014278	1	1	1	1	4	1	1
3014283	1	1	1	1	4	2	2
3014284	1	1	1	1	4	2	1
3014285	1	1	1	1	4	1	1
3014286	1	1	1	1	4	1	1
3014287	1	1	1	1	6	1	1
3014288	1	1	1	1	4	1	1
3014304	1	1	2	1	6	1	1
3014305	1	1	1	1	4	1	1
3014306	1	1	1	1	4	1	1
3014307	1	1	1	1	4	1	1
3014308	1	1	1	1	4	1	1
3014309	1	1	1	1	4	1	1
3014320	1	1	1	1	4	1	1
3014321	1	1	1	1	6	1	1
3014322	1	1	1	1	6	1	1
3014336	1	1	1	1	2	1	1
3014337	1	1	1	1	4	1	1
3014338	1	1	1	1	1	1	1
3014339	1	1	1	1	4	1	1
3014342	1	1	1	1	4	1	1
3014343	1	1	1	1	4	1	1
3014346	1	1	1	1	4	1	1
3014347	1	1	1	1	2	1	1
3014348	1	1	1	1	4	1	1
3014349	1	1	1	1	4	1	1
3014350	1	1	1	1	1	1	1
3014351	1	1	1	1	2	1	1
3014352	1	1	1	1	4	1	1
3014353	1	1	1	1	4	1	1
3014354	1	1	1	1	4	1	1
3014355	1	1	1	1	4	1	1
3014356	1	1	1	1	4	1	1
3014357	1	1	1	1	4	1	1
3014358	1	1	1	1	4	1	1
3014359	1	1	1	1	5	1	1
3014360	1	1	1	1	2	1	1
3014361	1	1	1	1	4	1	1
3014362	1	1	1	1	1	1	1
3014363	1	1	1	1	4	1	1
3014364	1	1	1	1	4	1	1
3014365	1	1	1	1	4	1	1
3014366	1	1	1	1	6	1	1
3014367	1	1	1	1	4	1	1
3014368	1	1	1	1	4	1	1
3014369	1	1	1	1	4	1	1
3014370	1	1	1	1	4	1	1
3014371	1	1	1	1	6	1	1
3014372	1	1	1	1	4	1	1
3014373	1	1	1	1	6	1	1
3014374	1	1	1	1	4	1	1
3014375	1	1	1	1	4	1	1
3014376	1	1	1	1	4	1	1
3014377	1	1	1	1	6	1	1
3014378	1	1	1	1	4	1	1
3014379	1	1	1	1	4	1	1
3014380	1	1	1	1	4	1	1
3014381	1	1	1	1	6	1	1
3014382	1	1	1	1	4	1	1
3014383	1	1	1	1	4	1	1
3014384	1	1	1	1	4	1	1
3014385	1	1	1	1	4	1	1
3014388	1	1	1	1	6	1	1
3014389	1	1	1	1	6	1	1
3014390	1	1	1	1	5	1	1
3014391	1	1	1	1	4	1	1
3014392	1	1	1	1	5	1	1
3014393	1	1	1	1	2	1	1
3014394	1	1	1	1	2	1	1
3014396	1	1	1	1	4	1	1
3014397	1	1	1	1	4	1	1
3014398	1	1	1	1	4	1	1
3014399	1	1	1	1	4	1	1
3014400	1	1	1	1	4	1	1
3014402	1	1	2	1	6	1	1
3014403	1	1	1	1	4	1	1
3014404	1	1	1	1	6	1	1
3014405	1	1	1	1	4	1	1
3014406	1	1	1	1	6	1	1
3014408	1	1	1	1	4	1	1
3014409	1	1	1	1	4	1	1
3014410	1	1	1	1	4	1	1
3014411	1	1	1	1	6	1	1
3014412	1	1	1	1	4	1	1
3014413	1	1	1	1	4	1	1
3014414	1	1	1	1	4	1	1
3014415	1	1	1	1	4	1	1
3014417	1	1	1	1	6	1	1
3014418	1	1	1	1	4	1	1
3014419	1	1	1	1	4	1	1
3014420	1	1	1	1	4	1	1
3014421	1	1	1	1	4	1	1
3014422	1	1	1	1	4	1	1
3014423	1	1	1	1	4	1	1
3014425	1	1	1	1	4	1	1
3014426	1	1	1	1	6	1	1
3014427	1	1	1	1	4	1	1
3014428	1	1	1	1	4	1	1
3014430	1	1	1	1	4	1	1
3014431	1	1	1	1	4	1	1
3014432	1	1	1	1	4	1	1
3014433	1	1	1	1	4	1	1
3014434	1	1	1	1	2	1	1
3014435	1	1	1	1	4	1	1
3014436	1	1	1	1	5	1	1
3014437	1	1	1	1	4	1	1
3014438	1	1	1	1	4	1	1
3014439	1	1	1	1	4	1	1
3014440	1	1	1	1	4	1	1
3014441	1	1	1	1	4	1	1
3014443	1	1	1	1	4	1	1
3014446	1	1	1	1	4	1	1
3014447	1	1	1	1	4	1	1
3014448	1	1	1	1	4	1	1
3014449	1	1	1	1	4	1	1
3014450	1	1	1	1	6	1	1
3014451	1	1	1	1	4	1	1
3014452	1	1	1	1	4	1	1
3014453	1	1	1	1	1	1	1
3014454	1	1	1	1	4	1	1
3014455	1	1	1	1	4	1	1
3014456	1	1	1	1	4	1	1
3014457	1	1	1	1	4	1	2
3014458	1	1	1	1	2	1	1
3014459	1	1	1	1	6	1	1
3014460	1	1	1	1	4	1	1
3014461	1	1	1	1	5	1	1
3014462	1	1	1	1	4	1	1
3014463	1	1	1	1	2	1	1
3014464	1	1	1	1	4	1	1
3014465	1	1	1	1	5	1	1
3014466	1	1	1	1	4	1	1
3014467	1	1	1	1	6	1	1
3014468	1	1	1	1	4	1	1
3014469	1	1	1	1	4	2	2
3014470	1	1	1	1	4	1	1
3014471	1	1	1	1	4	1	1
3014472	1	1	1	1	4	1	1
3014473	1	1	1	1	4	1	1
3014474	1	1	1	1	4	1	1
3014475	1	1	1	1	5	1	1
3014476	1	1	1	1	1	1	1
3014477	1	1	1	1	2	1	1
3014478	1	1	1	1	4	1	1
3014479	1	1	1	1	2	1	1
3014480	1	1	1	1	4	1	1
3014481	1	1	1	1	4	1	1
3014482	1	1	1	1	4	1	1
3014483	1	1	1	1	4	1	1
3014484	1	1	1	1	4	1	1
3014485	1	1	1	1	4	1	1
3014486	1	1	1	1	4	1	1
3014487	1	1	1	1	4	1	1
3014488	1	1	1	1	4	1	1
3014489	1	1	1	1	4	1	1
3014490	1	1	1	1	4	1	1
3014491	1	1	1	1	6	1	1
3014492	1	1	1	1	4	1	1
3014493	1	1	1	1	4	1	1
3014494	1	1	1	1	4	1	1
3014495	1	1	1	1	4	1	1
3014496	1	1	1	1	4	1	1
3014497	1	1	1	1	4	1	1
3014498	1	1	1	1	4	1	1
3014499	1	1	1	1	4	1	1
3014500	1	1	1	1	4	1	1
3014501	1	1	1	1	4	1	1
3014503	1	1	1	1	6	1	2
3014504	1	1	1	5	5	1	1
3014506	1	1	1	1	4	1	1
3014507	1	1	1	1	4	1	1
3014508	1	1	1	1	4	1	1
3014509	1	1	1	1	4	1	1
3014510	1	1	1	1	4	1	1
3014511	1	1	1	1	4	1	1
3014512	1	1	1	1	4	1	1
3014513	1	1	1	1	4	1	1
3014514	1	1	1	1	6	1	1
3014515	1	1	1	1	4	1	1
3014517	1	1	1	1	4	1	1
3014518	1	1	1	1	4	1	1
3014520	1	1	1	1	4	1	1
3014521	1	1	1	1	4	1	1
3014522	1	1	1	1	4	1	1
3014523	1	1	1	1	4	1	1
3014524	1	1	1	1	4	1	1
3014525	1	1	1	1	4	1	1
3014526	1	1	1	1	4	1	1
3014527	1	1	1	1	6	1	1
3014528	1	1	1	1	4	1	1
3014529	1	1	1	1	4	1	1
3014530	1	1	1	1	4	1	1
3014531	1	1	1	1	4	1	1
3014532	1	1	1	1	6	1	1
3014533	1	1	1	1	4	1	1
3014534	1	1	1	1	3	1	1
3014535	1	1	1	1	4	1	1
3014536	1	1	1	1	4	1	1
3014537	1	1	1	1	4	1	1
3014538	1	1	1	1	4	1	1
3014539	1	1	1	1	4	1	1
3014540	1	1	1	1	4	1	1
3014541	1	1	1	1	4	1	1
3014542	1	1	1	1	4	1	1
3014543	1	1	1	1	4	1	1
3014544	1	1	1	5	6	1	2
3014545	1	1	1	1	4	1	1
3014546	1	1	1	1	4	1	1
3014547	1	1	1	1	4	1	1
3014548	1	1	1	1	4	1	1
3014550	1	1	1	1	4	1	1
3014551	1	1	1	1	4	1	1
3014552	1	1	1	1	4	1	1
3014553	1	1	1	1	4	1	1
3014554	1	1	1	1	4	1	1
3014555	1	1	1	1	6	1	1
3014556	1	1	1	1	4	1	1
3014557	1	1	1	1	4	1	1
3014558	1	1	1	1	2	1	1
3014559	1	1	1	1	6	1	1
3014560	1	1	1	1	4	1	1
3014561	1	1	1	1	4	1	1
3014562	1	1	1	1	6	1	1
3014563	1	1	1	1	4	1	1
3014564	1	1	1	1	6	1	1
3014565	1	1	1	1	4	1	1
3014566	1	1	1	1	6	1	1
3014567	1	1	1	1	2	1	1
3014568	1	1	1	1	6	1	1
3014569	1	1	1	6	5	1	1
3014570	1	1	1	1	4	1	1
3014571	1	1	1	1	1	1	1
3014572	1	1	1	1	4	1	1
3014573	1	1	1	1	2	1	1
3014574	1	1	1	1	4	2	2
3014575	1	1	1	1	4	1	1
3014576	1	1	1	1	4	1	1
3014577	1	1	1	1	4	1	1
3014578	1	1	1	1	4	1	1
3014580	1	1	1	1	4	1	1
3014581	1	1	1	1	4	1	1
3014582	1	1	1	1	4	1	1
3014583	1	1	1	1	4	1	1
3014584	1	1	1	1	4	1	1
3014585	1	1	1	1	4	1	1
3014586	1	1	1	1	2	1	1
3014587	1	1	1	1	4	1	1
3014603	1	1	1	1	6	1	1
3014605	1	1	1	1	6	1	1
3014606	1	1	1	1	4	1	1
3014607	1	1	1	1	4	1	1
3014608	1	1	1	1	4	1	1
3014616	1	1	1	1	4	1	1
3014617	1	1	1	1	4	1	1
3014618	1	1	1	1	4	1	1
3014619	1	1	1	1	4	1	1
3014620	1	1	1	1	4	1	1
3014621	1	1	1	1	4	1	1
3014622	1	1	1	1	4	1	1
3014625	1	1	1	1	2	1	1
3014626	1	1	1	1	4	1	1
3014627	1	1	1	1	4	1	1
3014628	1	1	1	1	4	1	1
3014629	1	1	1	5	1	1	1
3014630	1	1	1	1	4	1	1
3014631	1	1	1	1	4	1	1
3014632	1	1	1	1	4	1	1
3014633	1	1	1	1	4	1	1
3014634	1	1	1	1	4	1	1
3014635	1	1	1	1	4	1	1
3014636	1	1	1	1	4	1	1
3014637	1	1	1	1	4	1	1
3014638	1	1	1	1	4	1	1
3014639	1	1	1	1	4	1	1
3014640	1	1	1	1	4	1	1
3014641	1	1	1	1	4	1	1
3014642	1	1	1	1	4	1	1
3014643	1	1	1	1	4	1	1
3014644	1	1	1	1	4	1	1
3014645	1	1	1	1	6	1	1
3014646	1	1	1	1	6	1	1
3014647	1	1	1	1	4	1	1
3014648	1	1	1	1	6	1	1
3014649	1	1	1	1	4	1	1
3014650	1	1	1	1	6	1	1
3014651	1	1	1	1	4	1	1
3014652	1	1	1	1	4	1	1
3014653	1	1	1	1	4	1	1
3014654	1	1	1	1	4	1	1
3014655	1	1	1	1	4	1	1
3014656	1	1	1	1	4	1	1
3014657	1	1	1	1	5	1	1
3014658	1	1	1	1	4	1	1
3014659	1	1	1	1	4	1	1
3014660	1	1	1	1	4	1	1
3014661	1	1	1	1	4	1	1
3014662	1	1	1	1	4	1	1
3014663	1	1	1	1	4	1	1
3014664	1	1	1	1	4	1	1
3014665	1	1	1	1	4	1	1
3014666	1	1	1	1	2	1	1
3014667	1	1	1	1	1	1	1
3014668	1	1	1	1	4	1	1
3014669	1	1	1	1	2	1	1
3014670	1	1	1	1	1	1	1
3014671	1	1	1	1	4	1	1
3014672	1	1	1	1	4	1	1
3014673	1	1	1	1	4	1	1
3014674	1	1	1	1	2	1	1
3014675	1	1	1	1	2	1	1
3014676	1	1	1	1	4	1	1
3014677	1	1	1	5	6	1	1
3014678	1	1	1	1	4	1	1
3014679	1	1	1	1	4	1	1
3014680	1	1	1	1	2	1	1
3014681	1	1	1	1	4	1	1
3014682	1	1	1	1	4	1	1
3014683	1	1	1	1	6	1	1
3014684	1	1	1	1	2	1	1
3014685	1	1	1	1	4	1	1
3014686	1	1	1	1	6	1	1
3014687	1	1	1	1	6	1	1
3014688	1	1	1	5	1	1	1
3014689	1	1	1	1	4	1	1
3014690	1	1	1	1	4	1	1
3014691	1	1	1	1	4	1	1
3014692	1	1	1	1	4	1	1
3014693	1	1	1	1	4	1	1
3014694	1	1	1	1	4	1	1
3014695	1	1	1	1	4	1	1
3014696	1	1	1	1	4	1	1
3014697	1	1	1	1	4	1	1
3014733	1	1	1	1	6	1	1
3014734	1	1	1	1	4	1	1
3014736	1	1	1	1	4	1	1
3014742	1	1	2	1	6	2	2
3014743	1	1	2	1	6	1	1
3014747	1	1	3	1	6	2	2
3014748	1	1	3	1	6	2	2
3014750	1	1	3	1	6	2	2
3014751	1	1	3	1	6	2	1
3014757	1	1	1	1	4	1	1
3014758	1	1	1	1	4	1	1
3014759	1	1	1	1	4	1	1
3014761	1	1	1	1	4	1	1
3014762	1	1	1	1	4	1	1
3014763	1	1	1	1	6	1	1
3014764	1	1	1	1	4	1	1
3014765	1	1	1	1	4	1	1
3014766	1	1	1	1	4	1	1
3014767	1	1	1	1	4	1	1
3014769	1	1	1	1	4	1	1
3014770	1	1	1	1	4	1	1
3014772	1	1	1	1	4	1	1
3014773	1	1	1	1	4	1	1
3014774	1	1	1	1	4	1	1
3014776	1	1	1	1	4	1	1
3014777	1	1	1	1	4	1	1
3014778	1	1	1	1	4	1	1
3014779	1	1	1	1	4	1	1
3014780	1	1	1	1	4	1	1
3014781	1	1	3	1	4	2	2
3014782	1	1	3	1	6	2	2
3014783	1	1	3	1	6	2	2
3014784	1	1	3	1	6	2	2
3014785	1	1	1	1	4	1	1
3014786	1	1	3	1	4	2	2
3014787	1	1	3	1	6	2	2
3014789	1	1	1	1	4	1	1
3014790	1	1	1	1	4	1	1
3014791	1	1	1	1	4	1	1
3014792	1	1	1	1	4	1	1
3014794	1	1	1	1	4	1	1
3014795	1	1	1	1	4	1	1
3014796	1	1	1	1	4	1	1
3014799	1	1	1	1	4	1	1
3014801	1	1	1	1	4	1	1
3014802	1	1	2	1	6	2	1
3014803	1	1	1	1	6	1	1
3014804	1	1	2	1	6	2	1
3014805	1	1	2	1	6	2	1
3014806	1	1	2	1	6	2	1
3014808	1	1	1	1	4	1	1
3014815	1	1	1	1	4	1	1
3014820	1	1	1	1	4	1	1
3014821	1	1	1	1	4	1	1
3014848	1	1	3	2	6	2	1
3014851	1	1	3	1	4	1	1
3014852	1	1	3	1	6	2	1
3014853	1	1	3	1	6	2	1
3014855	1	1	3	1	6	2	1
3014856	1	1	3	1	4	2	2
3014857	1	1	3	1	6	2	1
3014858	1	1	3	1	4	2	1
3014863	1	1	3	1	6	2	2
3014868	1	1	1	1	4	1	1
3014869	1	1	3	1	6	2	2
3014870	1	1	1	1	4	1	1
3014871	1	1	1	1	4	1	1
3014872	1	1	1	1	6	1	1
3014873	1	1	1	1	4	1	1
3014874	1	1	3	1	6	2	2
3014875	1	1	1	1	4	1	1
3014877	1	1	1	1	4	1	1
3014878	1	1	1	1	4	1	1
3014879	1	1	1	1	4	1	1
3014880	1	1	1	1	4	1	1
3014881	1	1	1	1	4	1	1
3014882	1	1	1	1	4	1	1
3014883	1	1	1	1	4	1	1
3014884	1	1	1	1	4	1	1
3014885	1	1	1	1	4	1	1
3014886	1	1	1	1	4	1	1
3014887	1	1	1	1	4	1	1
3014888	1	1	1	1	4	1	1
3014889	1	1	1	1	1	1	1
3014890	1	1	1	1	4	1	1
3014891	1	1	1	1	4	1	1
3014892	1	1	1	1	4	1	1
3014893	1	1	1	1	4	1	1
3014895	1	1	3	1	4	1	1
3014896	1	1	3	1	4	1	2
3014897	1	1	3	1	6	1	1
3014899	1	1	3	1	6	1	1
3014900	1	1	3	1	6	1	1
3014902	1	1	3	1	6	2	1
3014904	1	1	1	1	4	1	1
3014907	1	1	3	1	5	1	1
3014919	1	1	1	1	4	1	1
3014939	1	1	1	1	4	1	1
3014940	1	1	1	1	4	1	1
3014941	1	1	1	1	4	1	1
3014942	1	1	1	1	4	1	1
3014944	1	1	1	1	1	1	1
3014946	1	1	1	1	4	1	1
3014947	1	1	1	1	4	1	1
3014948	1	1	1	1	4	1	1
3014949	1	1	1	1	4	1	1
3014958	1	1	1	1	4	1	1
3014959	1	1	1	1	4	1	1
3014965	1	1	1	1	4	1	1
3014966	1	1	1	1	4	1	1
3014967	1	1	1	1	4	1	1
3014968	1	1	1	1	4	1	1
3014969	1	1	1	1	4	1	1
3014970	1	1	1	1	4	1	1
3014973	1	1	1	1	4	1	1
3014974	1	1	1	1	4	1	1
3014975	1	1	1	1	4	1	1
3014976	1	1	1	1	4	1	1
3014977	1	1	1	1	4	1	1
3014978	1	1	1	1	4	1	1
3014982	1	1	1	1	4	1	1
3014986	1	1	1	1	4	1	1
3014987	1	1	1	1	4	1	1
3014988	1	1	1	1	4	1	1
3014989	1	1	1	1	4	1	1
3014990	1	1	1	1	4	1	1
3014991	1	1	1	1	6	1	1
3014992	1	1	1	1	6	1	1
3014993	1	1	1	1	4	1	1
3014994	1	1	1	1	4	1	1
3014995	1	1	1	1	4	1	1
3014996	1	1	1	1	4	1	1
3014997	1	1	1	1	4	1	1
3014998	1	1	1	1	4	1	1
3014999	1	1	1	1	4	1	1
3015000	1	1	1	1	4	1	1
3015001	1	1	1	1	4	1	1
3015002	1	1	1	1	4	1	1
3015003	1	1	1	1	4	1	1
3015004	1	1	1	1	4	1	1
3015005	1	1	1	1	4	1	1
3015006	1	1	1	1	4	1	1
3015007	1	1	1	1	4	1	1
3015008	1	1	1	1	6	1	1
3015009	1	1	1	1	4	1	1
3015010	1	1	1	1	6	1	1
3015011	1	1	1	1	4	1	1
3015012	1	1	1	1	4	1	1
3015013	1	1	1	1	4	1	1
3015014	1	1	1	1	4	1	1
3015015	1	1	1	1	1	1	1
3015016	1	1	1	1	4	1	1
3015017	1	1	1	1	4	1	1
3015018	1	1	1	1	4	1	1
3015019	1	1	1	1	4	1	1
3015020	1	1	1	1	4	1	1
3015021	1	1	1	1	4	1	1
3015022	1	1	1	1	6	2	1
3015023	1	1	1	1	6	2	1
3015024	1	1	1	1	6	1	1
3015025	1	1	1	1	4	1	1
3015026	1	1	1	1	4	1	1
3015027	1	1	1	1	4	1	1
3015028	1	1	1	1	4	1	1
3015030	1	1	1	1	4	1	1
3015031	1	1	1	1	6	1	1
3015032	1	1	1	1	6	1	1
3015033	1	1	1	1	4	1	1
3015034	1	1	1	1	4	1	1
3015035	1	1	1	1	4	1	1
3015036	1	1	1	1	4	1	1
3015051	1	1	1	1	4	1	1
3015052	1	1	1	1	2	1	1
3015054	1	1	1	1	4	1	1
3015055	1	1	1	1	4	1	1
3015056	1	1	1	1	4	1	1
3015057	1	1	1	1	4	1	1
3015058	1	1	1	1	4	1	1
3015060	1	1	1	1	4	1	1
3015062	1	1	1	1	4	1	1
3015067	1	1	1	1	4	1	1
3015069	1	1	1	1	4	1	1
3015072	1	1	1	1	4	1	1
3015073	1	1	1	1	4	1	1
3015075	1	1	1	1	4	1	1
3015076	1	1	1	1	4	1	1
3015077	1	1	1	1	4	1	1
3015078	1	1	1	1	4	1	1
3015079	1	1	1	1	2	1	1
3015080	1	1	1	1	4	1	1
3015082	1	1	1	1	4	1	1
3015084	1	1	1	1	4	1	1
3015085	1	1	1	1	4	1	1
3015086	1	1	1	1	4	1	1
3015087	1	1	1	1	4	1	1
3015088	1	1	1	1	4	1	1
3015089	1	1	1	1	4	1	1
3015090	1	1	1	1	4	1	1
3015091	1	1	1	1	4	1	1
3015092	1	1	1	1	4	1	1
3015093	1	1	1	1	1	1	1
3015094	1	1	1	1	4	1	1
3015095	1	1	1	1	4	1	1
3015132	1	1	1	1	4	1	1
3015133	1	1	1	1	4	1	1
3015134	1	1	1	1	4	1	1
3015135	1	1	1	1	4	1	1
3015136	1	1	1	1	5	1	1
3015137	1	1	1	1	4	1	1
3015138	1	1	1	1	4	1	1
3015139	1	1	1	1	4	1	1
3015140	1	1	1	1	4	1	1
3015141	1	1	1	1	4	1	1
3015142	1	1	1	1	4	1	1
3015143	1	1	1	1	4	1	1
3015144	1	1	1	1	4	1	1
3015145	1	1	1	1	4	1	1
3016622	1	1	3	1	6	2	2
3016624	1	1	1	1	4	1	1
3016628	1	1	1	1	4	1	1
3016630	1	1	1	1	4	1	1
3016632	1	1	1	1	4	1	1
3016634	1	1	3	1	6	2	2
3016640	1	1	3	5	6	2	2
3016642	1	1	3	1	7	2	2
3016644	1	1	3	2	7	2	2
3016646	1	1	3	1	7	2	2
3016648	1	1	1	1	7	1	1
3016650	1	1	1	1	2	1	1
3016654	1	1	3	1	6	2	1
3016656	1	1	3	1	4	2	1
3016658	1	1	1	1	6	1	1
3016660	1	1	1	1	4	1	1
3016662	1	1	3	1	6	2	2
3016664	1	1	3	4	7	2	1
3016666	1	1	3	2	4	2	1
3016668	1	1	3	1	4	2	2
3016672	1	1	3	1	4	2	1
3016678	1	1	1	1	4	1	1
3016680	1	1	3	5	6	2	1
3016682	1	1	3	2	7	2	1
3016686	1	1	3	2	7	2	2
3016688	1	1	3	1	6	2	2
3016690	1	1	3	1	6	2	2
3016692	1	1	1	1	4	1	1
3016698	1	1	1	1	4	1	1
3016700	1	1	1	1	4	1	1
3016702	1	1	1	1	4	1	1
3016704	1	1	1	1	4	1	1
3016706	1	1	1	1	4	1	1
3016708	1	1	1	1	4	1	1
3016710	1	1	1	1	4	1	1
3016712	1	1	1	1	4	1	1
3016714	1	1	1	1	4	1	1
3016716	1	1	1	1	4	1	1
3016718	1	1	1	1	6	1	1
3016720	1	1	2	1	6	1	1
3016724	1	1	1	1	4	1	1
3016726	1	1	1	1	4	1	1
3016728	1	1	1	1	4	1	1
3016742	1	1	1	1	4	1	1
3016744	1	1	1	1	4	1	1
3016746	1	1	1	1	4	1	1
3016748	1	1	1	1	4	1	1
3016750	1	1	1	1	4	1	1
3016752	1	1	1	1	1	1	1
3016754	1	1	1	1	4	1	1
3016756	1	1	1	1	4	1	1
3016758	1	1	1	1	4	1	1
3016760	1	1	1	1	4	1	1
3016762	1	1	1	1	4	1	1
3016764	1	1	1	1	4	1	1
3016766	1	1	1	1	2	1	1
3016768	1	1	1	1	4	1	1
3016770	1	1	1	1	4	1	1
3016772	1	1	1	1	4	1	1
3016774	1	1	1	1	4	1	1
3016776	1	1	1	1	4	1	1
3016778	1	1	1	1	4	1	1
3016780	1	1	1	1	4	1	1
3016782	1	1	1	1	4	1	1
3016784	1	1	1	1	2	1	1
3016786	1	1	1	1	4	1	1
3016788	1	1	1	1	2	1	1
3016790	1	1	1	1	1	1	1
3016792	1	1	1	1	4	1	1
3016794	1	1	1	1	4	1	1
3016796	1	1	1	1	4	1	1
3016798	1	1	1	1	4	1	1
3016800	1	1	1	1	4	1	1
3016802	1	1	1	1	4	1	1
3016804	1	1	1	1	4	1	1
3016806	1	1	1	1	4	1	1
3016808	1	1	1	1	4	1	1
3016810	1	1	1	1	5	1	1
3016812	1	1	1	1	4	1	1
3016814	1	1	1	1	4	1	1
3016816	1	1	1	1	4	1	1
3016818	1	1	1	1	4	1	1
3016820	1	1	1	1	4	1	1
3016822	1	1	1	1	4	1	1
3016826	1	1	1	1	4	1	1
3016828	1	1	1	1	2	1	1
3016830	1	1	1	1	4	1	1
3016832	1	1	1	1	4	1	1
3016834	1	1	1	1	4	1	1
3016836	1	1	1	1	4	1	1
3016838	1	1	1	1	4	1	1
3016840	1	1	1	1	4	1	1
3016842	1	1	1	1	4	1	1
3016844	1	1	1	1	4	1	1
3016846	1	1	1	1	4	1	1
3016848	1	1	1	1	4	1	1
3016850	1	1	1	1	4	1	1
3016852	1	1	1	1	4	1	1
3016854	1	1	1	1	4	1	1
3016856	1	1	1	1	4	1	1
3016858	1	1	1	1	4	1	1
3016860	1	1	1	1	4	1	1
3016862	1	1	1	1	4	1	1
3016864	1	1	1	1	4	1	1
3016866	1	1	1	1	4	1	1
3016868	1	1	1	1	4	1	1
3016870	1	1	1	1	4	1	1
3016872	1	1	1	1	4	1	1
3016874	1	1	1	1	4	1	1
3016876	1	1	1	1	4	1	1
3016878	1	1	1	1	4	1	1
3016880	1	1	1	1	4	1	1
3016882	1	1	1	1	4	1	1
3016884	1	1	1	1	4	1	1
3016886	1	1	1	1	4	1	1
3016888	1	1	1	1	4	1	1
3016890	1	1	1	1	4	1	1
3016892	1	1	1	1	4	1	1
3016894	1	1	1	1	4	1	1
3016896	1	1	1	1	4	1	1
3016898	1	1	1	1	4	1	1
3016900	1	1	1	1	4	1	1
3016902	1	1	1	1	4	1	1
3016904	1	1	1	1	4	1	1
3016906	1	1	1	1	4	1	1
3016908	1	1	1	1	4	1	1
3016910	1	1	1	1	4	1	1
3016912	1	1	1	1	4	1	1
3016914	1	1	1	1	4	1	1
3016916	1	1	1	1	4	1	1
3016918	1	1	1	1	4	1	1
3016920	1	1	1	1	4	1	1
3016954	1	1	1	1	4	1	1
3016956	1	1	1	1	4	1	1
3016958	1	1	1	1	4	1	1
3016962	1	1	1	1	4	1	1
3017024	1	1	1	1	4	1	1
3017200	1	1	1	1	4	1	1
3017201	1	1	1	1	4	1	1
3017202	1	1	1	6	3	1	1
3017203	1	1	1	1	3	1	1
3017204	1	1	1	1	3	1	1
3017205	1	1	1	1	4	1	1
3017206	1	1	3	1	4	2	1
3017207	1	1	1	1	4	1	1
3017208	1	1	1	2	2	1	1
3017210	1	1	1	1	1	1	1
3017211	1	1	1	1	4	1	1
3017212	1	1	1	1	4	1	1
3017213	1	1	1	1	4	1	1
3017214	1	1	1	1	4	1	1
3017215	1	1	1	1	4	1	1
3017216	1	1	1	1	4	1	1
3017217	1	1	1	1	4	1	1
3017218	1	1	1	1	3	1	1
3017219	1	1	1	1	4	1	1
3017220	1	1	1	1	4	1	1
3017221	1	1	1	1	4	1	1
3017222	1	1	1	1	4	1	1
3017223	1	1	1	1	2	1	1
3017224	1	1	1	1	4	1	1
3017225	1	1	1	1	4	1	1
3017226	1	1	1	1	4	1	1
3017227	1	1	1	1	5	1	1
3017228	1	1	1	1	4	1	1
3017230	1	1	1	1	4	1	1
3017237	1	1	1	1	4	1	1
3017238	1	1	1	1	4	1	1
3017239	1	1	1	1	4	1	1
3017240	1	1	1	1	4	1	1
3017241	1	1	1	1	4	1	1
3017242	1	1	1	1	4	1	1
3017243	1	1	1	1	4	1	1
3017244	1	1	1	1	4	1	1
3017245	1	1	1	1	4	1	1
3017246	1	1	1	1	4	1	1
3017247	1	1	1	1	4	1	1
3017248	1	1	1	1	4	1	1
3017249	1	1	1	1	4	1	1
3017250	1	1	1	1	5	1	1
3017251	1	1	1	1	4	1	1
3017252	1	1	1	1	4	1	1
3017253	1	1	1	1	4	1	1
3017254	1	1	1	1	4	1	1
3017255	1	1	1	1	4	1	1
3017256	1	1	1	1	4	1	1
3017257	1	1	1	1	4	1	1
3017258	1	1	1	1	4	1	1
3017259	1	1	1	1	4	1	1
3017260	1	1	1	1	4	1	1
3017261	1	1	1	1	4	1	1
3017262	1	1	1	1	4	1	1
3017263	1	1	1	1	4	1	1
3017264	1	1	1	1	4	1	1
3017265	1	1	1	1	4	1	1
3017266	1	1	1	1	4	1	1
3017674	1	1	1	1	4	1	1
3017676	1	1	1	1	4	1	1
3017677	1	1	1	1	4	1	1
3017678	1	1	3	1	7	2	2
3017679	1	1	3	1	7	2	2
3017680	1	1	1	1	4	1	1
3017681	1	1	1	1	6	1	1
3017682	1	1	3	5	6	2	2
3017683	1	1	3	5	7	2	2
3017684	1	1	1	1	4	1	1
3017685	1	1	1	1	4	1	1
3017686	1	1	3	1	6	2	1
3017687	1	1	3	1	4	2	2
3017688	1	1	3	1	6	2	2
3017689	1	1	3	1	4	2	1
3017690	1	1	3	1	4	2	1
3017691	1	1	3	2	7	2	1
3017692	1	1	3	2	6	2	2
3017693	1	1	3	2	6	2	1
3017694	1	1	3	5	4	2	2
3017695	1	1	3	5	5	2	2
3017696	1	1	3	2	7	2	2
3017697	1	1	1	1	4	1	1
3017709	1	1	1	1	4	1	1
3017766	1	1	1	1	4	1	1
3017782	1	1	1	1	4	1	1
3017791	1	1	1	1	4	1	1
3017792	1	1	1	1	4	1	1
3017793	1	1	1	1	4	1	1
3017794	1	1	1	1	4	1	1
3017795	1	1	1	1	4	1	1
3017796	1	1	1	1	4	1	1
3017797	1	1	1	1	4	1	1
3017798	1	1	1	1	5	1	1
3017799	1	1	1	1	4	1	1
3017800	1	1	1	1	4	1	1
3017802	1	1	1	1	4	1	1
3017803	1	1	1	1	4	1	1
3017804	1	1	1	1	4	1	1
3017805	1	1	1	1	4	1	1
3017806	1	1	1	1	4	1	1
3017807	1	1	1	1	4	1	1
3017808	1	1	1	1	5	1	1
3017809	1	1	1	1	4	1	1
3017810	1	1	1	1	4	1	1
3017811	1	1	1	1	4	1	1
3017843	1	1	1	1	4	1	1
3017844	1	1	1	1	4	1	1
